nohup: ignoring input
Generated 77737 points in 3D.
Voronoi cells have been created.
12 sites have been removed from the system.
The total number of sites of the current system doesn't match with the provided config file.
Warning: Site with id 77725 not found in the system.
Warning: Site with id 77726 not found in the system.
Warning: Site with id 77727 not found in the system.
Warning: Site with id 77728 not found in the system.
Warning: Site with id 77729 not found in the system.
Warning: Site with id 77730 not found in the system.
Warning: Site with id 77731 not found in the system.
Warning: Site with id 77732 not found in the system.
Warning: Site with id 77733 not found in the system.
Warning: Site with id 77734 not found in the system.
Warning: Site with id 77735 not found in the system.
Warning: Site with id 77736 not found in the system.
The quantum system has been built using the default solver.
Quantum system is generated using default.
EQsystem is successfully initialized.

=== Running phi=0.0800, Vbg=1.0000 ===
🔄 Full Hamiltonian rebuild (qparams change)
FSC qparams: {'Ufunc': <function QuantumSystem.update_U.<locals>.Ufunc at 0x7f1c86583790>, 'phi': 0.08}
QSystem params: {'Ufunc': <function QuantumSystem.update_U.<locals>.Ufunc at 0x7f1c86583790>, 'phi': 0.08}
The quantum problem has been initialized.
The poisson problem has been initialized.
Iteration counts: [0, 0, 0]

--- Iteration 0 ---
Qprime size   : 3440
max |ΔU|      : 2.554e-14
max |ΔU| norm  : 6.411e-13
max |Δn|      : 6.617e-14
max |Δn| norm  : 6.571e-13
-0.0026016616821394286 0.0009022263570894841
Iteration counts: [0, 0, 1]

--- Iteration 1 ---
Qprime size   : 3440
max |ΔU|      : 3.332e-03
max |ΔU| norm  : 3.359e-01
max |Δn|      : 1.149e-02
max |Δn| norm  : 9.439e-02
max |ΔILDOS|  : 3.521e+02
last Poisson  : 13.119 s
last Quantum  : 13.379 s
-0.0010945127055189728 0.00037432685334267253
Iteration counts: [0, 1, 1]

--- Iteration 2 ---
Qprime size   : 3440
max |ΔU|      : 1.347e-03
max |ΔU| norm  : 1.377e-01
max |Δn|      : 2.915e-03
max |Δn| norm  : 4.553e-02
max |ΔILDOS|  : 3.521e+02
last Poisson  : 13.708 s
last Quantum  : 13.379 s
-0.0008729497936987898 0.0002988698421157549
Iteration counts: [0, 2, 1]

--- Iteration 3 ---
Qprime size   : 3440
max |ΔU|      : 1.076e-03
max |ΔU| norm  : 1.099e-01
max |Δn|      : 2.658e-03
max |Δn| norm  : 3.806e-02
max |ΔILDOS|  : 3.521e+02
last Poisson  : 13.687 s
last Quantum  : 13.379 s
-0.0007008150667711554 0.00023984511795267495
Iteration counts: [0, 3, 1]

--- Iteration 4 ---
Qprime size   : 3440
max |ΔU|      : 8.629e-04
max |ΔU| norm  : 8.823e-02
max |Δn|      : 2.849e-03
max |Δn| norm  : 3.187e-02
max |ΔILDOS|  : 3.521e+02
last Poisson  : 13.540 s
last Quantum  : 13.379 s
-0.0005588932882988064 0.00019147498507240387
Iteration counts: [0, 4, 1]

--- Iteration 5 ---
Qprime size   : 3440
max |ΔU|      : 6.875e-04
max |ΔU| norm  : 7.042e-02
max |Δn|      : 2.592e-03
max |Δn| norm  : 2.843e-02
max |ΔILDOS|  : 3.521e+02
last Poisson  : 13.611 s
last Quantum  : 13.379 s
-0.0004485090093994665 0.0001536115596256618
Iteration counts: [0, 4, 2]

--- Iteration 6 ---
Qprime size   : 3440
max |ΔU|      : 5.522e-04
max |ΔU| norm  : 5.652e-02
max |Δn|      : 2.986e-03
max |Δn| norm  : 2.622e-02
max |ΔILDOS|  : 5.895e+02
last Poisson  : 13.638 s
last Quantum  : 13.189 s
0.00037484543931919203 -0.00012882572949414982
Iteration counts: [0, 4, 3]

--- Iteration 7 ---
Qprime size   : 3440
max |ΔU|      : 6.539e-04
max |ΔU| norm  : 4.840e-02
max |Δn|      : 3.416e-03
max |Δn| norm  : 3.486e-02
max |ΔILDOS|  : 3.518e+02
last Poisson  : 13.877 s
last Quantum  : 13.001 s
0.0002193956968393496 -7.549095728913351e-05
Iteration counts: [0, 5, 3]

--- Iteration 8 ---
Qprime size   : 3440
max |ΔU|      : 3.633e-04
max |ΔU| norm  : 2.795e-02
max |Δn|      : 2.700e-03
max |Δn| norm  : 3.560e-02
max |ΔILDOS|  : 3.518e+02
last Poisson  : 14.217 s
last Quantum  : 13.001 s
0.00017413263317634934 -6.001912611475354e-05
Iteration counts: [0, 6, 3]

--- Iteration 9 ---
Qprime size   : 3440
max |ΔU|      : 2.753e-04
max |ΔU| norm  : 2.207e-02
max |Δn|      : 2.198e-03
max |Δn| norm  : 2.440e-02
max |ΔILDOS|  : 3.518e+02
last Poisson  : 13.981 s
last Quantum  : 13.001 s
0.0001381986668523128 -4.773442696928532e-05
Iteration counts: [0, 6, 4]

--- Iteration 10 ---
Qprime size   : 3440
max |ΔU|      : 2.123e-04
max |ΔU| norm  : 1.751e-02
max |Δn|      : 2.497e-03
max |Δn| norm  : 1.947e-02
max |ΔILDOS|  : 3.616e+02
last Poisson  : 14.165 s
last Quantum  : 10.869 s
1.1403090583132677e-06 -2.5723504145489836e-07
Iteration counts: [0, 6, 5]

--- Iteration 11 ---
Qprime size   : 3440
max |ΔU|      : 1.889e-04
max |ΔU| norm  : 3.704e-03
max |Δn|      : 3.054e-03
max |Δn| norm  : 4.308e-02
max |ΔILDOS|  : 2.791e+02
last Poisson  : 14.333 s
last Quantum  : 11.275 s
8.174268777071319e-06 -2.273553739029745e-06
Iteration counts: [0, 7, 5]

--- Iteration 12 ---
Qprime size   : 3440
max |ΔU|      : 1.387e-04
max |ΔU| norm  : 3.701e-03
max |Δn|      : 3.135e-03
max |Δn| norm  : 2.602e-02
max |ΔILDOS|  : 2.791e+02
last Poisson  : 14.464 s
last Quantum  : 11.275 s
5.716123930732377e-06 -1.577394457199032e-06
Iteration counts: [0, 7, 6]

--- Iteration 13 ---
Qprime size   : 3440
max |ΔU|      : 1.229e-04
max |ΔU| norm  : 3.273e-03
max |Δn|      : 2.471e-03
max |Δn| norm  : 1.742e-02
max |ΔILDOS|  : 3.147e+02
last Poisson  : 14.327 s
last Quantum  : 11.833 s
3.5075091353691546e-07 -1.5977015762777502e-07
Iteration counts: [0, 7, 7]

--- Iteration 14 ---
Qprime size   : 3440
max |ΔU|      : 1.913e-04
max |ΔU| norm  : 3.682e-03
max |Δn|      : 3.261e-03
max |Δn| norm  : 3.042e-02
max |ΔILDOS|  : 2.557e+02
last Poisson  : 14.540 s
last Quantum  : 10.887 s
2.7324992520403378e-06 -8.081214958695357e-07
Iteration counts: [0, 8, 7]

--- Iteration 15 ---
Qprime size   : 3440
max |ΔU|      : 1.079e-04
max |ΔU| norm  : 2.118e-03
max |Δn|      : 2.811e-03
max |Δn| norm  : 2.920e-02
max |ΔILDOS|  : 2.557e+02
last Poisson  : 14.646 s
last Quantum  : 10.887 s
2.568440021982291e-06 -7.430022416858209e-07
Iteration counts: [0, 8, 8]

--- Iteration 16 ---
Qprime size   : 3440
max |ΔU|      : 9.400e-05
max |ΔU| norm  : 2.159e-03
max |Δn|      : 2.300e-03
max |Δn| norm  : 1.831e-02
max |ΔILDOS|  : 2.711e+02
last Poisson  : 14.342 s
last Quantum  : 12.717 s
-4.550172226631363e-06 1.2707948973236242e-06
Iteration counts: [0, 8, 9]

--- Iteration 17 ---
Qprime size   : 3440
max |ΔU|      : 1.859e-04
max |ΔU| norm  : 3.846e-03
max |Δn|      : 3.303e-03
max |Δn| norm  : 3.259e-02
max |ΔILDOS|  : 2.840e+02
last Poisson  : 14.581 s
last Quantum  : 12.201 s
-6.594777053118397e-07 1.66115761830234e-07
Iteration counts: [0, 9, 9]

--- Iteration 18 ---
Qprime size   : 3440
max |ΔU|      : 1.172e-04
max |ΔU| norm  : 2.381e-03
max |Δn|      : 3.057e-03
max |Δn| norm  : 2.719e-02
max |ΔILDOS|  : 2.840e+02
last Poisson  : 14.656 s
last Quantum  : 12.201 s
7.46952949397475e-07 -2.0349300334234307e-07
Iteration counts: [0, 9, 10]

--- Iteration 19 ---
Qprime size   : 3440
max |ΔU|      : 9.112e-05
max |ΔU| norm  : 2.274e-03
max |Δn|      : 2.328e-03
max |Δn| norm  : 1.736e-02
max |ΔILDOS|  : 2.801e+02
last Poisson  : 14.630 s
last Quantum  : 12.235 s
5.611089498282211e-07 -1.4236036884255495e-07
Iteration counts: [0, 9, 11]

--- Iteration 20 ---
Qprime size   : 3440
max |ΔU|      : 1.823e-04
max |ΔU| norm  : 3.577e-03
max |Δn|      : 2.947e-03
max |Δn| norm  : 3.003e-02
max |ΔILDOS|  : 2.567e+02
last Poisson  : 14.777 s
last Quantum  : 9.734 s
-7.215051534839852e-08 4.495556837341201e-09
Iteration counts: [0, 10, 11]

--- Iteration 21 ---
Qprime size   : 3440
max |ΔU|      : 1.025e-04
max |ΔU| norm  : 1.997e-03
max |Δn|      : 2.945e-03
max |Δn| norm  : 2.919e-02
max |ΔILDOS|  : 2.567e+02
last Poisson  : 14.554 s
last Quantum  : 9.734 s
5.812987710425771e-07 -1.6790689888396064e-07
Iteration counts: [0, 10, 12]

--- Iteration 22 ---
Qprime size   : 3440
max |ΔU|      : 8.845e-05
max |ΔU| norm  : 1.997e-03
max |Δn|      : 2.297e-03
max |Δn| norm  : 1.848e-02
max |ΔILDOS|  : 2.628e+02
last Poisson  : 14.625 s
last Quantum  : 11.062 s
-2.2153080173962376e-07 7.515909533908789e-08
Iteration counts: [0, 10, 13]

--- Iteration 23 ---
Qprime size   : 3440
max |ΔU|      : 1.887e-04
max |ΔU| norm  : 3.633e-03
max |Δn|      : 2.854e-03
max |Δn| norm  : 3.264e-02
max |ΔILDOS|  : 2.706e+02
last Poisson  : 16.187 s
last Quantum  : 12.176 s
-2.4734489772192885e-07 6.608128527156969e-08
Iteration counts: [0, 11, 13]

--- Iteration 24 ---
Qprime size   : 3440
max |ΔU|      : 1.124e-04
max |ΔU| norm  : 2.148e-03
max |Δn|      : 2.988e-03
max |Δn| norm  : 2.952e-02
max |ΔILDOS|  : 2.706e+02
last Poisson  : 14.863 s
last Quantum  : 12.176 s
1.2299727462504093e-07 -3.650626743417521e-08
Iteration counts: [0, 11, 14]

--- Iteration 25 ---
Qprime size   : 3440
max |ΔU|      : 9.195e-05
max |ΔU| norm  : 2.183e-03
max |Δn|      : 2.297e-03
max |Δn| norm  : 1.770e-02
max |ΔILDOS|  : 2.752e+02
last Poisson  : 14.808 s
last Quantum  : 11.031 s
-2.4829174631336687e-07 8.759851499209581e-08
Iteration counts: [0, 11, 15]

--- Iteration 26 ---
Qprime size   : 3440
max |ΔU|      : 1.784e-04
max |ΔU| norm  : 3.496e-03
max |Δn|      : 3.031e-03
max |Δn| norm  : 3.216e-02
max |ΔILDOS|  : 2.460e+02
last Poisson  : 15.013 s
last Quantum  : 10.961 s
-1.104399743663658e-07 -6.086428236494105e-09
Iteration counts: [0, 12, 15]

--- Iteration 27 ---
Qprime size   : 3440
max |ΔU|      : 1.160e-04
max |ΔU| norm  : 2.020e-03
max |Δn|      : 3.089e-03
max |Δn| norm  : 2.990e-02
max |ΔILDOS|  : 2.460e+02
last Poisson  : 15.723 s
last Quantum  : 10.961 s
1.8487600712422248e-07 -7.552449835130537e-08
Iteration counts: [0, 12, 16]

--- Iteration 28 ---
Qprime size   : 3440
max |ΔU|      : 8.905e-05
max |ΔU| norm  : 1.968e-03
max |Δn|      : 2.444e-03
max |Δn| norm  : 1.904e-02
max |ΔILDOS|  : 2.594e+02
last Poisson  : 15.137 s
last Quantum  : 15.655 s
3.363356448000019e-07 -5.624006938744207e-08
Iteration counts: [0, 12, 17]

--- Iteration 29 ---
Qprime size   : 3440
max |ΔU|      : 1.741e-04
max |ΔU| norm  : 3.543e-03
max |Δn|      : 2.992e-03
max |Δn| norm  : 3.252e-02
max |ΔILDOS|  : 2.545e+02
last Poisson  : 15.108 s
last Quantum  : 12.761 s
-1.3125097582923214e-06 3.6210356138035384e-07
Reached maximum iteration count.
✔ Logged phi=0.0800, Vbg=1.0000

=== Running phi=0.0800, Vbg=1.1667 ===
🔄 Full Hamiltonian rebuild (qparams change)
The poisson problem has been initialized.
Iteration counts: [0, 0, 0]

--- Iteration 0 ---
Qprime size   : 3392
max |ΔU|      : 4.463e-14
max |ΔU| norm  : 7.169e-13
max |Δn|      : 1.095e-13
max |Δn| norm  : 7.841e-13
-0.0007914865451069819 0.0002729740804608818
Iteration counts: [0, 0, 1]

--- Iteration 1 ---
Qprime size   : 3392
max |ΔU|      : 1.180e-03
max |ΔU| norm  : 1.021e-01
max |Δn|      : 2.396e-03
max |Δn| norm  : 3.607e-02
max |ΔILDOS|  : 4.743e+02
last Poisson  : 16.490 s
last Quantum  : 13.248 s
-0.0015194581952239483 0.0005190300262410602
Iteration counts: [0, 1, 1]

--- Iteration 2 ---
Qprime size   : 3392
max |ΔU|      : 1.958e-03
max |ΔU| norm  : 1.933e-01
max |Δn|      : 4.211e-03
max |Δn| norm  : 5.975e-02
max |ΔILDOS|  : 4.743e+02
last Poisson  : 16.871 s
last Quantum  : 13.248 s
-0.0012141645695912555 0.0004149689378373056
Iteration counts: [0, 2, 1]

--- Iteration 3 ---
Qprime size   : 3392
max |ΔU|      : 1.563e-03
max |ΔU| norm  : 1.545e-01
max |Δn|      : 3.299e-03
max |Δn| norm  : 4.691e-02
max |ΔILDOS|  : 4.743e+02
last Poisson  : 16.410 s
last Quantum  : 13.248 s
-0.0009705239754062474 0.0003318595463668823
Iteration counts: [0, 3, 1]

--- Iteration 4 ---
Qprime size   : 3392
max |ΔU|      : 1.249e-03
max |ΔU| norm  : 1.236e-01
max |Δn|      : 2.601e-03
max |Δn| norm  : 3.708e-02
max |ΔILDOS|  : 4.743e+02
last Poisson  : 16.067 s
last Quantum  : 13.248 s
-0.0007764219706679149 0.0002655908893617857
Iteration counts: [0, 4, 1]

--- Iteration 5 ---
Qprime size   : 3392
max |ΔU|      : 9.972e-04
max |ΔU| norm  : 9.891e-02
max |Δn|      : 2.081e-03
max |Δn| norm  : 2.948e-02
max |ΔILDOS|  : 4.743e+02
last Poisson  : 17.058 s
last Quantum  : 13.248 s
-0.0006210692339779373 0.00021252946306524027
Iteration counts: [0, 4, 2]

--- Iteration 6 ---
Qprime size   : 3392
max |ΔU|      : 7.978e-04
max |ΔU| norm  : 7.916e-02
max |Δn|      : 1.842e-03
max |Δn| norm  : 2.376e-02
max |ΔILDOS|  : 3.703e+02
last Poisson  : 15.873 s
last Quantum  : 14.447 s
0.000507520689432901 -0.00017379289276524994
Iteration counts: [0, 4, 3]

--- Iteration 7 ---
Qprime size   : 3392
max |ΔU|      : 7.075e-04
max |ΔU| norm  : 6.483e-02
max |Δn|      : 4.993e-03
max |Δn| norm  : 3.589e-02
max |ΔILDOS|  : 3.703e+02
last Poisson  : 14.214 s
last Quantum  : 15.776 s
0.00031047738673558933 -0.00010654297787209365
Iteration counts: [0, 5, 3]

--- Iteration 8 ---
Qprime size   : 3392
max |ΔU|      : 4.263e-04
max |ΔU| norm  : 3.961e-02
max |Δn|      : 2.306e-03
max |Δn| norm  : 1.875e-02
max |ΔILDOS|  : 3.703e+02
last Poisson  : 14.999 s
last Quantum  : 15.776 s
0.00024857334844827493 -8.53306283545318e-05
Iteration counts: [0, 5, 4]

--- Iteration 9 ---
Qprime size   : 3392
max |ΔU|      : 3.402e-04
max |ΔU| norm  : 3.172e-02
max |Δn|      : 1.790e-03
max |Δn| norm  : 1.438e-02
max |ΔILDOS|  : 3.526e+02
last Poisson  : 14.992 s
last Quantum  : 11.621 s
8.390916276980092e-05 -2.9451904479103915e-05
Iteration counts: [0, 5, 5]

--- Iteration 10 ---
Qprime size   : 3392
max |ΔU|      : 1.299e-04
max |ΔU| norm  : 1.085e-02
max |Δn|      : 2.439e-03
max |Δn| norm  : 1.332e-02
max |ΔILDOS|  : 1.589e+02
last Poisson  : 16.184 s
last Quantum  : 11.506 s
5.3673166997072874e-05 -1.8660811422591262e-05
Iteration counts: [0, 5, 6]

--- Iteration 11 ---
Qprime size   : 3392
max |ΔU|      : 1.073e-04
max |ΔU| norm  : 6.916e-03
max |Δn|      : 2.376e-03
max |Δn| norm  : 1.005e-02
max |ΔILDOS|  : 1.009e+02
last Poisson  : 15.970 s
last Quantum  : 12.469 s
3.345870431640871e-05 -1.1617384806629994e-05
Iteration counts: [0, 5, 7]

--- Iteration 12 ---
Qprime size   : 3392
max |ΔU|      : 1.165e-04
max |ΔU| norm  : 4.318e-03
max |Δn|      : 2.224e-03
max |Δn| norm  : 1.160e-02
max |ΔILDOS|  : 7.372e+01
last Poisson  : 15.804 s
last Quantum  : 13.152 s
1.8431709835647337e-05 -6.4360530781192795e-06
Iteration counts: [0, 5, 8]

--- Iteration 13 ---
Qprime size   : 3392
max |ΔU|      : 7.287e-05
max |ΔU| norm  : 2.465e-03
max |Δn|      : 2.158e-03
max |Δn| norm  : 1.148e-02
max |ΔILDOS|  : 3.841e+01
last Poisson  : 15.852 s
last Quantum  : 14.403 s
1.0487740332518236e-05 -3.7054238683406405e-06
Iteration counts: [0, 5, 9]

--- Iteration 14 ---
Qprime size   : 3392
max |ΔU|      : 5.572e-05
max |ΔU| norm  : 1.486e-03
max |Δn|      : 2.025e-03
max |Δn| norm  : 1.079e-02
max |ΔILDOS|  : 3.146e+01
last Poisson  : 16.047 s
last Quantum  : 13.297 s
7.5866422543226565e-06 -2.6093213846815848e-06
Iteration counts: [0, 5, 10]

--- Iteration 15 ---
Qprime size   : 3392
max |ΔU|      : 8.570e-05
max |ΔU| norm  : 1.094e-03
max |Δn|      : 2.206e-03
max |Δn| norm  : 1.094e-02
max |ΔILDOS|  : 4.319e+01
last Poisson  : 15.790 s
last Quantum  : 16.762 s
4.246893023180746e-06 -1.487539441957118e-06
Iteration counts: [0, 5, 11]

--- Iteration 16 ---
Qprime size   : 3392
max |ΔU|      : 6.505e-05
max |ΔU| norm  : 7.532e-04
max |Δn|      : 2.089e-03
max |Δn| norm  : 1.132e-02
max |ΔILDOS|  : 2.982e+01
last Poisson  : 15.848 s
last Quantum  : 15.197 s
2.101120979221125e-06 -7.269716961079422e-07
Iteration counts: [0, 5, 12]

--- Iteration 17 ---
Qprime size   : 3392
max |ΔU|      : 6.251e-05
max |ΔU| norm  : 5.842e-04
max |Δn|      : 2.287e-03
max |Δn| norm  : 1.216e-02
max |ΔILDOS|  : 2.975e+01
last Poisson  : 15.625 s
last Quantum  : 14.793 s
4.124761828861468e-07 -1.9565134321595974e-07
Iteration counts: [0, 5, 13]

--- Iteration 18 ---
Qprime size   : 3392
max |ΔU|      : 6.635e-05
max |ΔU| norm  : 5.559e-04
max |Δn|      : 2.137e-03
max |Δn| norm  : 1.161e-02
max |ΔILDOS|  : 3.468e+01
last Poisson  : 15.607 s
last Quantum  : 15.149 s
1.167630107527279e-06 -3.9179549676998553e-07
Iteration counts: [0, 5, 14]

--- Iteration 19 ---
Qprime size   : 3392
max |ΔU|      : 5.871e-05
max |ΔU| norm  : 5.135e-04
max |Δn|      : 2.219e-03
max |Δn| norm  : 1.221e-02
max |ΔILDOS|  : 3.081e+01
last Poisson  : 15.527 s
last Quantum  : 10.757 s
1.7619358846606268e-06 -5.577239209979418e-07
Iteration counts: [0, 5, 15]

--- Iteration 20 ---
Qprime size   : 3392
max |ΔU|      : 6.675e-05
max |ΔU| norm  : 5.821e-04
max |Δn|      : 1.725e-03
max |Δn| norm  : 1.043e-02
max |ΔILDOS|  : 3.067e+01
last Poisson  : 14.643 s
last Quantum  : 10.751 s
1.153374204449455e-06 -3.498771973624629e-07
Iteration counts: [0, 5, 16]

--- Iteration 21 ---
Qprime size   : 3392
max |ΔU|      : 7.195e-05
max |ΔU| norm  : 5.407e-04
max |Δn|      : 2.280e-03
max |Δn| norm  : 1.135e-02
max |ΔILDOS|  : 3.542e+01
last Poisson  : 15.243 s
last Quantum  : 12.307 s
-1.3601216746008028e-06 3.9471736379261494e-07
Iteration counts: [0, 5, 17]

--- Iteration 22 ---
Qprime size   : 3392
max |ΔU|      : 7.394e-05
max |ΔU| norm  : 6.260e-04
max |Δn|      : 2.179e-03
max |Δn| norm  : 1.134e-02
max |ΔILDOS|  : 3.660e+01
last Poisson  : 13.105 s
last Quantum  : 9.631 s
-3.020616302863473e-07 9.192211853350307e-08
Iteration counts: [0, 5, 18]

--- Iteration 23 ---
Qprime size   : 3392
max |ΔU|      : 7.621e-05
max |ΔU| norm  : 5.478e-04
max |Δn|      : 2.209e-03
max |Δn| norm  : 1.140e-02
max |ΔILDOS|  : 3.507e+01
last Poisson  : 13.744 s
last Quantum  : 11.167 s
9.342696389936622e-07 -2.975981161367961e-07
Iteration counts: [0, 5, 19]

--- Iteration 24 ---
Qprime size   : 3392
max |ΔU|      : 9.103e-05
max |ΔU| norm  : 6.309e-04
max |Δn|      : 2.188e-03
max |Δn| norm  : 1.124e-02
max |ΔILDOS|  : 4.899e+01
last Poisson  : 13.861 s
last Quantum  : 11.613 s
4.2507854741641e-09 7.957011028320702e-09
Iteration counts: [0, 5, 20]

--- Iteration 25 ---
Qprime size   : 3392
max |ΔU|      : 6.637e-05
max |ΔU| norm  : 5.469e-04
max |Δn|      : 2.155e-03
max |Δn| norm  : 1.158e-02
max |ΔILDOS|  : 3.724e+01
last Poisson  : 13.795 s
last Quantum  : 11.226 s
-4.945055720135973e-07 1.519178588641534e-07
Iteration counts: [0, 5, 21]

--- Iteration 26 ---
Qprime size   : 3392
max |ΔU|      : 6.252e-05
max |ΔU| norm  : 5.213e-04
max |Δn|      : 2.244e-03
max |Δn| norm  : 1.100e-02
max |ΔILDOS|  : 3.108e+01
last Poisson  : 13.817 s
last Quantum  : 11.149 s
3.3763258468423416e-07 -1.0730071669830567e-07
Iteration counts: [0, 5, 22]

--- Iteration 27 ---
Qprime size   : 3392
max |ΔU|      : 7.649e-05
max |ΔU| norm  : 5.225e-04
max |Δn|      : 2.201e-03
max |Δn| norm  : 1.149e-02
max |ΔILDOS|  : 3.757e+01
last Poisson  : 13.895 s
last Quantum  : 11.380 s
1.0258568002290545e-07 -4.177613863888591e-08
Iteration counts: [0, 5, 23]

--- Iteration 28 ---
Qprime size   : 3392
max |ΔU|      : 6.552e-05
max |ΔU| norm  : 5.096e-04
max |Δn|      : 2.079e-03
max |Δn| norm  : 1.115e-02
max |ΔILDOS|  : 2.898e+01
last Poisson  : 13.754 s
last Quantum  : 10.950 s
9.397671977125416e-08 -1.1607445745577623e-08
Iteration counts: [0, 5, 24]

--- Iteration 29 ---
Qprime size   : 3392
max |ΔU|      : 5.313e-05
max |ΔU| norm  : 4.848e-04
max |Δn|      : 2.275e-03
max |Δn| norm  : 1.163e-02
max |ΔILDOS|  : 2.855e+01
last Poisson  : 13.790 s
last Quantum  : 11.065 s
-4.798609973526622e-07 1.402389340410389e-07
Iteration counts: [0, 5, 25]

--- Iteration 30 ---
Qprime size   : 3392
max |ΔU|      : 7.412e-05
max |ΔU| norm  : 4.965e-04
max |Δn|      : 1.992e-03
max |Δn| norm  : 1.150e-02
max |ΔILDOS|  : 3.551e+01
last Poisson  : 13.439 s
last Quantum  : 11.205 s
-3.573619675254398e-07 9.86749729155148e-08
FSC converged / stopped.
✔ Logged phi=0.0800, Vbg=1.1667

=== Running phi=0.0800, Vbg=1.3333 ===
🔄 Full Hamiltonian rebuild (qparams change)
The poisson problem has been initialized.
Iteration counts: [0, 0, 0]

--- Iteration 0 ---
Qprime size   : 3388
max |ΔU|      : 6.173e-14
max |ΔU| norm  : 6.888e-13
max |Δn|      : 2.049e-13
max |Δn| norm  : 9.157e-13
-0.0007421592829477824 0.00023823919414528105
Iteration counts: [0, 0, 1]

--- Iteration 1 ---
Qprime size   : 3388
max |ΔU|      : 9.977e-04
max |ΔU| norm  : 9.367e-02
max |Δn|      : 2.205e-03
max |Δn| norm  : 3.670e-02
max |ΔILDOS|  : 3.539e+02
last Poisson  : 11.102 s
last Quantum  : 11.967 s
-0.0013786872435388592 0.00046224413876876135
Iteration counts: [0, 1, 1]

--- Iteration 2 ---
Qprime size   : 3388
max |ΔU|      : 1.781e-03
max |ΔU| norm  : 1.740e-01
max |Δn|      : 4.581e-03
max |Δn| norm  : 5.624e-02
max |ΔILDOS|  : 3.539e+02
last Poisson  : 11.684 s
last Quantum  : 11.967 s
-0.0011027179397105796 0.00036993301161011215
Iteration counts: [0, 2, 1]

--- Iteration 3 ---
Qprime size   : 3388
max |ΔU|      : 1.423e-03
max |ΔU| norm  : 1.392e-01
max |Δn|      : 3.555e-03
max |Δn| norm  : 4.465e-02
max |ΔILDOS|  : 3.539e+02
last Poisson  : 11.238 s
last Quantum  : 11.967 s
-0.000882111722722791 0.0002960977329854526
Iteration counts: [0, 3, 1]

--- Iteration 4 ---
Qprime size   : 3388
max |ΔU|      : 1.137e-03
max |ΔU| norm  : 1.114e-01
max |Δn|      : 2.754e-03
max |Δn| norm  : 3.547e-02
max |ΔILDOS|  : 3.539e+02
last Poisson  : 11.084 s
last Quantum  : 11.967 s
-0.0007054949194581501 0.00023694560736996367
Iteration counts: [0, 4, 1]

--- Iteration 5 ---
Qprime size   : 3388
max |ΔU|      : 9.080e-04
max |ΔU| norm  : 8.916e-02
max |Δn|      : 2.131e-03
max |Δn| norm  : 2.817e-02
max |ΔILDOS|  : 3.539e+02
last Poisson  : 11.066 s
last Quantum  : 11.967 s
-0.0005643844685800423 0.00018965750543141846
Iteration counts: [0, 4, 2]

--- Iteration 6 ---
Qprime size   : 3388
max |ΔU|      : 7.265e-04
max |ΔU| norm  : 7.136e-02
max |Δn|      : 1.647e-03
max |Δn| norm  : 2.239e-02
max |ΔILDOS|  : 3.932e+02
last Poisson  : 11.043 s
last Quantum  : 11.186 s
0.0004926040525699172 -0.00016483104858420393
Iteration counts: [0, 4, 3]

--- Iteration 7 ---
Qprime size   : 3388
max |ΔU|      : 6.191e-04
max |ΔU| norm  : 6.174e-02
max |Δn|      : 5.227e-03
max |Δn| norm  : 2.828e-02
max |ΔILDOS|  : 3.509e+02
last Poisson  : 11.703 s
last Quantum  : 11.526 s
0.00028635033665862523 -9.574801431428842e-05
Iteration counts: [0, 4, 4]

--- Iteration 8 ---
Qprime size   : 3388
max |ΔU|      : 3.696e-04
max |ΔU| norm  : 3.603e-02
max |Δn|      : 3.048e-03
max |Δn| norm  : 1.521e-02
max |ΔILDOS|  : 3.180e+02
last Poisson  : 11.749 s
last Quantum  : 11.259 s
0.00016921101444237305 -5.652186357481634e-05
Iteration counts: [0, 4, 5]

--- Iteration 9 ---
Qprime size   : 3388
max |ΔU|      : 2.254e-04
max |ΔU| norm  : 2.132e-02
max |Δn|      : 1.541e-03
max |Δn| norm  : 9.225e-03
max |ΔILDOS|  : 2.535e+02
last Poisson  : 11.832 s
last Quantum  : 11.842 s
0.000100745037783611 -3.36903264750109e-05
Iteration counts: [0, 4, 6]

--- Iteration 10 ---
Qprime size   : 3388
max |ΔU|      : 1.372e-04
max |ΔU| norm  : 1.270e-02
max |Δn|      : 1.510e-03
max |Δn| norm  : 6.510e-03
max |ΔILDOS|  : 1.773e+02
last Poisson  : 11.790 s
last Quantum  : 11.242 s
5.9824051854904704e-05 -2.0063688297890676e-05
Iteration counts: [0, 4, 7]

--- Iteration 11 ---
Qprime size   : 3388
max |ΔU|      : 8.065e-05
max |ΔU| norm  : 7.547e-03
max |Δn|      : 1.392e-03
max |Δn| norm  : 5.361e-03
max |ΔILDOS|  : 1.117e+02
last Poisson  : 11.900 s
last Quantum  : 11.043 s
3.601215200397796e-05 -1.2129533969249307e-05
Iteration counts: [0, 4, 8]

--- Iteration 12 ---
Qprime size   : 3388
max |ΔU|      : 7.696e-05
max |ΔU| norm  : 4.557e-03
max |Δn|      : 1.198e-03
max |Δn| norm  : 4.664e-03
max |ΔILDOS|  : 6.932e+01
last Poisson  : 11.852 s
last Quantum  : 11.709 s
2.1760322777168964e-05 -7.354963044107676e-06
Iteration counts: [0, 4, 9]

--- Iteration 13 ---
Qprime size   : 3388
max |ΔU|      : 6.399e-05
max |ΔU| norm  : 2.751e-03
max |Δn|      : 1.396e-03
max |Δn| norm  : 4.714e-03
max |ΔILDOS|  : 4.214e+01
last Poisson  : 11.757 s
last Quantum  : 10.215 s
1.2837760622579054e-05 -4.345032774175684e-06
Iteration counts: [0, 4, 10]

--- Iteration 14 ---
Qprime size   : 3388
max |ΔU|      : 4.281e-05
max |ΔU| norm  : 1.647e-03
max |Δn|      : 1.261e-03
max |Δn| norm  : 5.320e-03
max |ΔILDOS|  : 2.570e+01
last Poisson  : 12.672 s
last Quantum  : 11.305 s
7.977262558395566e-06 -2.6998713779065404e-06
Iteration counts: [0, 4, 11]

--- Iteration 15 ---
Qprime size   : 3388
max |ΔU|      : 4.555e-05
max |ΔU| norm  : 1.020e-03
max |Δn|      : 1.485e-03
max |Δn| norm  : 5.333e-03
max |ΔILDOS|  : 1.806e+01
last Poisson  : 12.298 s
last Quantum  : 10.224 s
4.720974430444975e-06 -1.6128040395585149e-06
Iteration counts: [0, 4, 12]

--- Iteration 16 ---
Qprime size   : 3388
max |ΔU|      : 5.038e-05
max |ΔU| norm  : 6.254e-04
max |Δn|      : 1.651e-03
max |Δn| norm  : 5.242e-03
max |ΔILDOS|  : 1.845e+01
last Poisson  : 12.007 s
last Quantum  : 11.193 s
2.5818659750593056e-06 -8.799930368208098e-07
Iteration counts: [0, 4, 13]

--- Iteration 17 ---
Qprime size   : 3388
max |ΔU|      : 4.439e-05
max |ΔU| norm  : 3.876e-04
max |Δn|      : 1.443e-03
max |Δn| norm  : 5.651e-03
max |ΔILDOS|  : 1.534e+01
last Poisson  : 11.862 s
last Quantum  : 10.606 s
1.8066461643336022e-06 -6.142300796467395e-07
Iteration counts: [0, 4, 14]

--- Iteration 18 ---
Qprime size   : 3388
max |ΔU|      : 4.207e-05
max |ΔU| norm  : 2.873e-04
max |Δn|      : 1.200e-03
max |Δn| norm  : 5.120e-03
max |ΔILDOS|  : 1.147e+01
last Poisson  : 11.730 s
last Quantum  : 11.229 s
1.001504093045476e-06 -3.387638771133064e-07
Iteration counts: [0, 4, 15]

--- Iteration 19 ---
Qprime size   : 3388
max |ΔU|      : 3.845e-05
max |ΔU| norm  : 2.188e-04
max |Δn|      : 1.485e-03
max |Δn| norm  : 5.234e-03
max |ΔILDOS|  : 1.652e+01
last Poisson  : 11.697 s
last Quantum  : 11.499 s
6.232334588473207e-07 -2.082748048833867e-07
Iteration counts: [0, 4, 16]

--- Iteration 20 ---
Qprime size   : 3388
max |ΔU|      : 4.519e-05
max |ΔU| norm  : 2.222e-04
max |Δn|      : 1.465e-03
max |Δn| norm  : 5.712e-03
max |ΔILDOS|  : 1.482e+01
last Poisson  : 11.722 s
last Quantum  : 10.823 s
3.9558734812976727e-07 -1.3743419905993292e-07
Iteration counts: [0, 4, 17]

--- Iteration 21 ---
Qprime size   : 3388
max |ΔU|      : 3.182e-05
max |ΔU| norm  : 1.762e-04
max |Δn|      : 1.276e-03
max |Δn| norm  : 5.439e-03
max |ΔILDOS|  : 1.672e+01
last Poisson  : 11.773 s
last Quantum  : 10.941 s
3.891183846752569e-07 -1.3190866449130486e-07
Iteration counts: [0, 4, 18]

--- Iteration 22 ---
Qprime size   : 3388
max |ΔU|      : 5.711e-05
max |ΔU| norm  : 2.131e-04
max |Δn|      : 1.685e-03
max |Δn| norm  : 5.603e-03
max |ΔILDOS|  : 2.105e+01
last Poisson  : 11.889 s
last Quantum  : 11.921 s
-2.049160057701885e-07 6.948322228648935e-08
Iteration counts: [0, 4, 19]

--- Iteration 23 ---
Qprime size   : 3388
max |ΔU|      : 5.930e-05
max |ΔU| norm  : 2.202e-04
max |Δn|      : 1.406e-03
max |Δn| norm  : 5.439e-03
max |ΔILDOS|  : 1.817e+01
last Poisson  : 11.671 s
last Quantum  : 11.564 s
-3.1609696134293294e-08 -1.5829560919739847e-09
Iteration counts: [0, 4, 20]

--- Iteration 24 ---
Qprime size   : 3388
max |ΔU|      : 4.037e-05
max |ΔU| norm  : 1.757e-04
max |Δn|      : 1.225e-03
max |Δn| norm  : 4.707e-03
max |ΔILDOS|  : 1.263e+01
last Poisson  : 12.229 s
last Quantum  : 11.105 s
2.67892556109818e-07 -8.654596027508806e-08
Iteration counts: [0, 4, 21]

--- Iteration 25 ---
Qprime size   : 3388
max |ΔU|      : 3.896e-05
max |ΔU| norm  : 1.733e-04
max |Δn|      : 1.356e-03
max |Δn| norm  : 4.710e-03
max |ΔILDOS|  : 1.637e+01
last Poisson  : 12.219 s
last Quantum  : 12.076 s
8.35121710390393e-08 -2.2312314730214503e-08
Iteration counts: [0, 4, 22]

--- Iteration 26 ---
Qprime size   : 3388
max |ΔU|      : 4.681e-05
max |ΔU| norm  : 2.141e-04
max |Δn|      : 1.493e-03
max |Δn| norm  : 5.565e-03
max |ΔILDOS|  : 1.570e+01
last Poisson  : 12.878 s
last Quantum  : 12.973 s
-4.962240994794082e-08 1.9297527482638318e-08
Iteration counts: [0, 4, 23]

--- Iteration 27 ---
Qprime size   : 3388
max |ΔU|      : 3.295e-05
max |ΔU| norm  : 1.850e-04
max |Δn|      : 1.162e-03
max |Δn| norm  : 5.220e-03
max |ΔILDOS|  : 1.429e+01
last Poisson  : 11.390 s
last Quantum  : 21.927 s
1.5705784407978835e-07 -5.6268319484285294e-08
Iteration counts: [0, 4, 24]

--- Iteration 28 ---
Qprime size   : 3388
max |ΔU|      : 3.555e-05
max |ΔU| norm  : 1.800e-04
max |Δn|      : 1.117e-03
max |Δn| norm  : 4.735e-03
max |ΔILDOS|  : 1.555e+01
last Poisson  : 13.677 s
last Quantum  : 21.930 s
-2.4124140751211784e-07 8.392549336580007e-08
Iteration counts: [0, 4, 25]

--- Iteration 29 ---
Qprime size   : 3388
max |ΔU|      : 5.966e-05
max |ΔU| norm  : 2.298e-04
max |Δn|      : 1.221e-03
max |Δn| norm  : 5.085e-03
max |ΔILDOS|  : 1.609e+01
last Poisson  : 13.733 s
last Quantum  : 10.344 s
6.178433857801343e-08 -2.5844023649114184e-08
Iteration counts: [0, 4, 26]

--- Iteration 30 ---
Qprime size   : 3388
max |ΔU|      : 4.021e-05
max |ΔU| norm  : 1.805e-04
max |Δn|      : 1.073e-03
max |Δn| norm  : 4.864e-03
max |ΔILDOS|  : 1.363e+01
last Poisson  : 12.965 s
last Quantum  : 15.535 s
1.330575646541409e-07 -4.352681342932287e-08
FSC converged / stopped.
✔ Logged phi=0.0800, Vbg=1.3333

=== Running phi=0.0800, Vbg=1.5000 ===
🔄 Full Hamiltonian rebuild (qparams change)
The poisson problem has been initialized.
Iteration counts: [0, 0, 0]

--- Iteration 0 ---
Qprime size   : 3382
max |ΔU|      : 6.062e-14
max |ΔU| norm  : 9.466e-13
max |Δn|      : 3.155e-13
max |Δn| norm  : 1.412e-12
-0.0005897206803223114 0.00018678785056243323
Iteration counts: [0, 0, 1]

--- Iteration 1 ---
Qprime size   : 3382
max |ΔU|      : 9.298e-04
max |ΔU| norm  : 7.788e-02
max |Δn|      : 2.544e-03
max |Δn| norm  : 3.645e-02
max |ΔILDOS|  : 3.564e+02
last Poisson  : 16.093 s
last Quantum  : 18.667 s
-0.0011795399053182738 0.00038796155876233174
Iteration counts: [0, 1, 1]

--- Iteration 2 ---
Qprime size   : 3382
max |ΔU|      : 1.637e-03
max |ΔU| norm  : 1.503e-01
max |Δn|      : 4.273e-03
max |Δn| norm  : 5.766e-02
max |ΔILDOS|  : 3.564e+02
last Poisson  : 16.179 s
last Quantum  : 18.667 s
-0.0009436043639000842 0.00031052945567367027
Iteration counts: [0, 2, 1]

--- Iteration 3 ---
Qprime size   : 3382
max |ΔU|      : 1.309e-03
max |ΔU| norm  : 1.203e-01
max |Δn|      : 3.201e-03
max |Δn| norm  : 4.625e-02
max |ΔILDOS|  : 3.564e+02
last Poisson  : 16.021 s
last Quantum  : 18.667 s
-0.000754378447891586 0.0002484204140189422
Iteration counts: [0, 3, 1]

--- Iteration 4 ---
Qprime size   : 3382
max |ΔU|      : 1.047e-03
max |ΔU| norm  : 9.623e-02
max |Δn|      : 2.375e-03
max |Δn| norm  : 3.795e-02
max |ΔILDOS|  : 3.564e+02
last Poisson  : 16.105 s
last Quantum  : 18.667 s
-0.0006037131617440799 0.00019889709014709082
Iteration counts: [0, 4, 1]

--- Iteration 5 ---
Qprime size   : 3382
max |ΔU|      : 8.373e-04
max |ΔU| norm  : 7.705e-02
max |Δn|      : 2.212e-03
max |Δn| norm  : 3.198e-02
max |ΔILDOS|  : 3.564e+02
last Poisson  : 15.948 s
last Quantum  : 18.667 s
-0.0004820530026725918 0.0001589471144698491
Iteration counts: [0, 5, 1]

--- Iteration 6 ---
Qprime size   : 3382
max |ΔU|      : 6.694e-04
max |ΔU| norm  : 6.155e-02
max |Δn|      : 2.104e-03
max |Δn| norm  : 2.701e-02
max |ΔILDOS|  : 3.564e+02
last Poisson  : 16.056 s
last Quantum  : 18.667 s
-0.00038596156190391553 0.0001273050546215783
Iteration counts: [0, 5, 2]

--- Iteration 7 ---
Qprime size   : 3382
max |ΔU|      : 5.353e-04
max |ΔU| norm  : 4.931e-02
max |Δn|      : 1.985e-03
max |Δn| norm  : 2.338e-02
max |ΔILDOS|  : 4.651e+02
last Poisson  : 16.162 s
last Quantum  : 17.735 s
0.000554033925127025 -0.00018256033018847697
Iteration counts: [0, 5, 3]

--- Iteration 8 ---
Qprime size   : 3382
max |ΔU|      : 8.219e-04
max |ΔU| norm  : 7.130e-02
max |Δn|      : 4.676e-03
max |Δn| norm  : 4.392e-02
max |ΔILDOS|  : 3.981e+02
last Poisson  : 16.108 s
last Quantum  : 17.848 s
0.000327435769188601 -0.00010894232582437744
Iteration counts: [0, 6, 3]

--- Iteration 9 ---
Qprime size   : 3382
max |ΔU|      : 4.834e-04
max |ΔU| norm  : 4.214e-02
max |Δn|      : 2.940e-03
max |Δn| norm  : 2.767e-02
max |ΔILDOS|  : 3.981e+02
last Poisson  : 16.063 s
last Quantum  : 17.848 s
0.0002610915306288395 -8.694573670448487e-05
Iteration counts: [0, 6, 4]

--- Iteration 10 ---
Qprime size   : 3382
max |ΔU|      : 3.822e-04
max |ΔU| norm  : 3.363e-02
max |Δn|      : 2.291e-03
max |Δn| norm  : 2.041e-02
max |ΔILDOS|  : 3.734e+02
last Poisson  : 15.833 s
last Quantum  : 11.943 s
8.807089392228846e-05 -2.9103216257323303e-05
Iteration counts: [0, 6, 5]

--- Iteration 11 ---
Qprime size   : 3382
max |ΔU|      : 1.753e-04
max |ΔU| norm  : 1.157e-02
max |Δn|      : 2.746e-03
max |Δn| norm  : 2.554e-02
max |ΔILDOS|  : 2.256e+02
last Poisson  : 15.888 s
last Quantum  : 13.380 s
6.0728712804020736e-05 -1.9525092947080412e-05
Iteration counts: [0, 6, 6]

--- Iteration 12 ---
Qprime size   : 3382
max |ΔU|      : 1.444e-04
max |ΔU| norm  : 7.774e-03
max |Δn|      : 2.506e-03
max |Δn| norm  : 2.846e-02
max |ΔILDOS|  : 1.813e+02
last Poisson  : 13.943 s
last Quantum  : 11.061 s
4.009291467210873e-05 -1.261469952425948e-05
Iteration counts: [0, 6, 7]

--- Iteration 13 ---
Qprime size   : 3382
max |ΔU|      : 1.133e-04
max |ΔU| norm  : 5.164e-03
max |Δn|      : 2.284e-03
max |Δn| norm  : 2.615e-02
max |ΔILDOS|  : 1.565e+02
last Poisson  : 14.324 s
last Quantum  : 11.362 s
2.5304857806078086e-05 -7.8765583237144e-06
Iteration counts: [0, 6, 8]

--- Iteration 14 ---
Qprime size   : 3382
max |ΔU|      : 1.056e-04
max |ΔU| norm  : 3.319e-03
max |Δn|      : 2.278e-03
max |Δn| norm  : 2.563e-02
max |ΔILDOS|  : 1.069e+02
last Poisson  : 15.125 s
last Quantum  : 14.299 s
1.0477050632384646e-05 -3.4103186702448293e-06
Iteration counts: [0, 6, 9]

--- Iteration 15 ---
Qprime size   : 3382
max |ΔU|      : 9.471e-05
max |ΔU| norm  : 1.853e-03
max |Δn|      : 2.355e-03
max |Δn| norm  : 2.730e-02
max |ΔILDOS|  : 1.321e+02
last Poisson  : 15.954 s
last Quantum  : 13.312 s
4.9287409738590754e-06 -1.6685657620971474e-06
Iteration counts: [0, 6, 10]

--- Iteration 16 ---
Qprime size   : 3382
max |ΔU|      : 8.019e-05
max |ΔU| norm  : 1.348e-03
max |Δn|      : 2.335e-03
max |Δn| norm  : 2.652e-02
max |ΔILDOS|  : 1.102e+02
last Poisson  : 16.014 s
last Quantum  : 13.771 s
4.879496744231503e-06 -1.5025324301360533e-06
Iteration counts: [0, 6, 11]

--- Iteration 17 ---
Qprime size   : 3382
max |ΔU|      : 8.795e-05
max |ΔU| norm  : 1.372e-03
max |Δn|      : 2.298e-03
max |Δn| norm  : 2.674e-02
max |ΔILDOS|  : 1.068e+02
last Poisson  : 15.909 s
last Quantum  : 13.945 s
2.0562362956840367e-06 -6.68293631305094e-07
Iteration counts: [0, 6, 12]

--- Iteration 18 ---
Qprime size   : 3382
max |ΔU|      : 8.716e-05
max |ΔU| norm  : 1.254e-03
max |Δn|      : 2.298e-03
max |Δn| norm  : 2.590e-02
max |ΔILDOS|  : 1.127e+02
last Poisson  : 16.104 s
last Quantum  : 13.531 s
1.6744752535374544e-06 -5.004435684392229e-07
Iteration counts: [0, 6, 13]

--- Iteration 19 ---
Qprime size   : 3382
max |ΔU|      : 9.418e-05
max |ΔU| norm  : 1.247e-03
max |Δn|      : 2.538e-03
max |Δn| norm  : 2.578e-02
max |ΔILDOS|  : 1.180e+02
last Poisson  : 15.962 s
last Quantum  : 13.724 s
4.471038291490296e-07 -1.5824753120837936e-07
Iteration counts: [0, 6, 14]

--- Iteration 20 ---
Qprime size   : 3382
max |ΔU|      : 8.429e-05
max |ΔU| norm  : 1.149e-03
max |Δn|      : 2.444e-03
max |Δn| norm  : 2.686e-02
max |ΔILDOS|  : 1.103e+02
last Poisson  : 15.899 s
last Quantum  : 12.628 s
1.4549702641955293e-06 -4.1511621955039547e-07
Iteration counts: [0, 6, 15]

--- Iteration 21 ---
Qprime size   : 3382
max |ΔU|      : 9.449e-05
max |ΔU| norm  : 1.089e-03
max |Δn|      : 2.367e-03
max |Δn| norm  : 2.680e-02
max |ΔILDOS|  : 1.240e+02
last Poisson  : 16.042 s
last Quantum  : 13.360 s
1.9397180485709807e-06 -5.395587605764964e-07
Iteration counts: [0, 6, 16]

--- Iteration 22 ---
Qprime size   : 3382
max |ΔU|      : 7.682e-05
max |ΔU| norm  : 1.149e-03
max |Δn|      : 2.557e-03
max |Δn| norm  : 2.671e-02
max |ΔILDOS|  : 1.082e+02
last Poisson  : 15.727 s
last Quantum  : 12.817 s
7.74205510374549e-07 -2.08492507419278e-07
Iteration counts: [0, 6, 17]

--- Iteration 23 ---
Qprime size   : 3382
max |ΔU|      : 8.945e-05
max |ΔU| norm  : 1.158e-03
max |Δn|      : 2.210e-03
max |Δn| norm  : 2.688e-02
max |ΔILDOS|  : 1.052e+02
last Poisson  : 15.744 s
last Quantum  : 12.609 s
-6.181742293491182e-07 1.6078154758547925e-07
Iteration counts: [0, 6, 18]

--- Iteration 24 ---
Qprime size   : 3382
max |ΔU|      : 8.321e-05
max |ΔU| norm  : 1.069e-03
max |Δn|      : 2.280e-03
max |Δn| norm  : 2.719e-02
max |ΔILDOS|  : 8.457e+01
last Poisson  : 15.727 s
last Quantum  : 13.318 s
9.22681087388093e-08 -2.11955827785418e-08
Iteration counts: [0, 6, 19]

--- Iteration 25 ---
Qprime size   : 3382
max |ΔU|      : 9.550e-05
max |ΔU| norm  : 1.082e-03
max |Δn|      : 2.447e-03
max |Δn| norm  : 2.661e-02
max |ΔILDOS|  : 1.045e+02
last Poisson  : 15.730 s
last Quantum  : 12.062 s
-6.060751414778977e-07 1.6252212649782452e-07
Iteration counts: [0, 6, 20]

--- Iteration 26 ---
Qprime size   : 3382
max |ΔU|      : 7.556e-05
max |ΔU| norm  : 1.054e-03
max |Δn|      : 2.389e-03
max |Δn| norm  : 2.672e-02
max |ΔILDOS|  : 8.222e+01
last Poisson  : 14.433 s
last Quantum  : 11.933 s
9.891132469262254e-07 -2.638222217644966e-07
Iteration counts: [0, 6, 21]

--- Iteration 27 ---
Qprime size   : 3382
max |ΔU|      : 8.135e-05
max |ΔU| norm  : 1.094e-03
max |Δn|      : 2.461e-03
max |Δn| norm  : 2.651e-02
max |ΔILDOS|  : 8.815e+01
last Poisson  : 14.911 s
last Quantum  : 11.003 s
-2.0694911657461638e-07 5.16129392162104e-08
Iteration counts: [0, 6, 22]

--- Iteration 28 ---
Qprime size   : 3382
max |ΔU|      : 8.095e-05
max |ΔU| norm  : 1.064e-03
max |Δn|      : 2.367e-03
max |Δn| norm  : 2.592e-02
max |ΔILDOS|  : 9.167e+01
last Poisson  : 15.089 s
last Quantum  : 10.474 s
-1.3682316001199108e-06 3.8288980089546663e-07
Iteration counts: [0, 6, 23]

--- Iteration 29 ---
Qprime size   : 3382
max |ΔU|      : 8.837e-05
max |ΔU| norm  : 1.245e-03
max |Δn|      : 2.195e-03
max |Δn| norm  : 2.692e-02
max |ΔILDOS|  : 1.139e+02
last Poisson  : 15.115 s
last Quantum  : 13.278 s
3.581341635278155e-07 -1.0089208751708145e-07
Iteration counts: [0, 6, 24]

--- Iteration 30 ---
Qprime size   : 3382
max |ΔU|      : 8.018e-05
max |ΔU| norm  : 1.037e-03
max |Δn|      : 2.422e-03
max |Δn| norm  : 2.726e-02
max |ΔILDOS|  : 8.325e+01
last Poisson  : 14.206 s
last Quantum  : 11.589 s
5.0311412705966133e-08 -1.279994101432918e-08
FSC converged / stopped.
✔ Logged phi=0.0800, Vbg=1.5000

=== Running phi=0.0800, Vbg=1.6667 ===
🔄 Full Hamiltonian rebuild (qparams change)
The poisson problem has been initialized.
Iteration counts: [0, 0, 0]

--- Iteration 0 ---
Qprime size   : 3374
max |ΔU|      : 6.639e-14
max |ΔU| norm  : 8.418e-13
max |Δn|      : 3.171e-13
max |Δn| norm  : 1.446e-12
-0.00046652992491298965 0.0001436016630539347
Iteration counts: [0, 0, 1]

--- Iteration 1 ---
Qprime size   : 3374
max |ΔU|      : 8.512e-04
max |ΔU| norm  : 6.393e-02
max |Δn|      : 3.736e-03
max |Δn| norm  : 3.593e-02
max |ΔILDOS|  : 3.585e+02
last Poisson  : 12.653 s
last Quantum  : 17.712 s
-0.0009778380641337048 0.00031304428185972936
Iteration counts: [0, 1, 1]

--- Iteration 2 ---
Qprime size   : 3374
max |ΔU|      : 1.519e-03
max |ΔU| norm  : 1.266e-01
max |Δn|      : 3.674e-03
max |Δn| norm  : 5.473e-02
max |ΔILDOS|  : 3.585e+02
last Poisson  : 12.277 s
last Quantum  : 17.712 s
-0.0007816885400266416 0.00025048940159528416
Iteration counts: [0, 2, 1]

--- Iteration 3 ---
Qprime size   : 3374
max |ΔU|      : 1.212e-03
max |ΔU| norm  : 1.013e-01
max |Δn|      : 2.907e-03
max |Δn| norm  : 4.321e-02
max |ΔILDOS|  : 3.585e+02
last Poisson  : 12.082 s
last Quantum  : 17.712 s
-0.0006249995975465384 0.00020046550931866427
Iteration counts: [0, 3, 1]

--- Iteration 4 ---
Qprime size   : 3374
max |ΔU|      : 9.682e-04
max |ΔU| norm  : 8.100e-02
max |Δn|      : 2.301e-03
max |Δn| norm  : 3.417e-02
max |ΔILDOS|  : 3.585e+02
last Poisson  : 13.515 s
last Quantum  : 17.712 s
-0.0004997891625996844 0.00016045006351508905
Iteration counts: [0, 4, 1]

--- Iteration 5 ---
Qprime size   : 3374
max |ΔU|      : 7.736e-04
max |ΔU| norm  : 6.480e-02
max |Δn|      : 1.821e-03
max |Δn| norm  : 2.705e-02
max |ΔILDOS|  : 3.585e+02
last Poisson  : 13.471 s
last Quantum  : 17.712 s
-0.0003998344264972851 0.00012847332097417876
Iteration counts: [0, 4, 2]

--- Iteration 6 ---
Qprime size   : 3374
max |ΔU|      : 6.184e-04
max |ΔU| norm  : 5.185e-02
max |Δn|      : 1.442e-03
max |Δn| norm  : 2.144e-02
max |ΔILDOS|  : 5.382e+02
last Poisson  : 12.530 s
last Quantum  : 15.930 s
0.00032350682082492007 -0.00010018372693311803
Iteration counts: [0, 4, 3]

--- Iteration 7 ---
Qprime size   : 3374
max |ΔU|      : 5.454e-04
max |ΔU| norm  : 4.202e-02
max |Δn|      : 2.445e-03
max |Δn| norm  : 3.046e-02
max |ΔILDOS|  : 5.053e+02
last Poisson  : 12.210 s
last Quantum  : 9.577 s
0.0001941689220454891 -5.991860786537533e-05
Iteration counts: [0, 5, 3]

--- Iteration 8 ---
Qprime size   : 3374
max |ΔU|      : 3.194e-04
max |ΔU| norm  : 2.533e-02
max |Δn|      : 1.840e-03
max |Δn| norm  : 1.665e-02
max |ΔILDOS|  : 5.053e+02
last Poisson  : 12.699 s
last Quantum  : 9.577 s
0.0001552843836938019 -4.797043561265028e-05
Iteration counts: [0, 5, 4]

--- Iteration 9 ---
Qprime size   : 3374
max |ΔU|      : 2.541e-04
max |ΔU| norm  : 2.026e-02
max |Δn|      : 1.424e-03
max |Δn| norm  : 1.288e-02
max |ΔILDOS|  : 3.467e+02
last Poisson  : 12.139 s
last Quantum  : 10.045 s
5.3180200254966366e-05 -1.745466233396574e-05
Iteration counts: [0, 5, 5]

--- Iteration 10 ---
Qprime size   : 3374
max |ΔU|      : 9.143e-05
max |ΔU| norm  : 7.021e-03
max |Δn|      : 1.911e-03
max |Δn| norm  : 1.170e-02
max |ΔILDOS|  : 1.217e+02
last Poisson  : 12.912 s
last Quantum  : 10.069 s
3.377642293743787e-05 -1.1035803123235722e-05
Iteration counts: [0, 5, 6]

--- Iteration 11 ---
Qprime size   : 3374
max |ΔU|      : 6.832e-05
max |ΔU| norm  : 4.431e-03
max |Δn|      : 1.735e-03
max |Δn| norm  : 6.771e-03
max |ΔILDOS|  : 7.666e+01
last Poisson  : 13.084 s
last Quantum  : 9.741 s
2.1501542408309117e-05 -7.017212767618477e-06
Iteration counts: [0, 5, 7]

--- Iteration 12 ---
Qprime size   : 3374
max |ΔU|      : 7.426e-05
max |ΔU| norm  : 2.823e-03
max |Δn|      : 1.716e-03
max |Δn| norm  : 6.330e-03
max |ΔILDOS|  : 5.363e+01
last Poisson  : 13.324 s
last Quantum  : 10.341 s
1.1827298987329944e-05 -3.890931649424621e-06
Iteration counts: [0, 5, 8]

--- Iteration 13 ---
Qprime size   : 3374
max |ΔU|      : 3.823e-05
max |ΔU| norm  : 1.591e-03
max |Δn|      : 1.773e-03
max |Δn| norm  : 6.481e-03
max |ΔILDOS|  : 2.988e+01
last Poisson  : 12.580 s
last Quantum  : 10.547 s
7.3908831551062415e-06 -2.4359786228775374e-06
Iteration counts: [0, 5, 9]

--- Iteration 14 ---
Qprime size   : 3374
max |ΔU|      : 5.337e-05
max |ΔU| norm  : 1.025e-03
max |Δn|      : 1.427e-03
max |Δn| norm  : 7.317e-03
max |ΔILDOS|  : 3.683e+01
last Poisson  : 12.176 s
last Quantum  : 10.934 s
4.03267101058905e-06 -1.3335815694308136e-06
Iteration counts: [0, 5, 10]

--- Iteration 15 ---
Qprime size   : 3374
max |ΔU|      : 4.719e-05
max |ΔU| norm  : 6.173e-04
max |Δn|      : 1.782e-03
max |Δn| norm  : 7.089e-03
max |ΔILDOS|  : 2.903e+01
last Poisson  : 12.624 s
last Quantum  : 10.405 s
3.4225481568383335e-06 -1.1118820451228957e-06
Iteration counts: [0, 5, 11]

--- Iteration 16 ---
Qprime size   : 3374
max |ΔU|      : 5.710e-05
max |ΔU| norm  : 6.142e-04
max |Δn|      : 1.717e-03
max |Δn| norm  : 6.706e-03
max |ΔILDOS|  : 4.268e+01
last Poisson  : 12.713 s
last Quantum  : 10.181 s
1.5002308194596485e-06 -4.920934424431202e-07
Iteration counts: [0, 5, 12]

--- Iteration 17 ---
Qprime size   : 3374
max |ΔU|      : 4.259e-05
max |ΔU| norm  : 3.555e-04
max |Δn|      : 1.456e-03
max |Δn| norm  : 5.900e-03
max |ΔILDOS|  : 3.109e+01
last Poisson  : 12.802 s
last Quantum  : 10.179 s
4.234480799139279e-07 -1.6219201726392812e-07
Iteration counts: [0, 5, 13]

--- Iteration 18 ---
Qprime size   : 3374
max |ΔU|      : 5.434e-05
max |ΔU| norm  : 3.589e-04
max |Δn|      : 1.766e-03
max |Δn| norm  : 7.438e-03
max |ΔILDOS|  : 4.026e+01
last Poisson  : 12.891 s
last Quantum  : 10.333 s
-1.277041066386425e-07 2.389195833373629e-08
Iteration counts: [0, 5, 14]

--- Iteration 19 ---
Qprime size   : 3374
max |ΔU|      : 6.724e-05
max |ΔU| norm  : 3.756e-04
max |Δn|      : 1.741e-03
max |Δn| norm  : 7.542e-03
max |ΔILDOS|  : 4.444e+01
last Poisson  : 13.017 s
last Quantum  : 10.381 s
1.4246991514784098e-06 -4.4259615447379363e-07
Iteration counts: [0, 5, 15]

--- Iteration 20 ---
Qprime size   : 3374
max |ΔU|      : 5.431e-05
max |ΔU| norm  : 4.784e-04
max |Δn|      : 1.650e-03
max |Δn| norm  : 6.706e-03
max |ΔILDOS|  : 4.240e+01
last Poisson  : 12.732 s
last Quantum  : 11.889 s
1.745672077491309e-07 -5.252229900659704e-08
Iteration counts: [0, 5, 16]

--- Iteration 21 ---
Qprime size   : 3374
max |ΔU|      : 4.997e-05
max |ΔU| norm  : 2.962e-04
max |Δn|      : 1.809e-03
max |Δn| norm  : 7.068e-03
max |ΔILDOS|  : 3.117e+01
last Poisson  : 13.021 s
last Quantum  : 11.561 s
-1.4947692570919623e-07 3.4636515356017916e-08
Iteration counts: [0, 5, 17]

--- Iteration 22 ---
Qprime size   : 3374
max |ΔU|      : 5.272e-05
max |ΔU| norm  : 3.443e-04
max |Δn|      : 1.673e-03
max |Δn| norm  : 7.681e-03
max |ΔILDOS|  : 4.080e+01
last Poisson  : 13.220 s
last Quantum  : 11.932 s
-3.5879601512316246e-07 1.1358724737568106e-07
Iteration counts: [0, 5, 18]

--- Iteration 23 ---
Qprime size   : 3374
max |ΔU|      : 5.571e-05
max |ΔU| norm  : 3.175e-04
max |Δn|      : 1.698e-03
max |Δn| norm  : 7.038e-03
max |ΔILDOS|  : 3.774e+01
last Poisson  : 13.391 s
last Quantum  : 12.375 s
9.467197245025954e-07 -2.9062709165555626e-07
Iteration counts: [0, 5, 19]

--- Iteration 24 ---
Qprime size   : 3374
max |ΔU|      : 5.643e-05
max |ΔU| norm  : 4.549e-04
max |Δn|      : 1.820e-03
max |Δn| norm  : 6.625e-03
max |ΔILDOS|  : 4.295e+01
last Poisson  : 13.492 s
last Quantum  : 12.119 s
-1.3776644513349289e-07 4.1046086509550355e-08
Iteration counts: [0, 5, 20]

--- Iteration 25 ---
Qprime size   : 3374
max |ΔU|      : 4.287e-05
max |ΔU| norm  : 2.778e-04
max |Δn|      : 1.628e-03
max |Δn| norm  : 6.813e-03
max |ΔILDOS|  : 2.593e+01
last Poisson  : 13.115 s
last Quantum  : 12.695 s
-2.9510849175337056e-07 8.251790807256946e-08
Iteration counts: [0, 5, 21]

--- Iteration 26 ---
Qprime size   : 3374
max |ΔU|      : 5.366e-05
max |ΔU| norm  : 3.249e-04
max |Δn|      : 1.450e-03
max |Δn| norm  : 7.481e-03
max |ΔILDOS|  : 4.104e+01
last Poisson  : 13.119 s
last Quantum  : 11.537 s
-4.752980582115394e-07 1.506458627948422e-07
Iteration counts: [0, 5, 22]

--- Iteration 27 ---
Qprime size   : 3374
max |ΔU|      : 6.192e-05
max |ΔU| norm  : 3.337e-04
max |Δn|      : 1.647e-03
max |Δn| norm  : 7.176e-03
max |ΔILDOS|  : 3.714e+01
last Poisson  : 13.105 s
last Quantum  : 12.080 s
7.05796251368906e-07 -2.1717274201616607e-07
Iteration counts: [0, 5, 23]

--- Iteration 28 ---
Qprime size   : 3374
max |ΔU|      : 5.436e-05
max |ΔU| norm  : 4.344e-04
max |Δn|      : 1.461e-03
max |Δn| norm  : 6.560e-03
max |ΔILDOS|  : 4.117e+01
last Poisson  : 13.061 s
last Quantum  : 12.377 s
-1.0249421451871084e-07 3.4479487747278877e-08
Iteration counts: [0, 5, 24]

--- Iteration 29 ---
Qprime size   : 3374
max |ΔU|      : 4.351e-05
max |ΔU| norm  : 2.772e-04
max |Δn|      : 1.476e-03
max |Δn| norm  : 6.494e-03
max |ΔILDOS|  : 2.944e+01
last Poisson  : 13.139 s
last Quantum  : 11.937 s
9.135230011033247e-08 -3.1947981689836245e-08
Iteration counts: [0, 5, 25]

--- Iteration 30 ---
Qprime size   : 3374
max |ΔU|      : 5.443e-05
max |ΔU| norm  : 3.573e-04
max |Δn|      : 1.534e-03
max |Δn| norm  : 7.477e-03
max |ΔILDOS|  : 4.008e+01
last Poisson  : 13.296 s
last Quantum  : 11.213 s
-5.007649206226208e-07 1.5485726455820842e-07
FSC converged / stopped.
✔ Logged phi=0.0800, Vbg=1.6667

=== Running phi=0.0800, Vbg=1.8333 ===
🔄 Full Hamiltonian rebuild (qparams change)
The poisson problem has been initialized.
Iteration counts: [0, 0, 0]

--- Iteration 0 ---
Qprime size   : 3360
max |ΔU|      : 3.797e-14
max |ΔU| norm  : 1.478e-12
max |Δn|      : 1.512e-13
max |Δn| norm  : 1.157e-12
-0.00042239397369727636 0.00011939135946635222
Iteration counts: [0, 0, 1]

--- Iteration 1 ---
Qprime size   : 3360
max |ΔU|      : 7.984e-04
max |ΔU| norm  : 6.037e-02
max |Δn|      : 4.332e-03
max |Δn| norm  : 3.935e-02
max |ΔILDOS|  : 3.538e+02
last Poisson  : 12.434 s
last Quantum  : 12.406 s
-0.0008506467032210143 0.0002622106090969543
Iteration counts: [0, 1, 1]

--- Iteration 2 ---
Qprime size   : 3360
max |ΔU|      : 1.387e-03
max |ΔU| norm  : 1.118e-01
max |Δn|      : 3.876e-03
max |Δn| norm  : 5.644e-02
max |ΔILDOS|  : 3.538e+02
last Poisson  : 12.711 s
last Quantum  : 12.406 s
-0.0006803515382912517 0.00021000859990426073
Iteration counts: [0, 2, 1]

--- Iteration 3 ---
Qprime size   : 3360
max |ΔU|      : 1.109e-03
max |ΔU| norm  : 8.940e-02
max |Δn|      : 3.062e-03
max |Δn| norm  : 4.455e-02
max |ΔILDOS|  : 3.538e+02
last Poisson  : 12.518 s
last Quantum  : 12.406 s
-0.0005441449503423267 0.00016819523605725572
Iteration counts: [0, 3, 1]

--- Iteration 4 ---
Qprime size   : 3360
max |ΔU|      : 8.870e-04
max |ΔU| norm  : 7.151e-02
max |Δn|      : 2.419e-03
max |Δn| norm  : 3.518e-02
max |ΔILDOS|  : 3.538e+02
last Poisson  : 12.484 s
last Quantum  : 12.406 s
-0.0004352068941597545 0.0001347047256530019
Iteration counts: [0, 4, 1]

--- Iteration 5 ---
Qprime size   : 3360
max |ΔU|      : 7.093e-04
max |ΔU| norm  : 5.720e-02
max |Δn|      : 1.911e-03
max |Δn| norm  : 2.778e-02
max |ΔILDOS|  : 3.538e+02
last Poisson  : 12.388 s
last Quantum  : 12.406 s
-0.00034807993333413535 0.00010788128664759831
Iteration counts: [0, 4, 2]

--- Iteration 6 ---
Qprime size   : 3360
max |ΔU|      : 5.672e-04
max |ΔU| norm  : 4.576e-02
max |Δn|      : 1.510e-03
max |Δn| norm  : 2.194e-02
max |ΔILDOS|  : 5.301e+02
last Poisson  : 12.358 s
last Quantum  : 11.388 s
0.00029656632949771216 -8.510159167657791e-05
Iteration counts: [0, 4, 3]

--- Iteration 7 ---
Qprime size   : 3360
max |ΔU|      : 4.933e-04
max |ΔU| norm  : 3.910e-02
max |Δn|      : 2.324e-03
max |Δn| norm  : 3.025e-02
max |ΔILDOS|  : 5.238e+02
last Poisson  : 12.632 s
last Quantum  : 11.919 s
0.0001784564386026743 -5.249752232712198e-05
Iteration counts: [0, 5, 3]

--- Iteration 8 ---
Qprime size   : 3360
max |ΔU|      : 2.991e-04
max |ΔU| norm  : 2.335e-02
max |Δn|      : 1.376e-03
max |Δn| norm  : 1.633e-02
max |ΔILDOS|  : 5.238e+02
last Poisson  : 12.863 s
last Quantum  : 11.919 s
0.00014272362950618528 -4.2050346083942746e-05
Iteration counts: [0, 5, 4]

--- Iteration 9 ---
Qprime size   : 3360
max |ΔU|      : 2.386e-04
max |ΔU| norm  : 1.867e-02
max |Δn|      : 1.076e-03
max |Δn| norm  : 1.283e-02
max |ΔILDOS|  : 4.726e+02
last Poisson  : 12.767 s
last Quantum  : 11.849 s
4.5438585560322345e-05 -1.4385252434789079e-05
Iteration counts: [0, 5, 5]

--- Iteration 10 ---
Qprime size   : 3360
max |ΔU|      : 8.855e-05
max |ΔU| norm  : 6.154e-03
max |Δn|      : 1.387e-03
max |Δn| norm  : 6.372e-03
max |ΔILDOS|  : 1.093e+02
last Poisson  : 12.880 s
last Quantum  : 12.115 s
2.7841751390595828e-05 -8.91469331658419e-06
Iteration counts: [0, 5, 6]

--- Iteration 11 ---
Qprime size   : 3360
max |ΔU|      : 5.509e-05
max |ΔU| norm  : 3.775e-03
max |Δn|      : 7.409e-04
max |Δn| norm  : 3.152e-03
max |ΔILDOS|  : 7.058e+01
last Poisson  : 12.831 s
last Quantum  : 11.062 s
1.6864450984293943e-05 -5.420513674619979e-06
Iteration counts: [0, 5, 7]

--- Iteration 12 ---
Qprime size   : 3360
max |ΔU|      : 4.370e-05
max |ΔU| norm  : 2.300e-03
max |Δn|      : 8.137e-04
max |Δn| norm  : 2.891e-03
max |ΔILDOS|  : 4.176e+01
last Poisson  : 12.901 s
last Quantum  : 11.061 s
1.0257325256124351e-05 -3.3269036339425565e-06
Iteration counts: [0, 5, 8]

--- Iteration 13 ---
Qprime size   : 3360
max |ΔU|      : 3.517e-05
max |ΔU| norm  : 1.391e-03
max |Δn|      : 8.100e-04
max |Δn| norm  : 2.918e-03
max |ΔILDOS|  : 2.557e+01
last Poisson  : 12.927 s
last Quantum  : 12.013 s
6.077918362274559e-06 -1.9688905622215035e-06
Iteration counts: [0, 5, 9]

--- Iteration 14 ---
Qprime size   : 3360
max |ΔU|      : 2.819e-05
max |ΔU| norm  : 8.463e-04
max |Δn|      : 1.170e-03
max |Δn| norm  : 3.306e-03
max |ΔILDOS|  : 1.501e+01
last Poisson  : 12.910 s
last Quantum  : 12.264 s
3.7556306368083894e-06 -1.235007774417774e-06
Iteration counts: [0, 5, 10]

--- Iteration 15 ---
Qprime size   : 3360
max |ΔU|      : 3.009e-05
max |ΔU| norm  : 5.199e-04
max |Δn|      : 8.288e-04
max |Δn| norm  : 3.110e-03
max |ΔILDOS|  : 1.647e+01
last Poisson  : 13.009 s
last Quantum  : 11.783 s
2.3146067405387825e-06 -7.48285929376628e-07
Iteration counts: [0, 5, 11]

--- Iteration 16 ---
Qprime size   : 3360
max |ΔU|      : 2.874e-05
max |ΔU| norm  : 3.457e-04
max |Δn|      : 8.376e-04
max |Δn| norm  : 3.042e-03
max |ΔILDOS|  : 1.293e+01
last Poisson  : 12.921 s
last Quantum  : 11.614 s
1.4253337383915064e-06 -4.747494139629791e-07
Iteration counts: [0, 5, 12]

--- Iteration 17 ---
Qprime size   : 3360
max |ΔU|      : 2.820e-05
max |ΔU| norm  : 2.208e-04
max |Δn|      : 8.340e-04
max |Δn| norm  : 3.274e-03
max |ΔILDOS|  : 1.350e+01
last Poisson  : 12.928 s
last Quantum  : 12.049 s
7.390364367077463e-07 -2.3548607954074207e-07
Iteration counts: [0, 5, 13]

--- Iteration 18 ---
Qprime size   : 3360
max |ΔU|      : 2.641e-05
max |ΔU| norm  : 1.588e-04
max |Δn|      : 1.173e-03
max |Δn| norm  : 3.588e-03
max |ΔILDOS|  : 1.256e+01
last Poisson  : 12.931 s
last Quantum  : 12.343 s
5.000029812993464e-07 -1.7474896701055132e-07
Iteration counts: [0, 5, 14]

--- Iteration 19 ---
Qprime size   : 3360
max |ΔU|      : 2.751e-05
max |ΔU| norm  : 1.309e-04
max |Δn|      : 8.358e-04
max |Δn| norm  : 3.302e-03
max |ΔILDOS|  : 1.312e+01
last Poisson  : 13.070 s
last Quantum  : 11.851 s
3.6115234508825857e-07 -1.0964096876397917e-07
Iteration counts: [0, 5, 15]

--- Iteration 20 ---
Qprime size   : 3360
max |ΔU|      : 2.685e-05
max |ΔU| norm  : 1.427e-04
max |Δn|      : 8.370e-04
max |Δn| norm  : 3.069e-03
max |ΔILDOS|  : 1.249e+01
last Poisson  : 12.968 s
last Quantum  : 11.619 s
2.0898170234426917e-07 -7.724307536949195e-08
Iteration counts: [0, 5, 16]

--- Iteration 21 ---
Qprime size   : 3360
max |ΔU|      : 2.725e-05
max |ΔU| norm  : 1.194e-04
max |Δn|      : 8.363e-04
max |Δn| norm  : 3.214e-03
max |ΔILDOS|  : 1.287e+01
last Poisson  : 13.008 s
last Quantum  : 11.662 s
6.714668947693509e-08 -1.2393825068273152e-08
Iteration counts: [0, 5, 17]

--- Iteration 22 ---
Qprime size   : 3360
max |ΔU|      : 2.701e-05
max |ΔU| norm  : 1.129e-04
max |Δn|      : 1.172e-03
max |Δn| norm  : 3.645e-03
max |ΔILDOS|  : 1.263e+01
last Poisson  : 12.932 s
last Quantum  : 11.905 s
6.018535349905354e-08 -3.014215933311986e-08
Iteration counts: [0, 5, 18]

--- Iteration 23 ---
Qprime size   : 3360
max |ΔU|      : 2.716e-05
max |ΔU| norm  : 1.155e-04
max |Δn|      : 8.365e-04
max |Δn| norm  : 3.393e-03
max |ΔILDOS|  : 1.278e+01
last Poisson  : 11.916 s
last Quantum  : 14.796 s
1.1966883332898277e-07 -2.883429977166646e-08
Iteration counts: [0, 5, 19]

--- Iteration 24 ---
Qprime size   : 3360
max |ΔU|      : 2.706e-05
max |ΔU| norm  : 1.328e-04
max |Δn|      : 8.367e-04
max |Δn| norm  : 3.134e-03
max |ΔILDOS|  : 1.269e+01
last Poisson  : 12.666 s
last Quantum  : 11.873 s
9.533090007472223e-09 -1.3241316001285059e-08
Iteration counts: [0, 5, 20]

--- Iteration 25 ---
Qprime size   : 3360
max |ΔU|      : 2.712e-05
max |ΔU| norm  : 1.152e-04
max |Δn|      : 8.366e-04
max |Δn| norm  : 3.306e-03
max |ΔILDOS|  : 1.274e+01
last Poisson  : 11.171 s
last Quantum  : 11.271 s
6.088214832049608e-09 9.686064039101036e-09
Iteration counts: [0, 5, 21]

--- Iteration 26 ---
Qprime size   : 3360
max |ΔU|      : 2.709e-05
max |ΔU| norm  : 1.194e-04
max |Δn|      : 1.172e-03
max |Δn| norm  : 3.748e-03
max |ΔILDOS|  : 1.310e+01
last Poisson  : 13.052 s
last Quantum  : 11.570 s
2.1208695299292137e-08 -1.6137694082450088e-08
Iteration counts: [0, 5, 22]

--- Iteration 27 ---
Qprime size   : 3360
max |ΔU|      : 2.711e-05
max |ΔU| norm  : 1.176e-04
max |Δn|      : 8.366e-04
max |Δn| norm  : 3.561e-03
max |ΔILDOS|  : 1.273e+01
last Poisson  : 12.818 s
last Quantum  : 10.788 s
2.451984284201098e-08 -4.118710746679017e-10
Iteration counts: [0, 5, 23]

--- Iteration 28 ---
Qprime size   : 3360
max |ΔU|      : 2.710e-05
max |ΔU| norm  : 1.348e-04
max |Δn|      : 8.366e-04
max |Δn| norm  : 3.198e-03
max |ΔILDOS|  : 1.272e+01
last Poisson  : 12.940 s
last Quantum  : 10.931 s
-2.2788134709510807e-08 -3.089759947867272e-09
Iteration counts: [0, 5, 24]

--- Iteration 29 ---
Qprime size   : 3360
max |ΔU|      : 2.710e-05
max |ΔU| norm  : 1.169e-04
max |Δn|      : 8.366e-04
max |Δn| norm  : 3.225e-03
max |ΔILDOS|  : 1.273e+01
last Poisson  : 12.911 s
last Quantum  : 11.540 s
-4.283775625823095e-08 2.4141807993555294e-08
Iteration counts: [0, 5, 25]

--- Iteration 30 ---
Qprime size   : 3360
max |ΔU|      : 2.710e-05
max |ΔU| norm  : 1.103e-04
max |Δn|      : 1.172e-03
max |Δn| norm  : 3.644e-03
max |ΔILDOS|  : 1.272e+01
last Poisson  : 12.963 s
last Quantum  : 11.073 s
1.5431749889102898e-08 -1.410626377788534e-08
FSC converged / stopped.
✔ Logged phi=0.0800, Vbg=1.8333

=== Running phi=0.0800, Vbg=2.0000 ===
🔄 Full Hamiltonian rebuild (qparams change)
The poisson problem has been initialized.
Iteration counts: [0, 0, 0]

--- Iteration 0 ---
Qprime size   : 3336
max |ΔU|      : 4.596e-14
max |ΔU| norm  : 1.144e-12
max |Δn|      : 2.491e-13
max |Δn| norm  : 1.373e-12
-0.0003049479428595522 7.576687226572184e-05
Iteration counts: [0, 0, 1]

--- Iteration 1 ---
Qprime size   : 3336
max |ΔU|      : 7.822e-04
max |ΔU| norm  : 5.357e-02
max |Δn|      : 6.482e-03
max |Δn| norm  : 4.526e-02
max |ΔILDOS|  : 3.634e+02
last Poisson  : 13.830 s
last Quantum  : 12.435 s
-0.0006956883693805507 0.0002063675921455471
Iteration counts: [0, 1, 1]

--- Iteration 2 ---
Qprime size   : 3336
max |ΔU|      : 1.306e-03
max |ΔU| norm  : 9.664e-02
max |Δn|      : 4.137e-03
max |Δn| norm  : 5.873e-02
max |ΔILDOS|  : 3.634e+02
last Poisson  : 13.979 s
last Quantum  : 12.435 s
-0.0005566680194998641 0.0001655028481596524
Iteration counts: [0, 2, 1]

--- Iteration 3 ---
Qprime size   : 3336
max |ΔU|      : 1.043e-03
max |ΔU| norm  : 7.724e-02
max |Δn|      : 3.261e-03
max |Δn| norm  : 4.623e-02
max |ΔILDOS|  : 3.634e+02
last Poisson  : 13.887 s
last Quantum  : 12.435 s
-0.0004457544205638943 0.0001328109798967047
Iteration counts: [0, 3, 1]

--- Iteration 4 ---
Qprime size   : 3336
max |ΔU|      : 8.329e-04
max |ΔU| norm  : 6.176e-02
max |Δn|      : 2.571e-03
max |Δn| norm  : 3.668e-02
max |ΔILDOS|  : 3.634e+02
last Poisson  : 13.795 s
last Quantum  : 12.435 s
-0.00035674161411665195 0.00010651701431443867
Iteration counts: [0, 4, 1]

--- Iteration 5 ---
Qprime size   : 3336
max |ΔU|      : 6.652e-04
max |ΔU| norm  : 4.938e-02
max |Δn|      : 2.027e-03
max |Δn| norm  : 2.943e-02
max |ΔILDOS|  : 3.634e+02
last Poisson  : 13.806 s
last Quantum  : 12.435 s
-0.0002854561901978234 8.541224484601906e-05
Iteration counts: [0, 4, 2]

--- Iteration 6 ---
Qprime size   : 3336
max |ΔU|      : 5.312e-04
max |ΔU| norm  : 3.947e-02
max |Δn|      : 1.599e-03
max |Δn| norm  : 2.385e-02
max |ΔILDOS|  : 5.129e+02
last Poisson  : 13.811 s
last Quantum  : 11.645 s
0.00022806507730425125 -6.489971648703992e-05
Iteration counts: [0, 4, 3]

--- Iteration 7 ---
Qprime size   : 3336
max |ΔU|      : 4.797e-04
max |ΔU| norm  : 3.391e-02
max |Δn|      : 2.942e-03
max |Δn| norm  : 3.515e-02
max |ΔILDOS|  : 5.107e+02
last Poisson  : 14.102 s
last Quantum  : 11.154 s
0.0001365075048592397 -3.927838724285372e-05
Iteration counts: [0, 5, 3]

--- Iteration 8 ---
Qprime size   : 3336
max |ΔU|      : 2.911e-04
max |ΔU| norm  : 1.991e-02
max |Δn|      : 1.768e-03
max |Δn| norm  : 1.944e-02
max |ΔILDOS|  : 5.107e+02
last Poisson  : 14.117 s
last Quantum  : 11.154 s
0.0001085160857325349 -3.132399341544383e-05
Iteration counts: [0, 5, 4]

--- Iteration 9 ---
Qprime size   : 3336
max |ΔU|      : 2.319e-04
max |ΔU| norm  : 1.584e-02
max |Δn|      : 1.386e-03
max |Δn| norm  : 1.463e-02
max |ΔILDOS|  : 4.846e+02
last Poisson  : 14.140 s
last Quantum  : 10.295 s
3.86165513438074e-05 -1.1645592395904288e-05
Iteration counts: [0, 5, 5]

--- Iteration 10 ---
Qprime size   : 3336
max |ΔU|      : 9.428e-05
max |ΔU| norm  : 5.507e-03
max |Δn|      : 1.800e-03
max |Δn| norm  : 1.553e-02
max |ΔILDOS|  : 1.264e+02
last Poisson  : 14.096 s
last Quantum  : 12.455 s
2.5896224014458812e-05 -7.810916368858888e-06
Iteration counts: [0, 5, 6]

--- Iteration 11 ---
Qprime size   : 3336
max |ΔU|      : 7.823e-05
max |ΔU| norm  : 3.574e-03
max |Δn|      : 1.840e-03
max |Δn| norm  : 1.783e-02
max |ΔILDOS|  : 9.236e+01
last Poisson  : 14.028 s
last Quantum  : 10.922 s
1.5049147954913022e-05 -4.594702594538061e-06
Iteration counts: [0, 5, 7]

--- Iteration 12 ---
Qprime size   : 3336
max |ΔU|      : 7.129e-05
max |ΔU| norm  : 2.190e-03
max |Δn|      : 1.879e-03
max |Δn| norm  : 1.744e-02
max |ΔILDOS|  : 8.747e+01
last Poisson  : 14.107 s
last Quantum  : 10.941 s
1.0340860053541292e-05 -3.1380340345047413e-06
Iteration counts: [0, 5, 8]

--- Iteration 13 ---
Qprime size   : 3336
max |ΔU|      : 6.087e-05
max |ΔU| norm  : 1.542e-03
max |Δn|      : 1.801e-03
max |Δn| norm  : 1.686e-02
max |ΔILDOS|  : 8.463e+01
last Poisson  : 13.994 s
last Quantum  : 11.226 s
6.39191444735037e-06 -1.949463006859778e-06
Iteration counts: [0, 5, 9]

--- Iteration 14 ---
Qprime size   : 3336
max |ΔU|      : 7.130e-05
max |ΔU| norm  : 1.077e-03
max |Δn|      : 1.828e-03
max |Δn| norm  : 1.745e-02
max |ΔILDOS|  : 9.032e+01
last Poisson  : 14.012 s
last Quantum  : 10.981 s
3.942690529969488e-06 -1.2040195138272151e-06
Iteration counts: [0, 5, 10]

--- Iteration 15 ---
Qprime size   : 3336
max |ΔU|      : 5.995e-05
max |ΔU| norm  : 9.088e-04
max |Δn|      : 1.784e-03
max |Δn| norm  : 1.686e-02
max |ΔILDOS|  : 7.530e+01
last Poisson  : 13.999 s
last Quantum  : 10.924 s
9.909376044113202e-07 -3.523448608150455e-07
Iteration counts: [0, 5, 11]

--- Iteration 16 ---
Qprime size   : 3336
max |ΔU|      : 5.599e-05
max |ΔU| norm  : 7.155e-04
max |Δn|      : 1.768e-03
max |Δn| norm  : 1.739e-02
max |ΔILDOS|  : 6.891e+01
last Poisson  : 13.899 s
last Quantum  : 10.869 s
1.5798156512209848e-06 -4.810871435497814e-07
Iteration counts: [0, 5, 12]

--- Iteration 17 ---
Qprime size   : 3336
max |ΔU|      : 5.290e-05
max |ΔU| norm  : 6.761e-04
max |Δn|      : 1.888e-03
max |Δn| norm  : 1.824e-02
max |ΔILDOS|  : 5.969e+01
last Poisson  : 14.074 s
last Quantum  : 11.065 s
-1.0807247836895093e-08 -3.0331268768862184e-08
Iteration counts: [0, 5, 13]

--- Iteration 18 ---
Qprime size   : 3336
max |ΔU|      : 5.752e-05
max |ΔU| norm  : 6.894e-04
max |Δn|      : 1.768e-03
max |Δn| norm  : 1.827e-02
max |ΔILDOS|  : 7.477e+01
last Poisson  : 13.887 s
last Quantum  : 10.421 s
1.1631766199880188e-06 -3.3797566783559696e-07
Iteration counts: [0, 5, 14]

--- Iteration 19 ---
Qprime size   : 3336
max |ΔU|      : 5.577e-05
max |ΔU| norm  : 7.092e-04
max |Δn|      : 1.773e-03
max |Δn| norm  : 1.770e-02
max |ΔILDOS|  : 7.905e+01
last Poisson  : 14.033 s
last Quantum  : 10.596 s
1.986397793219147e-07 -6.618624891656468e-08
Iteration counts: [0, 5, 15]

--- Iteration 20 ---
Qprime size   : 3336
max |ΔU|      : 6.472e-05
max |ΔU| norm  : 6.913e-04
max |Δn|      : 1.795e-03
max |Δn| norm  : 1.758e-02
max |ΔILDOS|  : 8.303e+01
last Poisson  : 14.269 s
last Quantum  : 10.440 s
1.258406647571541e-07 -4.3080234707282875e-08
Iteration counts: [0, 5, 16]

--- Iteration 21 ---
Qprime size   : 3336
max |ΔU|      : 5.340e-05
max |ΔU| norm  : 6.997e-04
max |Δn|      : 1.906e-03
max |Δn| norm  : 1.740e-02
max |ΔILDOS|  : 7.222e+01
last Poisson  : 14.122 s
last Quantum  : 10.786 s
-6.342895998442599e-07 1.6894135893349583e-07
Iteration counts: [0, 5, 17]

--- Iteration 22 ---
Qprime size   : 3336
max |ΔU|      : 5.880e-05
max |ΔU| norm  : 6.142e-04
max |Δn|      : 1.747e-03
max |Δn| norm  : 1.764e-02
max |ΔILDOS|  : 7.159e+01
last Poisson  : 14.302 s
last Quantum  : 10.254 s
1.3407485036595331e-06 -3.6853122686275306e-07
Iteration counts: [0, 5, 18]

--- Iteration 23 ---
Qprime size   : 3336
max |ΔU|      : 6.276e-05
max |ΔU| norm  : 6.865e-04
max |Δn|      : 1.729e-03
max |Δn| norm  : 1.799e-02
max |ΔILDOS|  : 7.100e+01
last Poisson  : 14.078 s
last Quantum  : 10.196 s
-3.2972554766838446e-07 8.800598998375017e-08
Iteration counts: [0, 5, 19]

--- Iteration 24 ---
Qprime size   : 3336
max |ΔU|      : 5.732e-05
max |ΔU| norm  : 6.115e-04
max |Δn|      : 1.749e-03
max |Δn| norm  : 1.800e-02
max |ΔILDOS|  : 6.397e+01
last Poisson  : 14.439 s
last Quantum  : 10.334 s
6.917377325609637e-07 -1.8982164243915e-07
Iteration counts: [0, 5, 20]

--- Iteration 25 ---
Qprime size   : 3336
max |ΔU|      : 5.481e-05
max |ΔU| norm  : 6.200e-04
max |Δn|      : 1.834e-03
max |Δn| norm  : 1.808e-02
max |ΔILDOS|  : 6.204e+01
last Poisson  : 14.132 s
last Quantum  : 10.642 s
-1.9259074419934429e-07 5.2241771229999834e-08
Iteration counts: [0, 5, 21]

--- Iteration 26 ---
Qprime size   : 3336
max |ΔU|      : 6.320e-05
max |ΔU| norm  : 6.452e-04
max |Δn|      : 1.783e-03
max |Δn| norm  : 1.799e-02
max |ΔILDOS|  : 7.418e+01
last Poisson  : 14.011 s
last Quantum  : 10.511 s
-3.83308692738502e-08 8.673666809991722e-09
Iteration counts: [0, 5, 22]

--- Iteration 27 ---
Qprime size   : 3336
max |ΔU|      : 5.016e-05
max |ΔU| norm  : 6.158e-04
max |Δn|      : 1.695e-03
max |Δn| norm  : 1.804e-02
max |ΔILDOS|  : 6.667e+01
last Poisson  : 14.034 s
last Quantum  : 10.014 s
-1.7506204692309404e-07 4.8376817668206665e-08
Iteration counts: [0, 5, 23]

--- Iteration 28 ---
Qprime size   : 3336
max |ΔU|      : 5.036e-05
max |ΔU| norm  : 5.925e-04
max |Δn|      : 1.819e-03
max |Δn| norm  : 1.782e-02
max |ΔILDOS|  : 5.830e+01
last Poisson  : 14.104 s
last Quantum  : 10.431 s
7.580898724191817e-07 -2.0772705111031203e-07
Iteration counts: [0, 5, 24]

--- Iteration 29 ---
Qprime size   : 3336
max |ΔU|      : 4.826e-05
max |ΔU| norm  : 6.275e-04
max |Δn|      : 1.745e-03
max |Δn| norm  : 1.819e-02
max |ΔILDOS|  : 5.983e+01
last Poisson  : 14.068 s
last Quantum  : 10.635 s
-1.1858689320750737e-07 3.264050604164377e-08
Iteration counts: [0, 5, 25]

--- Iteration 30 ---
Qprime size   : 3336
max |ΔU|      : 5.525e-05
max |ΔU| norm  : 6.305e-04
max |Δn|      : 1.771e-03
max |Δn| norm  : 1.830e-02
max |ΔILDOS|  : 6.009e+01
last Poisson  : 14.341 s
last Quantum  : 10.998 s
-2.5762511430499165e-07 7.032890520144226e-08
FSC converged / stopped.
✔ Logged phi=0.0800, Vbg=2.0000

=== Running phi=0.0800, Vbg=2.1667 ===
🔄 Full Hamiltonian rebuild (qparams change)
The poisson problem has been initialized.
Iteration counts: [0, 0, 0]

--- Iteration 0 ---
Qprime size   : 3208
max |ΔU|      : 6.217e-14
max |ΔU| norm  : 1.334e-12
max |Δn|      : 3.376e-13
max |Δn| norm  : 1.667e-12
-0.00025149104766847665 7.651783914733994e-05
Iteration counts: [0, 0, 1]

--- Iteration 1 ---
Qprime size   : 3208
max |ΔU|      : 8.671e-04
max |ΔU| norm  : 3.903e-02
max |Δn|      : 7.199e-03
max |Δn| norm  : 3.222e-02
max |ΔILDOS|  : 3.535e+02
last Poisson  : 13.864 s
last Quantum  : 10.100 s
-0.0006100732723150786 0.00020186384864920938
Iteration counts: [0, 1, 1]

--- Iteration 2 ---
Qprime size   : 3208
max |ΔU|      : 1.213e-03
max |ΔU| norm  : 8.024e-02
max |Δn|      : 4.708e-03
max |Δn| norm  : 4.038e-02
max |ΔILDOS|  : 3.535e+02
last Poisson  : 13.917 s
last Quantum  : 10.100 s
-0.0004877703834981609 0.00016154374456289308
Iteration counts: [0, 2, 1]

--- Iteration 3 ---
Qprime size   : 3208
max |ΔU|      : 9.667e-04
max |ΔU| norm  : 6.417e-02
max |Δn|      : 3.693e-03
max |Δn| norm  : 3.169e-02
max |ΔILDOS|  : 3.535e+02
last Poisson  : 13.926 s
last Quantum  : 10.100 s
-0.0003900134563855609 0.0001292838151063864
Iteration counts: [0, 3, 1]

--- Iteration 4 ---
Qprime size   : 3208
max |ΔU|      : 7.704e-04
max |ΔU| norm  : 5.132e-02
max |Δn|      : 2.898e-03
max |Δn| norm  : 2.489e-02
max |ΔILDOS|  : 3.535e+02
last Poisson  : 13.916 s
last Quantum  : 10.100 s
-0.00031190937403532954 0.00010348293140543185
Iteration counts: [0, 3, 2]

--- Iteration 5 ---
Qprime size   : 3208
max |ΔU|      : 6.139e-04
max |ΔU| norm  : 4.105e-02
max |Δn|      : 2.274e-03
max |Δn| norm  : 1.957e-02
max |ΔILDOS|  : 8.658e+02
last Poisson  : 13.991 s
last Quantum  : 9.588 s
0.00010798078910894199 -3.519253742772833e-05
Iteration counts: [0, 3, 3]

--- Iteration 6 ---
Qprime size   : 3208
max |ΔU|      : 2.489e-04
max |ΔU| norm  : 1.416e-02
max |Δn|      : 2.370e-03
max |Δn| norm  : 1.876e-02
max |ΔILDOS|  : 7.158e+02
last Poisson  : 13.881 s
last Quantum  : 10.457 s
6.611445382643139e-05 -2.1602561097196016e-05
Iteration counts: [0, 3, 4]

--- Iteration 7 ---
Qprime size   : 3208
max |ΔU|      : 1.518e-04
max |ΔU| norm  : 8.587e-03
max |Δn|      : 1.050e-03
max |Δn| norm  : 9.082e-03
max |ΔILDOS|  : 4.258e+02
last Poisson  : 12.238 s
last Quantum  : 9.211 s
3.982665688058393e-05 -1.3026234362193742e-05
Iteration counts: [0, 3, 5]

--- Iteration 8 ---
Qprime size   : 3208
max |ΔU|      : 9.265e-05
max |ΔU| norm  : 5.163e-03
max |Δn|      : 1.218e-03
max |Δn| norm  : 5.234e-03
max |ΔILDOS|  : 2.366e+02
last Poisson  : 13.928 s
last Quantum  : 14.947 s
2.362187706830606e-05 -7.735324792230994e-06
Iteration counts: [0, 3, 6]

--- Iteration 9 ---
Qprime size   : 3208
max |ΔU|      : 5.634e-05
max |ΔU| norm  : 3.075e-03
max |Δn|      : 1.243e-03
max |Δn| norm  : 3.778e-03
max |ΔILDOS|  : 1.276e+02
last Poisson  : 13.753 s
last Quantum  : 9.276 s
1.4156956059287488e-05 -4.640333661960873e-06
Iteration counts: [0, 3, 7]

--- Iteration 10 ---
Qprime size   : 3208
max |ΔU|      : 3.463e-05
max |ΔU| norm  : 1.851e-03
max |Δn|      : 1.011e-03
max |Δn| norm  : 3.316e-03
max |ΔILDOS|  : 6.813e+01
last Poisson  : 13.285 s
last Quantum  : 9.363 s
8.54592371375345e-06 -2.8061612160981896e-06
Iteration counts: [0, 3, 8]

--- Iteration 11 ---
Qprime size   : 3208
max |ΔU|      : 2.976e-05
max |ΔU| norm  : 1.125e-03
max |Δn|      : 1.246e-03
max |Δn| norm  : 3.778e-03
max |ΔILDOS|  : 3.632e+01
last Poisson  : 13.315 s
last Quantum  : 9.385 s
5.0000491975215885e-06 -1.6504301163012105e-06
Iteration counts: [0, 3, 9]

--- Iteration 12 ---
Qprime size   : 3208
max |ΔU|      : 2.512e-05
max |ΔU| norm  : 6.700e-04
max |Δn|      : 1.329e-03
max |Δn| norm  : 4.202e-03
max |ΔILDOS|  : 1.934e+01
last Poisson  : 12.946 s
last Quantum  : 10.274 s
3.0717733719545054e-06 -1.0164722068376388e-06
Iteration counts: [0, 3, 10]

--- Iteration 13 ---
Qprime size   : 3208
max |ΔU|      : 2.767e-05
max |ΔU| norm  : 4.261e-04
max |Δn|      : 1.026e-03
max |Δn| norm  : 3.779e-03
max |ΔILDOS|  : 2.100e+01
last Poisson  : 13.213 s
last Quantum  : 9.647 s
1.9282225536367477e-06 -6.344543268435784e-07
Iteration counts: [0, 3, 11]

--- Iteration 14 ---
Qprime size   : 3208
max |ΔU|      : 3.059e-05
max |ΔU| norm  : 2.763e-04
max |Δn|      : 9.856e-04
max |Δn| norm  : 3.228e-03
max |ΔILDOS|  : 2.247e+01
last Poisson  : 13.295 s
last Quantum  : 9.758 s
1.1819858133591944e-06 -3.8887205136540455e-07
Iteration counts: [0, 3, 12]

--- Iteration 15 ---
Qprime size   : 3208
max |ΔU|      : 2.631e-05
max |ΔU| norm  : 1.820e-04
max |Δn|      : 9.386e-04
max |Δn| norm  : 3.361e-03
max |ΔILDOS|  : 1.646e+01
last Poisson  : 12.269 s
last Quantum  : 9.048 s
5.721980315903161e-07 -1.9107853253437896e-07
Iteration counts: [0, 3, 13]

--- Iteration 16 ---
Qprime size   : 3208
max |ΔU|      : 2.690e-05
max |ΔU| norm  : 1.292e-04
max |Δn|      : 1.231e-03
max |Δn| norm  : 3.859e-03
max |ΔILDOS|  : 1.870e+01
last Poisson  : 12.170 s
last Quantum  : 9.098 s
4.0155930682697894e-07 -1.3248950677472553e-07
Iteration counts: [0, 3, 14]

--- Iteration 17 ---
Qprime size   : 3208
max |ΔU|      : 2.731e-05
max |ΔU| norm  : 1.104e-04
max |Δn|      : 1.364e-03
max |Δn| norm  : 3.935e-03
max |ΔILDOS|  : 1.350e+01
last Poisson  : 12.197 s
last Quantum  : 8.990 s
1.9562643558763395e-07 -6.452986291037198e-08
Iteration counts: [0, 3, 15]

--- Iteration 18 ---
Qprime size   : 3208
max |ΔU|      : 2.389e-05
max |ΔU| norm  : 1.014e-04
max |Δn|      : 9.751e-04
max |Δn| norm  : 3.482e-03
max |ΔILDOS|  : 1.521e+01
last Poisson  : 12.258 s
last Quantum  : 8.960 s
2.2270478033289306e-07 -7.105391981487683e-08
Iteration counts: [0, 3, 16]

--- Iteration 19 ---
Qprime size   : 3208
max |ΔU|      : 2.339e-05
max |ΔU| norm  : 9.842e-05
max |Δn|      : 1.323e-03
max |Δn| norm  : 3.589e-03
max |ΔILDOS|  : 1.573e+01
last Poisson  : 12.285 s
last Quantum  : 9.203 s
3.687916700366039e-08 -1.2790766838106504e-08
Iteration counts: [0, 3, 17]

--- Iteration 20 ---
Qprime size   : 3208
max |ΔU|      : 2.371e-05
max |ΔU| norm  : 9.356e-05
max |Δn|      : 1.217e-03
max |Δn| norm  : 3.613e-03
max |ΔILDOS|  : 1.707e+01
last Poisson  : 12.284 s
last Quantum  : 9.112 s
6.179196222583764e-08 -2.1102812342118785e-08
Iteration counts: [0, 3, 18]

--- Iteration 21 ---
Qprime size   : 3208
max |ΔU|      : 2.352e-05
max |ΔU| norm  : 9.847e-05
max |Δn|      : 1.047e-03
max |Δn| norm  : 3.678e-03
max |ΔILDOS|  : 1.474e+01
last Poisson  : 12.252 s
last Quantum  : 8.901 s
3.342355157770525e-08 -9.758893914089214e-09
Iteration counts: [0, 3, 19]

--- Iteration 22 ---
Qprime size   : 3208
max |ΔU|      : 2.275e-05
max |ΔU| norm  : 9.068e-05
max |Δn|      : 1.005e-03
max |Δn| norm  : 3.298e-03
max |ΔILDOS|  : 1.431e+01
last Poisson  : 12.263 s
last Quantum  : 9.270 s
1.1617029133748512e-07 -3.563258875002649e-08
Iteration counts: [0, 3, 20]

--- Iteration 23 ---
Qprime size   : 3208
max |ΔU|      : 2.242e-05
max |ΔU| norm  : 9.373e-05
max |Δn|      : 9.740e-04
max |Δn| norm  : 3.386e-03
max |ΔILDOS|  : 1.479e+01
last Poisson  : 12.273 s
last Quantum  : 9.090 s
-1.314912955867936e-07 3.8373332435401877e-08
Iteration counts: [0, 3, 21]

--- Iteration 24 ---
Qprime size   : 3208
max |ΔU|      : 2.747e-05
max |ΔU| norm  : 1.106e-04
max |Δn|      : 1.207e-03
max |Δn| norm  : 4.209e-03
max |ΔILDOS|  : 1.974e+01
last Poisson  : 12.265 s
last Quantum  : 9.077 s
-5.129691873030471e-08 1.5064317123913145e-08
Iteration counts: [0, 3, 22]

--- Iteration 25 ---
Qprime size   : 3208
max |ΔU|      : 3.385e-05
max |ΔU| norm  : 1.215e-04
max |Δn|      : 1.165e-03
max |Δn| norm  : 4.127e-03
max |ΔILDOS|  : 2.321e+01
last Poisson  : 12.251 s
last Quantum  : 9.019 s
1.1287957671942825e-07 -3.2972789232401756e-08
Iteration counts: [0, 3, 23]

--- Iteration 26 ---
Qprime size   : 3208
max |ΔU|      : 2.877e-05
max |ΔU| norm  : 1.070e-04
max |Δn|      : 9.653e-04
max |Δn| norm  : 3.317e-03
max |ΔILDOS|  : 2.406e+01
last Poisson  : 12.284 s
last Quantum  : 9.029 s
9.703886745350515e-08 -2.9577958582651523e-08
Iteration counts: [0, 3, 24]

--- Iteration 27 ---
Qprime size   : 3208
max |ΔU|      : 2.728e-05
max |ΔU| norm  : 9.507e-05
max |Δn|      : 8.942e-04
max |Δn| norm  : 3.349e-03
max |ΔILDOS|  : 1.610e+01
last Poisson  : 12.262 s
last Quantum  : 9.893 s
-1.2012849323525315e-07 3.635578084853245e-08
Iteration counts: [0, 3, 25]

--- Iteration 28 ---
Qprime size   : 3208
max |ΔU|      : 2.961e-05
max |ΔU| norm  : 1.054e-04
max |Δn|      : 1.282e-03
max |Δn| norm  : 3.870e-03
max |ΔILDOS|  : 1.861e+01
last Poisson  : 12.288 s
last Quantum  : 9.208 s
4.437804816203174e-08 -1.4463386895811448e-08
Iteration counts: [0, 3, 26]

--- Iteration 29 ---
Qprime size   : 3208
max |ΔU|      : 2.876e-05
max |ΔU| norm  : 1.109e-04
max |Δn|      : 1.361e-03
max |Δn| norm  : 4.158e-03
max |ΔILDOS|  : 1.988e+01
last Poisson  : 12.283 s
last Quantum  : 9.174 s
-3.1130881221332887e-08 1.0094782938480688e-08
Iteration counts: [0, 3, 27]

--- Iteration 30 ---
Qprime size   : 3208
max |ΔU|      : 2.979e-05
max |ΔU| norm  : 1.167e-04
max |Δn|      : 1.197e-03
max |Δn| norm  : 3.853e-03
max |ΔILDOS|  : 1.900e+01
last Poisson  : 12.990 s
last Quantum  : 10.125 s
1.3300197905438544e-08 -4.001508247687834e-09
FSC converged / stopped.
✔ Logged phi=0.0800, Vbg=2.1667

=== Running phi=0.0800, Vbg=2.3333 ===
🔄 Full Hamiltonian rebuild (qparams change)
The poisson problem has been initialized.
Iteration counts: [0, 0, 0]

--- Iteration 0 ---
Qprime size   : 3057
max |ΔU|      : 7.105e-14
max |ΔU| norm  : 2.680e-12
max |Δn|      : 1.910e-13
max |Δn| norm  : 1.452e-12
-0.0002152788023110513 6.125104365181576e-05
Iteration counts: [0, 0, 1]

--- Iteration 1 ---
Qprime size   : 3057
max |ΔU|      : 8.182e-04
max |ΔU| norm  : 3.315e-02
max |Δn|      : 7.232e-03
max |Δn| norm  : 2.467e-02
max |ΔILDOS|  : 3.717e+02
last Poisson  : 14.829 s
last Quantum  : 9.527 s
-0.0005134081108259102 0.00017029332533103145
Iteration counts: [0, 0, 2]

--- Iteration 2 ---
Qprime size   : 3057
max |ΔU|      : 1.086e-03
max |ΔU| norm  : 6.741e-02
max |Δn|      : 5.105e-03
max |Δn| norm  : 3.333e-02
max |ΔILDOS|  : 3.536e+02
last Poisson  : 13.290 s
last Quantum  : 8.653 s
-0.00030840118829069817 0.0001028431802763545
Iteration counts: [0, 1, 2]

--- Iteration 3 ---
Qprime size   : 3057
max |ΔU|      : 6.385e-04
max |ΔU| norm  : 4.060e-02
max |Δn|      : 3.097e-03
max |Δn| norm  : 1.898e-02
max |ΔILDOS|  : 3.536e+02
last Poisson  : 13.284 s
last Quantum  : 8.653 s
-0.0002466672060236651 8.23151538133943e-05
Iteration counts: [0, 1, 3]

--- Iteration 4 ---
Qprime size   : 3057
max |ΔU|      : 5.091e-04
max |ΔU| norm  : 3.249e-02
max |Δn|      : 2.415e-03
max |Δn| norm  : 1.493e-02
max |ΔILDOS|  : 3.519e+02
last Poisson  : 13.942 s
last Quantum  : 8.491 s
-8.568187971475714e-05 2.9082246950333602e-05
Iteration counts: [0, 1, 4]

--- Iteration 5 ---
Qprime size   : 3057
max |ΔU|      : 1.896e-04
max |ΔU| norm  : 1.140e-02
max |Δn|      : 1.379e-03
max |Δn| norm  : 6.811e-03
max |ΔILDOS|  : 2.388e+02
last Poisson  : 14.178 s
last Quantum  : 8.372 s
-5.225983119581855e-05 1.7747517936646654e-05
Iteration counts: [0, 1, 5]

--- Iteration 6 ---
Qprime size   : 3057
max |ΔU|      : 1.166e-04
max |ΔU| norm  : 6.986e-03
max |Δn|      : 5.332e-04
max |Δn| norm  : 3.473e-03
max |ΔILDOS|  : 1.648e+02
last Poisson  : 14.700 s
last Quantum  : 8.932 s
-3.140085254655095e-05 1.0681884486279768e-05
Iteration counts: [0, 1, 6]

--- Iteration 7 ---
Qprime size   : 3057
max |ΔU|      : 7.145e-05
max |ΔU| norm  : 4.244e-03
max |Δn|      : 3.508e-04
max |Δn| norm  : 2.090e-03
max |ΔILDOS|  : 1.057e+02
last Poisson  : 14.947 s
last Quantum  : 8.212 s
-1.8988843465498863e-05 6.463862874548728e-06
Iteration counts: [0, 1, 7]

--- Iteration 8 ---
Qprime size   : 3057
max |ΔU|      : 4.368e-05
max |ΔU| norm  : 2.585e-03
max |Δn|      : 2.295e-04
max |Δn| norm  : 1.285e-03
max |ΔILDOS|  : 6.670e+01
last Poisson  : 15.221 s
last Quantum  : 8.788 s
-1.1481197078425635e-05 3.907173610337885e-06
Iteration counts: [0, 1, 8]

--- Iteration 9 ---
Qprime size   : 3057
max |ΔU|      : 2.660e-05
max |ΔU| norm  : 1.575e-03
max |Δn|      : 1.487e-04
max |Δn| norm  : 8.102e-04
max |ΔILDOS|  : 4.075e+01
last Poisson  : 15.437 s
last Quantum  : 8.302 s
-6.930563872576126e-06 2.3611591740548893e-06
Iteration counts: [0, 1, 9]

--- Iteration 10 ---
Qprime size   : 3057
max |ΔU|      : 1.620e-05
max |ΔU| norm  : 9.565e-04
max |Δn|      : 9.607e-05
max |Δn| norm  : 5.139e-04
max |ΔILDOS|  : 2.512e+01
last Poisson  : 15.297 s
last Quantum  : 8.364 s
-4.1896549347556085e-06 1.4258181290712122e-06
Iteration counts: [0, 1, 10]

--- Iteration 11 ---
Qprime size   : 3057
max |ΔU|      : 1.006e-05
max |ΔU| norm  : 5.849e-04
max |Δn|      : 6.137e-05
max |Δn| norm  : 3.374e-04
max |ΔILDOS|  : 1.545e+01
last Poisson  : 15.385 s
last Quantum  : 8.646 s
-2.5002117717070635e-06 8.548148868199837e-07
Iteration counts: [0, 1, 11]

--- Iteration 12 ---
Qprime size   : 3057
max |ΔU|      : 6.145e-06
max |ΔU| norm  : 3.529e-04
max |Δn|      : 5.033e-05
max |Δn| norm  : 2.254e-04
max |ΔILDOS|  : 9.313e+00
last Poisson  : 15.475 s
last Quantum  : 9.066 s
-1.512274768546756e-06 5.188586797633877e-07
Iteration counts: [0, 1, 12]

--- Iteration 13 ---
Qprime size   : 3057
max |ΔU|      : 3.844e-06
max |ΔU| norm  : 2.154e-04
max |Δn|      : 4.838e-05
max |Δn| norm  : 1.535e-04
max |ΔILDOS|  : 5.924e+00
last Poisson  : 15.615 s
last Quantum  : 8.278 s
-9.15789024217586e-07 3.1396789918130216e-07
Iteration counts: [0, 1, 13]

--- Iteration 14 ---
Qprime size   : 3057
max |ΔU|      : 2.391e-06
max |ΔU| norm  : 1.320e-04
max |Δn|      : 4.865e-05
max |Δn| norm  : 1.119e-04
max |ΔILDOS|  : 3.644e+00
last Poisson  : 15.381 s
last Quantum  : 8.320 s
-5.598882374939716e-07 1.912595342453971e-07
Iteration counts: [0, 1, 14]

--- Iteration 15 ---
Qprime size   : 3057
max |ΔU|      : 1.475e-06
max |ΔU| norm  : 8.122e-05
max |Δn|      : 5.011e-05
max |Δn| norm  : 9.066e-05
max |ΔILDOS|  : 2.194e+00
last Poisson  : 15.598 s
last Quantum  : 8.621 s
-3.470634901585918e-07 1.1782120110568452e-07
Iteration counts: [0, 1, 15]

--- Iteration 16 ---
Qprime size   : 3057
max |ΔU|      : 1.221e-06
max |ΔU| norm  : 5.028e-05
max |Δn|      : 4.929e-05
max |Δn| norm  : 7.964e-05
max |ΔILDOS|  : 1.308e+00
last Poisson  : 14.611 s
last Quantum  : 8.896 s
-2.130506490585385e-07 7.206149698606029e-08
Iteration counts: [0, 1, 16]

--- Iteration 17 ---
Qprime size   : 3057
max |ΔU|      : 9.997e-07
max |ΔU| norm  : 3.104e-05
max |Δn|      : 4.998e-05
max |Δn| norm  : 7.494e-05
max |ΔILDOS|  : 7.757e-01
last Poisson  : 14.928 s
last Quantum  : 8.762 s
-1.3435300239424888e-07 4.511224316660144e-08
Iteration counts: [0, 1, 17]

--- Iteration 18 ---
Qprime size   : 3057
max |ΔU|      : 1.136e-06
max |ΔU| norm  : 1.940e-05
max |Δn|      : 4.984e-05
max |Δn| norm  : 7.291e-05
max |ΔILDOS|  : 4.975e-01
last Poisson  : 14.817 s
last Quantum  : 8.761 s
-8.191090427676764e-08 2.744475195117774e-08
Iteration counts: [0, 1, 18]

--- Iteration 19 ---
Qprime size   : 3057
max |ΔU|      : 1.056e-06
max |ΔU| norm  : 1.204e-05
max |Δn|      : 5.020e-05
max |Δn| norm  : 7.232e-05
max |ΔILDOS|  : 4.367e-01
last Poisson  : 14.928 s
last Quantum  : 8.728 s
-5.282386751712461e-08 1.753042210760259e-08
Iteration counts: [0, 1, 19]

--- Iteration 20 ---
Qprime size   : 3057
max |ΔU|      : 1.110e-06
max |ΔU| norm  : 7.683e-06
max |Δn|      : 5.034e-05
max |Δn| norm  : 7.225e-05
max |ΔILDOS|  : 4.708e-01
last Poisson  : 14.855 s
last Quantum  : 8.854 s
-3.116086643485095e-08 1.037253722531453e-08
Iteration counts: [0, 1, 20]

--- Iteration 21 ---
Qprime size   : 3057
max |ΔU|      : 1.084e-06
max |ΔU| norm  : 4.861e-06
max |Δn|      : 5.066e-05
max |Δn| norm  : 7.248e-05
max |ΔILDOS|  : 4.507e-01
last Poisson  : 14.998 s
last Quantum  : 8.838 s
-2.1228957811028816e-08 6.950989885404934e-09
Iteration counts: [0, 1, 21]

--- Iteration 22 ---
Qprime size   : 3057
max |ΔU|      : 1.108e-06
max |ΔU| norm  : 3.349e-06
max |Δn|      : 5.090e-05
max |Δn| norm  : 7.280e-05
max |ΔILDOS|  : 4.644e-01
last Poisson  : 15.027 s
last Quantum  : 8.947 s
-1.1533481995602193e-08 3.830134599087317e-09
Iteration counts: [0, 1, 22]

--- Iteration 23 ---
Qprime size   : 3057
max |ΔU|      : 1.102e-06
max |ΔU| norm  : 2.360e-06
max |Δn|      : 5.121e-05
max |Δn| norm  : 7.319e-05
max |ΔILDOS|  : 4.596e-01
last Poisson  : 15.149 s
last Quantum  : 9.122 s
-8.987469728578498e-09 2.890186084960476e-09
Iteration counts: [0, 1, 23]

--- Iteration 24 ---
Qprime size   : 3057
max |ΔU|      : 1.115e-06
max |ΔU| norm  : 1.966e-06
max |Δn|      : 5.149e-05
max |Δn| norm  : 7.359e-05
max |ΔILDOS|  : 4.667e-01
last Poisson  : 15.066 s
last Quantum  : 8.876 s
-3.902555531971857e-09 1.3109380339860365e-09
Iteration counts: [0, 1, 24]

--- Iteration 25 ---
Qprime size   : 3057
max |ΔU|      : 1.117e-06
max |ΔU| norm  : 1.703e-06
max |Δn|      : 5.181e-05
max |Δn| norm  : 7.401e-05
max |ΔILDOS|  : 4.667e-01
last Poisson  : 15.240 s
last Quantum  : 9.187 s
-4.22724893153006e-09 1.3255523392516788e-09
Iteration counts: [0, 1, 25]

--- Iteration 26 ---
Qprime size   : 3057
max |ΔU|      : 1.126e-06
max |ΔU| norm  : 1.650e-06
max |Δn|      : 5.212e-05
max |Δn| norm  : 7.443e-05
max |ΔILDOS|  : 4.712e-01
last Poisson  : 15.163 s
last Quantum  : 8.906 s
-9.074456691138621e-10 3.3189160805287724e-10
Iteration counts: [0, 1, 26]

--- Iteration 27 ---
Qprime size   : 3057
max |ΔU|      : 1.131e-06
max |ΔU| norm  : 1.597e-06
max |Δn|      : 5.245e-05
max |Δn| norm  : 7.486e-05
max |ΔILDOS|  : 4.731e-01
last Poisson  : 14.787 s
last Quantum  : 10.174 s
-2.355647626421258e-09 7.161618471381084e-10
Iteration counts: [0, 1, 27]

--- Iteration 28 ---
Qprime size   : 3057
max |ΔU|      : 1.139e-06
max |ΔU| norm  : 1.604e-06
max |Δn|      : 5.277e-05
max |Δn| norm  : 7.529e-05
max |ΔILDOS|  : 4.767e-01
last Poisson  : 13.166 s
last Quantum  : 10.009 s
2.885544767412791e-10 -5.488644671209322e-11
Iteration counts: [0, 1, 28]

--- Iteration 29 ---
Qprime size   : 3057
max |ΔU|      : 1.146e-06
max |ΔU| norm  : 1.598e-06
max |Δn|      : 5.310e-05
max |Δn| norm  : 7.573e-05
max |ΔILDOS|  : 4.793e-01
last Poisson  : 14.979 s
last Quantum  : 9.202 s
-1.6175197784930267e-09 4.778692069957978e-10
Iteration counts: [0, 1, 29]

--- Iteration 30 ---
Qprime size   : 3057
max |ΔU|      : 1.153e-06
max |ΔU| norm  : 1.610e-06
max |Δn|      : 5.343e-05
max |Δn| norm  : 7.617e-05
max |ΔILDOS|  : 4.826e-01
last Poisson  : 15.103 s
last Quantum  : 9.218 s
7.764582063269667e-10 -2.1088418880356475e-10
FSC converged / stopped.
✔ Logged phi=0.0800, Vbg=2.3333

=== Running phi=0.0800, Vbg=2.5000 ===
🔄 Full Hamiltonian rebuild (qparams change)
The poisson problem has been initialized.
Iteration counts: [0, 0, 0]

--- Iteration 0 ---
Qprime size   : 2904
max |ΔU|      : 6.750e-14
max |ΔU| norm  : 2.252e-12
max |Δn|      : 1.986e-13
max |Δn| norm  : 1.673e-12
-0.00011597337000351884 2.4651535741009872e-05
Iteration counts: [0, 0, 1]

--- Iteration 1 ---
Qprime size   : 2904
max |ΔU|      : 7.643e-04
max |ΔU| norm  : 2.757e-02
max |Δn|      : 8.165e-03
max |Δn| norm  : 2.678e-02
max |ΔILDOS|  : 4.633e+02
last Poisson  : 14.846 s
last Quantum  : 8.476 s
-0.0003931909891720754 0.00012561217531001438
Iteration counts: [0, 0, 2]

--- Iteration 2 ---
Qprime size   : 2904
max |ΔU|      : 9.743e-04
max |ΔU| norm  : 5.444e-02
max |Δn|      : 4.621e-03
max |Δn| norm  : 3.236e-02
max |ΔILDOS|  : 3.507e+02
last Poisson  : 14.808 s
last Quantum  : 9.062 s
-0.0002309174075615896 7.406171620843809e-05
Iteration counts: [0, 1, 2]

--- Iteration 3 ---
Qprime size   : 2904
max |ΔU|      : 5.965e-04
max |ΔU| norm  : 3.234e-02
max |Δn|      : 2.676e-03
max |Δn| norm  : 1.913e-02
max |ΔILDOS|  : 3.507e+02
last Poisson  : 14.905 s
last Quantum  : 9.062 s
-0.00018463934469927754 5.928349281188405e-05
Iteration counts: [0, 1, 3]

--- Iteration 4 ---
Qprime size   : 2904
max |ΔU|      : 4.763e-04
max |ΔU| norm  : 2.588e-02
max |Δn|      : 2.094e-03
max |Δn| norm  : 1.476e-02
max |ΔILDOS|  : 3.515e+02
last Poisson  : 14.851 s
last Quantum  : 8.343 s
-6.472046073874006e-05 2.0906157623509378e-05
Iteration counts: [0, 1, 4]

--- Iteration 5 ---
Qprime size   : 2904
max |ΔU|      : 1.658e-04
max |ΔU| norm  : 9.126e-03
max |Δn|      : 1.499e-03
max |Δn| norm  : 1.243e-02
max |ΔILDOS|  : 2.110e+02
last Poisson  : 14.845 s
last Quantum  : 8.476 s
-3.834276888336647e-05 1.251867246542569e-05
Iteration counts: [0, 1, 5]

--- Iteration 6 ---
Qprime size   : 2904
max |ΔU|      : 1.046e-04
max |ΔU| norm  : 5.538e-03
max |Δn|      : 1.008e-03
max |Δn| norm  : 5.952e-03
max |ΔILDOS|  : 1.479e+02
last Poisson  : 14.861 s
last Quantum  : 8.319 s
-2.3156627436291538e-05 7.604501995861116e-06
Iteration counts: [0, 1, 6]

--- Iteration 7 ---
Qprime size   : 2904
max |ΔU|      : 6.285e-05
max |ΔU| norm  : 3.361e-03
max |Δn|      : 9.400e-04
max |Δn| norm  : 5.939e-03
max |ΔILDOS|  : 9.157e+01
last Poisson  : 15.028 s
last Quantum  : 8.365 s
-1.3980426109590009e-05 4.614016027634355e-06
Iteration counts: [0, 1, 7]

--- Iteration 8 ---
Qprime size   : 2904
max |ΔU|      : 3.840e-05
max |ΔU| norm  : 2.051e-03
max |Δn|      : 9.623e-04
max |Δn| norm  : 6.654e-03
max |ΔILDOS|  : 5.723e+01
last Poisson  : 14.892 s
last Quantum  : 8.287 s
-8.763141993007822e-06 2.8869220259664985e-06
Iteration counts: [0, 1, 8]

--- Iteration 9 ---
Qprime size   : 2904
max |ΔU|      : 2.666e-05
max |ΔU| norm  : 1.276e-03
max |Δn|      : 1.001e-03
max |Δn| norm  : 7.649e-03
max |ΔILDOS|  : 3.463e+01
last Poisson  : 14.964 s
last Quantum  : 8.177 s
-4.991313707768531e-06 1.6622653145755844e-06
Iteration counts: [0, 1, 9]

--- Iteration 10 ---
Qprime size   : 2904
max |ΔU|      : 1.942e-05
max |ΔU| norm  : 7.711e-04
max |Δn|      : 1.016e-03
max |Δn| norm  : 8.677e-03
max |ΔILDOS|  : 2.360e+01
last Poisson  : 14.846 s
last Quantum  : 8.281 s
-2.9993244555909403e-06 1.0038226336850827e-06
Iteration counts: [0, 1, 10]

--- Iteration 11 ---
Qprime size   : 2904
max |ΔU|      : 1.831e-05
max |ΔU| norm  : 4.944e-04
max |Δn|      : 1.021e-03
max |Δn| norm  : 8.945e-03
max |ΔILDOS|  : 2.252e+01
last Poisson  : 15.136 s
last Quantum  : 8.640 s
-1.7724132662812687e-06 5.959040461050618e-07
Iteration counts: [0, 1, 11]

--- Iteration 12 ---
Qprime size   : 2904
max |ΔU|      : 1.833e-05
max |ΔU| norm  : 3.369e-04
max |Δn|      : 1.021e-03
max |Δn| norm  : 8.909e-03
max |ΔILDOS|  : 2.533e+01
last Poisson  : 14.923 s
last Quantum  : 8.649 s
-1.1698310682947616e-06 3.887157228200261e-07
Iteration counts: [0, 1, 12]

--- Iteration 13 ---
Qprime size   : 2904
max |ΔU|      : 1.651e-05
max |ΔU| norm  : 2.458e-04
max |Δn|      : 1.009e-03
max |Δn| norm  : 8.807e-03
max |ΔILDOS|  : 1.797e+01
last Poisson  : 14.991 s
last Quantum  : 8.547 s
-8.2664919138576e-07 2.678348205384086e-07
Iteration counts: [0, 1, 13]

--- Iteration 14 ---
Qprime size   : 2904
max |ΔU|      : 1.858e-05
max |ΔU| norm  : 2.167e-04
max |Δn|      : 1.011e-03
max |Δn| norm  : 9.202e-03
max |ΔILDOS|  : 2.316e+01
last Poisson  : 14.961 s
last Quantum  : 8.240 s
-5.916309426905853e-07 1.8774387819518611e-07
Iteration counts: [0, 1, 14]

--- Iteration 15 ---
Qprime size   : 2904
max |ΔU|      : 2.218e-05
max |ΔU| norm  : 2.052e-04
max |Δn|      : 1.018e-03
max |Δn| norm  : 9.636e-03
max |ΔILDOS|  : 2.308e+01
last Poisson  : 14.953 s
last Quantum  : 8.246 s
-1.6002716552587135e-07 5.863422898024433e-08
Iteration counts: [0, 1, 15]

--- Iteration 16 ---
Qprime size   : 2904
max |ΔU|      : 1.656e-05
max |ΔU| norm  : 1.781e-04
max |Δn|      : 1.030e-03
max |Δn| norm  : 9.739e-03
max |ΔILDOS|  : 1.886e+01
last Poisson  : 15.015 s
last Quantum  : 9.326 s
-1.5062350958834046e-07 5.1137476395320794e-08
Iteration counts: [0, 1, 16]

--- Iteration 17 ---
Qprime size   : 2904
max |ΔU|      : 1.829e-05
max |ΔU| norm  : 1.759e-04
max |Δn|      : 1.011e-03
max |Δn| norm  : 9.487e-03
max |ΔILDOS|  : 2.000e+01
last Poisson  : 14.889 s
last Quantum  : 8.593 s
-1.4313337721080237e-07 4.4657652494980336e-08
Iteration counts: [0, 1, 17]

--- Iteration 18 ---
Qprime size   : 2904
max |ΔU|      : 1.956e-05
max |ΔU| norm  : 1.904e-04
max |Δn|      : 1.011e-03
max |Δn| norm  : 9.466e-03
max |ΔILDOS|  : 2.371e+01
last Poisson  : 14.912 s
last Quantum  : 8.127 s
-1.1801995476104895e-07 3.579073244955688e-08
Iteration counts: [0, 1, 18]

--- Iteration 19 ---
Qprime size   : 2904
max |ΔU|      : 1.752e-05
max |ΔU| norm  : 1.720e-04
max |Δn|      : 1.014e-03
max |Δn| norm  : 9.796e-03
max |ΔILDOS|  : 2.060e+01
last Poisson  : 14.984 s
last Quantum  : 8.051 s
-3.07922127732476e-08 9.79493338407425e-09
Iteration counts: [0, 1, 19]

--- Iteration 20 ---
Qprime size   : 2904
max |ΔU|      : 1.783e-05
max |ΔU| norm  : 1.712e-04
max |Δn|      : 1.052e-03
max |Δn| norm  : 1.016e-02
max |ΔILDOS|  : 1.872e+01
last Poisson  : 14.905 s
last Quantum  : 8.179 s
-8.017531070949343e-09 3.991452308603219e-09
Iteration counts: [0, 1, 20]

--- Iteration 21 ---
Qprime size   : 2904
max |ΔU|      : 1.863e-05
max |ΔU| norm  : 1.765e-04
max |Δn|      : 1.014e-03
max |Δn| norm  : 1.015e-02
max |ΔILDOS|  : 2.186e+01
last Poisson  : 14.990 s
last Quantum  : 8.345 s
-1.853533645402744e-07 5.1844576234028205e-08
Iteration counts: [0, 1, 21]

--- Iteration 22 ---
Qprime size   : 2904
max |ΔU|      : 1.870e-05
max |ΔU| norm  : 1.837e-04
max |Δn|      : 1.026e-03
max |Δn| norm  : 1.013e-02
max |ΔILDOS|  : 2.432e+01
last Poisson  : 14.845 s
last Quantum  : 8.326 s
-1.1272930904242372e-07 3.165672370555941e-08
Iteration counts: [0, 1, 22]

--- Iteration 23 ---
Qprime size   : 2904
max |ΔU|      : 1.660e-05
max |ΔU| norm  : 1.624e-04
max |Δn|      : 1.014e-03
max |Δn| norm  : 1.034e-02
max |ΔILDOS|  : 1.618e+01
last Poisson  : 14.929 s
last Quantum  : 8.022 s
7.269587722270433e-08 -2.0689894600824267e-08
Iteration counts: [0, 1, 23]

--- Iteration 24 ---
Qprime size   : 2904
max |ΔU|      : 1.759e-05
max |ΔU| norm  : 1.668e-04
max |Δn|      : 1.013e-03
max |Δn| norm  : 1.075e-02
max |ΔILDOS|  : 1.927e+01
last Poisson  : 15.043 s
last Quantum  : 8.182 s
1.4529967994071681e-07 -3.946538587052674e-08
Iteration counts: [0, 1, 24]

--- Iteration 25 ---
Qprime size   : 2904
max |ΔU|      : 1.845e-05
max |ΔU| norm  : 1.695e-04
max |Δn|      : 1.015e-03
max |Δn| norm  : 1.060e-02
max |ΔILDOS|  : 1.792e+01
last Poisson  : 15.010 s
last Quantum  : 7.945 s
6.120409058913941e-08 -1.6994979240952945e-08
Iteration counts: [0, 1, 25]

--- Iteration 26 ---
Qprime size   : 2904
max |ΔU|      : 1.622e-05
max |ΔU| norm  : 1.709e-04
max |Δn|      : 1.012e-03
max |Δn| norm  : 1.026e-02
max |ΔILDOS|  : 1.637e+01
last Poisson  : 14.991 s
last Quantum  : 8.025 s
-1.3541098443878214e-07 3.770087243333195e-08
Iteration counts: [0, 1, 26]

--- Iteration 27 ---
Qprime size   : 2904
max |ΔU|      : 1.898e-05
max |ΔU| norm  : 1.651e-04
max |Δn|      : 1.018e-03
max |Δn| norm  : 1.031e-02
max |ΔILDOS|  : 1.756e+01
last Poisson  : 15.108 s
last Quantum  : 8.173 s
4.301838879830751e-09 -1.968421265367765e-09
Iteration counts: [0, 1, 27]

--- Iteration 28 ---
Qprime size   : 2904
max |ΔU|      : 1.763e-05
max |ΔU| norm  : 1.652e-04
max |Δn|      : 1.010e-03
max |Δn| norm  : 1.068e-02
max |ΔILDOS|  : 1.935e+01
last Poisson  : 15.053 s
last Quantum  : 8.054 s
7.752288021129351e-08 -2.080689219940267e-08
Iteration counts: [0, 1, 28]

--- Iteration 29 ---
Qprime size   : 2904
max |ΔU|      : 1.959e-05
max |ΔU| norm  : 1.774e-04
max |Δn|      : 1.021e-03
max |Δn| norm  : 1.079e-02
max |ΔILDOS|  : 1.993e+01
last Poisson  : 14.974 s
last Quantum  : 8.025 s
-3.182372207815868e-08 8.898008965336422e-09
Iteration counts: [0, 1, 29]

--- Iteration 30 ---
Qprime size   : 2904
max |ΔU|      : 1.593e-05
max |ΔU| norm  : 1.710e-04
max |Δn|      : 1.012e-03
max |Δn| norm  : 1.039e-02
max |ΔILDOS|  : 1.714e+01
last Poisson  : 14.976 s
last Quantum  : 8.380 s
-1.0901551557717723e-07 3.059534845723243e-08
FSC converged / stopped.
✔ Logged phi=0.0800, Vbg=2.5000

=== Running phi=0.0844, Vbg=1.0000 ===
🔄 Full Hamiltonian rebuild (qparams change)
The poisson problem has been initialized.
Iteration counts: [0, 0, 0]

--- Iteration 0 ---
Qprime size   : 2834
max |ΔU|      : 2.487e-14
max |ΔU| norm  : 6.527e-13
max |Δn|      : 1.015e-13
max |Δn| norm  : 7.201e-13
-0.0018724096505331198 0.0006777961592703659
Iteration counts: [0, 0, 1]

--- Iteration 1 ---
Qprime size   : 2834
max |ΔU|      : 2.060e-03
max |ΔU| norm  : 2.148e-01
max |Δn|      : 6.306e-03
max |Δn| norm  : 6.585e-02
max |ΔILDOS|  : 3.803e+02
last Poisson  : 14.888 s
last Quantum  : 10.134 s
-0.0013850633713606835 0.00048286380270137156
Iteration counts: [0, 1, 1]

--- Iteration 2 ---
Qprime size   : 2834
max |ΔU|      : 1.749e-03
max |ΔU| norm  : 1.605e-01
max |Δn|      : 4.675e-03
max |Δn| norm  : 5.075e-02
max |ΔILDOS|  : 3.803e+02
last Poisson  : 12.732 s
last Quantum  : 10.134 s
-0.0011073658361800717 0.00038623303993508864
Iteration counts: [0, 2, 1]

--- Iteration 3 ---
Qprime size   : 2834
max |ΔU|      : 1.396e-03
max |ΔU| norm  : 1.284e-01
max |Δn|      : 3.701e-03
max |Δn| norm  : 4.110e-02
max |ΔILDOS|  : 3.803e+02
last Poisson  : 12.702 s
last Quantum  : 10.134 s
-0.0008847861001300928 0.0003087756677315539
Iteration counts: [0, 3, 1]

--- Iteration 4 ---
Qprime size   : 2834
max |ΔU|      : 1.114e-03
max |ΔU| norm  : 1.026e-01
max |Δn|      : 2.929e-03
max |Δn| norm  : 3.360e-02
max |ΔILDOS|  : 3.803e+02
last Poisson  : 12.723 s
last Quantum  : 10.134 s
-0.0007074033427708015 0.00024698995361221543
Iteration counts: [0, 4, 1]

--- Iteration 5 ---
Qprime size   : 2834
max |ΔU|      : 8.896e-04
max |ΔU| norm  : 8.208e-02
max |Δn|      : 2.564e-03
max |Δn| norm  : 2.849e-02
max |ΔILDOS|  : 3.803e+02
last Poisson  : 13.423 s
last Quantum  : 10.134 s
-0.0005654119893812242 0.0001975114441172388
Iteration counts: [0, 4, 2]

--- Iteration 6 ---
Qprime size   : 2834
max |ΔU|      : 7.104e-04
max |ΔU| norm  : 6.563e-02
max |Δn|      : 2.937e-03
max |Δn| norm  : 2.462e-02
max |ΔILDOS|  : 4.060e+02
last Poisson  : 13.284 s
last Quantum  : 6.448 s
0.0004986509184855757 -0.00017266132669222317
Iteration counts: [0, 4, 3]

--- Iteration 7 ---
Qprime size   : 2834
max |ΔU|      : 7.107e-04
max |ΔU| norm  : 5.770e-02
max |Δn|      : 5.279e-03
max |Δn| norm  : 3.515e-02
max |ΔILDOS|  : 4.027e+02
last Poisson  : 14.523 s
last Quantum  : 9.015 s
0.00029953215928658667 -0.00010399910188298042
Iteration counts: [0, 5, 3]

--- Iteration 8 ---
Qprime size   : 2834
max |ΔU|      : 4.063e-04
max |ΔU| norm  : 3.436e-02
max |Δn|      : 2.590e-03
max |Δn| norm  : 2.571e-02
max |ΔILDOS|  : 4.027e+02
last Poisson  : 15.699 s
last Quantum  : 9.015 s
0.0002378288117235849 -8.275403477374079e-05
Iteration counts: [0, 5, 4]

--- Iteration 9 ---
Qprime size   : 2834
max |ΔU|      : 3.229e-04
max |ΔU| norm  : 2.731e-02
max |Δn|      : 1.958e-03
max |Δn| norm  : 1.764e-02
max |ΔILDOS|  : 4.124e+02
last Poisson  : 15.349 s
last Quantum  : 8.229 s
7.799457626496344e-05 -2.7060279064743368e-05
Iteration counts: [0, 5, 5]

--- Iteration 10 ---
Qprime size   : 2834
max |ΔU|      : 1.432e-04
max |ΔU| norm  : 9.105e-03
max |Δn|      : 2.649e-03
max |Δn| norm  : 2.557e-02
max |ΔILDOS|  : 1.961e+02
last Poisson  : 15.551 s
last Quantum  : 9.025 s
4.735891445248066e-05 -1.6336788550484246e-05
Iteration counts: [0, 5, 6]

--- Iteration 11 ---
Qprime size   : 2834
max |ΔU|      : 1.205e-04
max |ΔU| norm  : 5.575e-03
max |Δn|      : 2.612e-03
max |Δn| norm  : 1.794e-02
max |ΔILDOS|  : 1.401e+02
last Poisson  : 15.703 s
last Quantum  : 8.654 s
2.5485688023895165e-05 -8.866301930810594e-06
Iteration counts: [0, 5, 7]

--- Iteration 12 ---
Qprime size   : 2834
max |ΔU|      : 9.413e-05
max |ΔU| norm  : 3.154e-03
max |Δn|      : 2.447e-03
max |Δn| norm  : 2.088e-02
max |ΔILDOS|  : 7.708e+01
last Poisson  : 15.614 s
last Quantum  : 8.875 s
1.690709129209025e-05 -5.7523860838421996e-06
Iteration counts: [0, 5, 8]

--- Iteration 13 ---
Qprime size   : 2834
max |ΔU|      : 8.127e-05
max |ΔU| norm  : 2.210e-03
max |Δn|      : 2.504e-03
max |Δn| norm  : 2.254e-02
max |ΔILDOS|  : 7.558e+01
last Poisson  : 15.677 s
last Quantum  : 8.934 s
7.257972075090797e-06 -2.6260499618132713e-06
Iteration counts: [0, 5, 9]

--- Iteration 14 ---
Qprime size   : 2834
max |ΔU|      : 7.917e-05
max |ΔU| norm  : 1.350e-03
max |Δn|      : 2.464e-03
max |Δn| norm  : 2.170e-02
max |ΔILDOS|  : 7.914e+01
last Poisson  : 15.466 s
last Quantum  : 9.448 s
1.0354142418912285e-05 -3.2360655243253874e-06
Iteration counts: [0, 5, 10]

--- Iteration 15 ---
Qprime size   : 2834
max |ΔU|      : 1.161e-04
max |ΔU| norm  : 1.697e-03
max |Δn|      : 2.584e-03
max |Δn| norm  : 2.316e-02
max |ΔILDOS|  : 1.087e+02
last Poisson  : 15.275 s
last Quantum  : 9.202 s
3.827224457248266e-06 -1.2573336595600254e-06
Iteration counts: [0, 5, 11]

--- Iteration 16 ---
Qprime size   : 2834
max |ΔU|      : 1.064e-04
max |ΔU| norm  : 1.141e-03
max |Δn|      : 2.586e-03
max |Δn| norm  : 2.279e-02
max |ΔILDOS|  : 9.366e+01
last Poisson  : 15.308 s
last Quantum  : 9.383 s
4.097923745469815e-06 -1.2689353872583183e-06
Iteration counts: [0, 5, 12]

--- Iteration 17 ---
Qprime size   : 2834
max |ΔU|      : 8.339e-05
max |ΔU| norm  : 1.103e-03
max |Δn|      : 2.530e-03
max |Δn| norm  : 2.284e-02
max |ΔILDOS|  : 8.321e+01
last Poisson  : 15.374 s
last Quantum  : 9.406 s
-8.123609698943726e-07 2.0223179551139474e-07
Iteration counts: [0, 5, 13]

--- Iteration 18 ---
Qprime size   : 2834
max |ΔU|      : 7.947e-05
max |ΔU| norm  : 1.021e-03
max |Δn|      : 2.704e-03
max |Δn| norm  : 2.342e-02
max |ΔILDOS|  : 7.454e+01
last Poisson  : 15.360 s
last Quantum  : 9.116 s
3.106065702086376e-06 -9.315671742209848e-07
Iteration counts: [0, 5, 14]

--- Iteration 19 ---
Qprime size   : 2834
max |ΔU|      : 1.036e-04
max |ΔU| norm  : 1.204e-03
max |Δn|      : 2.490e-03
max |Δn| norm  : 2.372e-02
max |ΔILDOS|  : 9.681e+01
last Poisson  : 15.335 s
last Quantum  : 8.815 s
-2.3426517040996384e-06 6.464949986112614e-07
Iteration counts: [0, 5, 15]

--- Iteration 20 ---
Qprime size   : 2834
max |ΔU|      : 7.774e-05
max |ΔU| norm  : 1.019e-03
max |Δn|      : 2.728e-03
max |Δn| norm  : 2.224e-02
max |ΔILDOS|  : 9.066e+01
last Poisson  : 14.472 s
last Quantum  : 6.568 s
-1.9702563765150668e-07 5.831313213291108e-08
Iteration counts: [0, 5, 16]

--- Iteration 21 ---
Qprime size   : 2834
max |ΔU|      : 8.942e-05
max |ΔU| norm  : 1.078e-03
max |Δn|      : 2.728e-03
max |Δn| norm  : 2.262e-02
max |ΔILDOS|  : 9.118e+01
last Poisson  : 13.132 s
last Quantum  : 8.123 s
-1.1398611335267997e-06 3.179057672914795e-07
Iteration counts: [0, 5, 17]

--- Iteration 22 ---
Qprime size   : 2834
max |ΔU|      : 9.943e-05
max |ΔU| norm  : 1.116e-03
max |Δn|      : 2.501e-03
max |Δn| norm  : 2.245e-02
max |ΔILDOS|  : 1.189e+02
last Poisson  : 13.013 s
last Quantum  : 6.463 s
4.463041522253343e-06 -1.2757219732517252e-06
Iteration counts: [0, 5, 18]

--- Iteration 23 ---
Qprime size   : 2834
max |ΔU|      : 1.079e-04
max |ΔU| norm  : 1.238e-03
max |Δn|      : 2.593e-03
max |Δn| norm  : 2.305e-02
max |ΔILDOS|  : 1.104e+02
last Poisson  : 13.417 s
last Quantum  : 6.389 s
-2.6202328899316245e-06 7.476779984853548e-07
Iteration counts: [0, 5, 19]

--- Iteration 24 ---
Qprime size   : 2834
max |ΔU|      : 8.597e-05
max |ΔU| norm  : 1.111e-03
max |Δn|      : 2.418e-03
max |Δn| norm  : 2.236e-02
max |ΔILDOS|  : 9.481e+01
last Poisson  : 13.748 s
last Quantum  : 6.417 s
2.156341939101353e-06 -6.011292229360966e-07
Iteration counts: [0, 5, 20]

--- Iteration 25 ---
Qprime size   : 2834
max |ΔU|      : 1.143e-04
max |ΔU| norm  : 1.169e-03
max |Δn|      : 2.539e-03
max |Δn| norm  : 2.225e-02
max |ΔILDOS|  : 1.195e+02
last Poisson  : 13.871 s
last Quantum  : 6.616 s
-3.4078085846154618e-06 9.628397750572506e-07
Iteration counts: [0, 5, 21]

--- Iteration 26 ---
Qprime size   : 2834
max |ΔU|      : 8.560e-05
max |ΔU| norm  : 1.112e-03
max |Δn|      : 2.376e-03
max |Δn| norm  : 2.201e-02
max |ΔILDOS|  : 9.759e+01
last Poisson  : 14.021 s
last Quantum  : 6.782 s
1.671030206660935e-06 -4.57365354656185e-07
Iteration counts: [0, 5, 22]

--- Iteration 27 ---
Qprime size   : 2834
max |ΔU|      : 1.008e-04
max |ΔU| norm  : 1.131e-03
max |Δn|      : 2.432e-03
max |Δn| norm  : 2.304e-02
max |ΔILDOS|  : 8.565e+01
last Poisson  : 14.321 s
last Quantum  : 6.748 s
-2.0039057602634375e-06 5.590340180863845e-07
Iteration counts: [0, 5, 23]

--- Iteration 28 ---
Qprime size   : 2834
max |ΔU|      : 1.040e-04
max |ΔU| norm  : 1.100e-03
max |Δn|      : 2.643e-03
max |Δn| norm  : 2.259e-02
max |ΔILDOS|  : 1.172e+02
last Poisson  : 14.583 s
last Quantum  : 6.630 s
2.4247794647186648e-06 -7.203013915026117e-07
Iteration counts: [0, 5, 24]

--- Iteration 29 ---
Qprime size   : 2834
max |ΔU|      : 1.111e-04
max |ΔU| norm  : 1.120e-03
max |Δn|      : 2.750e-03
max |Δn| norm  : 2.155e-02
max |ΔILDOS|  : 1.085e+02
last Poisson  : 14.576 s
last Quantum  : 7.723 s
-1.5432176913592913e-06 4.577374841359923e-07
Iteration counts: [0, 5, 25]

--- Iteration 30 ---
Qprime size   : 2834
max |ΔU|      : 7.792e-05
max |ΔU| norm  : 9.967e-04
max |Δn|      : 2.399e-03
max |Δn| norm  : 2.277e-02
max |ΔILDOS|  : 8.053e+01
last Poisson  : 15.608 s
last Quantum  : 7.269 s
3.389913714053075e-06 -9.488171579783848e-07
FSC converged / stopped.
✔ Logged phi=0.0844, Vbg=1.0000

=== Running phi=0.0844, Vbg=1.1667 ===
🔄 Full Hamiltonian rebuild (qparams change)
The poisson problem has been initialized.
Iteration counts: [0, 0, 0]

--- Iteration 0 ---
Qprime size   : 2834
-0.0007321494672921204 0.00025146903071847034
Iteration counts: [0, 1, 0]

--- Iteration 1 ---
Qprime size   : 2834
max |ΔU|      : 1.047e-03
max |ΔU| norm  : 8.658e-02
max |Δn|      : 4.288e-03
max |Δn| norm  : 3.628e-02
last Poisson  : 14.897 s
-0.0005857990851422123 0.0002013996850792776
Iteration counts: [0, 2, 0]

--- Iteration 2 ---
Qprime size   : 2834
max |ΔU|      : 8.377e-04
max |ΔU| norm  : 6.934e-02
max |Δn|      : 3.326e-03
max |Δn| norm  : 2.881e-02
last Poisson  : 14.747 s
-0.0004683727218153023 0.00016122026018778094
Iteration counts: [0, 2, 1]

--- Iteration 3 ---
Qprime size   : 2834
max |ΔU|      : 6.678e-04
max |ΔU| norm  : 5.545e-02
max |Δn|      : 2.581e-03
max |Δn| norm  : 2.312e-02
max |ΔILDOS|  : 4.168e+02
last Poisson  : 14.792 s
last Quantum  : 7.759 s
-0.00107507872638148 0.00037988820152810057
Iteration counts: [0, 2, 2]

--- Iteration 4 ---
Qprime size   : 2834
max |ΔU|      : 1.349e-03
max |ΔU| norm  : 1.243e-01
max |Δn|      : 4.123e-03
max |Δn| norm  : 4.510e-02
max |ΔILDOS|  : 4.374e+02
last Poisson  : 14.986 s
last Quantum  : 7.415 s
-0.000640704525725429 0.00022689170216323896
Iteration counts: [0, 3, 2]

--- Iteration 5 ---
Qprime size   : 2834
max |ΔU|      : 7.923e-04
max |ΔU| norm  : 7.420e-02
max |Δn|      : 2.723e-03
max |Δn| norm  : 2.968e-02
max |ΔILDOS|  : 4.374e+02
last Poisson  : 14.742 s
last Quantum  : 7.415 s
-0.000508826714244233 0.00018048949746362751
Iteration counts: [0, 3, 3]

--- Iteration 6 ---
Qprime size   : 2834
max |ΔU|      : 6.444e-04
max |ΔU| norm  : 5.903e-02
max |Δn|      : 1.704e-03
max |Δn| norm  : 2.079e-02
max |ΔILDOS|  : 4.657e+02
last Poisson  : 14.591 s
last Quantum  : 10.957 s
-0.00018074342238595176 6.341778381988844e-05
Iteration counts: [0, 3, 4]

--- Iteration 7 ---
Qprime size   : 2834
max |ΔU|      : 2.828e-04
max |ΔU| norm  : 2.085e-02
max |Δn|      : 2.440e-03
max |Δn| norm  : 2.505e-02
max |ΔILDOS|  : 4.063e+02
last Poisson  : 13.672 s
last Quantum  : 6.799 s
-0.00010864699404304555 3.821588666489013e-05
Iteration counts: [0, 3, 5]

--- Iteration 8 ---
Qprime size   : 2834
max |ΔU|      : 1.936e-04
max |ΔU| norm  : 1.260e-02
max |Δn|      : 2.549e-03
max |Δn| norm  : 1.688e-02
max |ΔILDOS|  : 2.665e+02
last Poisson  : 13.771 s
last Quantum  : 8.957 s
-6.410790557299313e-05 2.270579567966442e-05
Iteration counts: [0, 3, 6]

--- Iteration 9 ---
Qprime size   : 2834
max |ΔU|      : 1.275e-04
max |ΔU| norm  : 7.481e-03
max |Δn|      : 2.601e-03
max |Δn| norm  : 1.681e-02
max |ΔILDOS|  : 1.784e+02
last Poisson  : 14.591 s
last Quantum  : 8.369 s
-3.9386230661645e-05 1.3944917047956845e-05
Iteration counts: [0, 3, 7]

--- Iteration 10 ---
Qprime size   : 2834
max |ΔU|      : 9.698e-05
max |ΔU| norm  : 4.648e-03
max |Δn|      : 2.491e-03
max |Δn| norm  : 1.714e-02
max |ΔILDOS|  : 1.243e+02
last Poisson  : 14.848 s
last Quantum  : 6.754 s
-2.4911628111636774e-05 8.773279844131253e-06
Iteration counts: [0, 3, 8]

--- Iteration 11 ---
Qprime size   : 2834
max |ΔU|      : 8.951e-05
max |ΔU| norm  : 2.959e-03
max |Δn|      : 2.354e-03
max |Δn| norm  : 1.739e-02
max |ΔILDOS|  : 5.977e+01
last Poisson  : 15.039 s
last Quantum  : 9.378 s
-1.334171048347377e-05 4.808136791449364e-06
Iteration counts: [0, 3, 9]

--- Iteration 12 ---
Qprime size   : 2834
max |ΔU|      : 1.192e-04
max |ΔU| norm  : 1.826e-03
max |Δn|      : 2.519e-03
max |Δn| norm  : 1.702e-02
max |ΔILDOS|  : 7.635e+01
last Poisson  : 14.822 s
last Quantum  : 7.310 s
-6.7563683784178325e-06 2.506020526962554e-06
Iteration counts: [0, 3, 10]

--- Iteration 13 ---
Qprime size   : 2834
max |ΔU|      : 8.209e-05
max |ΔU| norm  : 1.184e-03
max |Δn|      : 2.409e-03
max |Δn| norm  : 1.692e-02
max |ΔILDOS|  : 6.787e+01
last Poisson  : 13.241 s
last Quantum  : 7.273 s
-7.879582889606364e-06 2.6656316305304426e-06
Iteration counts: [0, 3, 11]

--- Iteration 14 ---
Qprime size   : 2834
max |ΔU|      : 9.878e-05
max |ΔU| norm  : 1.262e-03
max |Δn|      : 2.222e-03
max |Δn| norm  : 1.692e-02
max |ΔILDOS|  : 6.101e+01
last Poisson  : 14.934 s
last Quantum  : 6.864 s
-4.611255818037751e-06 1.5520491637365867e-06
Iteration counts: [0, 3, 12]

--- Iteration 15 ---
Qprime size   : 2834
max |ΔU|      : 1.022e-04
max |ΔU| norm  : 9.222e-04
max |Δn|      : 2.542e-03
max |Δn| norm  : 1.756e-02
max |ΔILDOS|  : 7.017e+01
last Poisson  : 14.883 s
last Quantum  : 7.547 s
-7.313844948058453e-08 1.2521448755872963e-07
Iteration counts: [0, 3, 13]

--- Iteration 16 ---
Qprime size   : 2834
max |ΔU|      : 8.646e-05
max |ΔU| norm  : 8.656e-04
max |Δn|      : 2.317e-03
max |Δn| norm  : 1.746e-02
max |ΔILDOS|  : 6.994e+01
last Poisson  : 15.005 s
last Quantum  : 9.539 s
-6.406118405971151e-08 8.467360668107568e-08
Iteration counts: [0, 3, 14]

--- Iteration 17 ---
Qprime size   : 2834
max |ΔU|      : 8.004e-05
max |ΔU| norm  : 8.064e-04
max |Δn|      : 2.318e-03
max |Δn| norm  : 1.694e-02
max |ΔILDOS|  : 6.260e+01
last Poisson  : 14.096 s
last Quantum  : 6.888 s
-2.0454329327677604e-06 6.708504790655217e-07
Iteration counts: [0, 3, 15]

--- Iteration 18 ---
Qprime size   : 2834
max |ΔU|      : 8.526e-05
max |ΔU| norm  : 8.275e-04
max |Δn|      : 2.412e-03
max |Δn| norm  : 1.756e-02
max |ΔILDOS|  : 4.697e+01
last Poisson  : 14.951 s
last Quantum  : 8.747 s
-1.4055192712612682e-06 4.1421090389236726e-07
Iteration counts: [0, 3, 16]

--- Iteration 19 ---
Qprime size   : 2834
max |ΔU|      : 9.260e-05
max |ΔU| norm  : 8.378e-04
max |Δn|      : 2.489e-03
max |Δn| norm  : 1.692e-02
max |ΔILDOS|  : 5.684e+01
last Poisson  : 14.910 s
last Quantum  : 12.038 s
-1.6507188868658128e-06 4.959840321820902e-07
Iteration counts: [0, 3, 17]

--- Iteration 20 ---
Qprime size   : 2834
max |ΔU|      : 8.367e-05
max |ΔU| norm  : 7.953e-04
max |Δn|      : 2.291e-03
max |Δn| norm  : 1.728e-02
max |ΔILDOS|  : 5.563e+01
last Poisson  : 15.559 s
last Quantum  : 6.963 s
1.5046846532656605e-06 -4.2666830681657453e-07
Iteration counts: [0, 3, 18]

--- Iteration 21 ---
Qprime size   : 2834
max |ΔU|      : 8.241e-05
max |ΔU| norm  : 7.989e-04
max |Δn|      : 2.374e-03
max |Δn| norm  : 1.677e-02
max |ΔILDOS|  : 5.585e+01
last Poisson  : 15.424 s
last Quantum  : 7.802 s
1.0688825077763152e-06 -3.181475510879233e-07
Iteration counts: [0, 3, 19]

--- Iteration 22 ---
Qprime size   : 2834
max |ΔU|      : 8.724e-05
max |ΔU| norm  : 8.585e-04
max |Δn|      : 2.523e-03
max |Δn| norm  : 1.735e-02
max |ΔILDOS|  : 5.932e+01
last Poisson  : 15.058 s
last Quantum  : 7.371 s
-5.896089733047216e-07 1.7551987612176954e-07
Iteration counts: [0, 3, 20]

--- Iteration 23 ---
Qprime size   : 2834
max |ΔU|      : 7.645e-05
max |ΔU| norm  : 7.183e-04
max |Δn|      : 2.636e-03
max |Δn| norm  : 1.836e-02
max |ΔILDOS|  : 4.162e+01
last Poisson  : 15.162 s
last Quantum  : 8.023 s
-6.157410523973222e-07 2.012385371427019e-07
Iteration counts: [0, 3, 21]

--- Iteration 24 ---
Qprime size   : 2834
max |ΔU|      : 7.074e-05
max |ΔU| norm  : 7.146e-04
max |Δn|      : 2.452e-03
max |Δn| norm  : 1.918e-02
max |ΔILDOS|  : 4.232e+01
last Poisson  : 15.045 s
last Quantum  : 7.340 s
9.063069525114781e-07 -2.7648582999527575e-07
Iteration counts: [0, 3, 22]

--- Iteration 25 ---
Qprime size   : 2834
max |ΔU|      : 7.864e-05
max |ΔU| norm  : 7.993e-04
max |Δn|      : 2.255e-03
max |Δn| norm  : 1.706e-02
max |ΔILDOS|  : 5.069e+01
last Poisson  : 15.060 s
last Quantum  : 8.002 s
-2.3302984064689629e-07 7.926736518939034e-08
Iteration counts: [0, 3, 23]

--- Iteration 26 ---
Qprime size   : 2834
max |ΔU|      : 8.801e-05
max |ΔU| norm  : 8.094e-04
max |Δn|      : 2.405e-03
max |Δn| norm  : 1.757e-02
max |ΔILDOS|  : 5.366e+01
last Poisson  : 15.061 s
last Quantum  : 7.449 s
-4.808885982717205e-07 1.333861983040472e-07
Iteration counts: [0, 3, 24]

--- Iteration 27 ---
Qprime size   : 2834
max |ΔU|      : 8.285e-05
max |ΔU| norm  : 7.738e-04
max |Δn|      : 2.443e-03
max |Δn| norm  : 1.707e-02
max |ΔILDOS|  : 5.042e+01
last Poisson  : 15.107 s
last Quantum  : 7.567 s
6.49695467362544e-07 -2.03768455751804e-07
Iteration counts: [0, 3, 25]

--- Iteration 28 ---
Qprime size   : 2834
max |ΔU|      : 7.409e-05
max |ΔU| norm  : 8.064e-04
max |Δn|      : 2.481e-03
max |Δn| norm  : 1.854e-02
max |ΔILDOS|  : 4.725e+01
last Poisson  : 15.050 s
last Quantum  : 8.377 s
-3.694724287401173e-07 1.2161797771976635e-07
Iteration counts: [0, 3, 26]

--- Iteration 29 ---
Qprime size   : 2834
max |ΔU|      : 7.722e-05
max |ΔU| norm  : 7.174e-04
max |Δn|      : 2.456e-03
max |Δn| norm  : 1.750e-02
max |ΔILDOS|  : 4.048e+01
last Poisson  : 15.139 s
last Quantum  : 7.443 s
9.763908585636805e-07 -2.63988824395893e-07
Iteration counts: [0, 3, 27]

--- Iteration 30 ---
Qprime size   : 2834
max |ΔU|      : 7.945e-05
max |ΔU| norm  : 7.935e-04
max |Δn|      : 2.433e-03
max |Δn| norm  : 1.657e-02
max |ΔILDOS|  : 4.222e+01
last Poisson  : 15.080 s
last Quantum  : 7.509 s
-1.0934649970177836e-06 2.9696460485608133e-07
FSC converged / stopped.
✔ Logged phi=0.0844, Vbg=1.1667

=== Running phi=0.0844, Vbg=1.3333 ===
🔄 Full Hamiltonian rebuild (qparams change)
The poisson problem has been initialized.
Iteration counts: [0, 0, 0]

--- Iteration 0 ---
Qprime size   : 2830
max |ΔU|      : 3.775e-14
max |ΔU| norm  : 8.059e-13
max |Δn|      : 1.501e-13
max |Δn| norm  : 9.305e-13
-0.0006875691509500787 0.0002248572786829572
Iteration counts: [0, 0, 1]

--- Iteration 1 ---
Qprime size   : 2830
max |ΔU|      : 9.677e-04
max |ΔU| norm  : 8.017e-02
max |Δn|      : 5.191e-03
max |Δn| norm  : 3.660e-02
max |ΔILDOS|  : 4.877e+02
last Poisson  : 12.955 s
last Quantum  : 8.925 s
-0.00131098134711645 0.00044998734608351823
Iteration counts: [0, 1, 1]

--- Iteration 2 ---
Qprime size   : 2830
max |ΔU|      : 1.720e-03
max |ΔU| norm  : 1.515e-01
max |Δn|      : 5.118e-03
max |Δn| norm  : 5.432e-02
max |ΔILDOS|  : 4.877e+02
last Poisson  : 13.044 s
last Quantum  : 8.925 s
-0.0010480537795510832 0.0003600307929656132
Iteration counts: [0, 2, 1]

--- Iteration 3 ---
Qprime size   : 2830
max |ΔU|      : 1.374e-03
max |ΔU| norm  : 1.211e-01
max |Δn|      : 3.995e-03
max |Δn| norm  : 4.272e-02
max |ΔILDOS|  : 4.877e+02
last Poisson  : 12.952 s
last Quantum  : 8.925 s
-0.0008380272430929344 0.0002881098085276155
Iteration counts: [0, 3, 1]

--- Iteration 4 ---
Qprime size   : 2830
max |ΔU|      : 1.098e-03
max |ΔU| norm  : 9.692e-02
max |Δn|      : 3.147e-03
max |Δn| norm  : 3.376e-02
max |ΔILDOS|  : 4.877e+02
last Poisson  : 13.034 s
last Quantum  : 8.925 s
-0.0006704482638696586 0.00023066525820083757
Iteration counts: [0, 4, 1]

--- Iteration 5 ---
Qprime size   : 2830
max |ΔU|      : 8.778e-04
max |ΔU| norm  : 7.759e-02
max |Δn|      : 2.479e-03
max |Δn| norm  : 2.674e-02
max |ΔILDOS|  : 4.877e+02
last Poisson  : 13.026 s
last Quantum  : 8.925 s
-0.0005361643534268617 0.00018460872329260892
Iteration counts: [0, 4, 2]

--- Iteration 6 ---
Qprime size   : 2830
max |ΔU|      : 7.007e-04
max |ΔU| norm  : 6.208e-02
max |Δn|      : 1.953e-03
max |Δn| norm  : 2.122e-02
max |ΔILDOS|  : 5.753e+02
last Poisson  : 12.921 s
last Quantum  : 7.572 s
0.00045859380406138305 -0.00015727349439347807
Iteration counts: [0, 4, 3]

--- Iteration 7 ---
Qprime size   : 2830
max |ΔU|      : 5.937e-04
max |ΔU| norm  : 5.230e-02
max |Δn|      : 4.063e-03
max |Δn| norm  : 3.010e-02
max |ΔILDOS|  : 5.016e+02
last Poisson  : 13.073 s
last Quantum  : 7.619 s
0.00027389906150080594 -9.366388734061494e-05
Iteration counts: [0, 5, 3]

--- Iteration 8 ---
Qprime size   : 2830
max |ΔU|      : 3.524e-04
max |ΔU| norm  : 3.126e-02
max |Δn|      : 2.244e-03
max |Δn| norm  : 1.532e-02
max |ΔILDOS|  : 5.016e+02
last Poisson  : 13.144 s
last Quantum  : 7.619 s
0.00021904208165826722 -7.494731267742204e-05
Iteration counts: [0, 5, 4]

--- Iteration 9 ---
Qprime size   : 2830
max |ΔU|      : 2.813e-04
max |ΔU| norm  : 2.501e-02
max |Δn|      : 1.748e-03
max |Δn| norm  : 1.192e-02
max |ΔILDOS|  : 4.625e+02
last Poisson  : 13.162 s
last Quantum  : 8.272 s
7.004278864343757e-05 -2.3653853109641038e-05
Iteration counts: [0, 5, 5]

--- Iteration 10 ---
Qprime size   : 2830
max |ΔU|      : 1.175e-04
max |ΔU| norm  : 8.224e-03
max |Δn|      : 2.409e-03
max |Δn| norm  : 1.021e-02
max |ΔILDOS|  : 1.897e+02
last Poisson  : 13.191 s
last Quantum  : 7.446 s
4.444885946186914e-05 -1.4882027787494666e-05
Iteration counts: [0, 5, 6]

--- Iteration 11 ---
Qprime size   : 2830
max |ΔU|      : 9.161e-05
max |ΔU| norm  : 5.198e-03
max |Δn|      : 1.619e-03
max |Δn| norm  : 5.602e-03
max |ΔILDOS|  : 1.205e+02
last Poisson  : 13.050 s
last Quantum  : 8.090 s
2.5679768924538996e-05 -8.576350217882656e-06
Iteration counts: [0, 5, 7]

--- Iteration 12 ---
Qprime size   : 2830
max |ΔU|      : 9.072e-05
max |ΔU| norm  : 3.043e-03
max |Δn|      : 1.893e-03
max |Δn| norm  : 6.643e-03
max |ΔILDOS|  : 7.458e+01
last Poisson  : 13.266 s
last Quantum  : 7.821 s
1.553598983016972e-05 -5.160089167780055e-06
Iteration counts: [0, 5, 8]

--- Iteration 13 ---
Qprime size   : 2830
max |ΔU|      : 5.643e-05
max |ΔU| norm  : 1.852e-03
max |Δn|      : 1.316e-03
max |Δn| norm  : 4.771e-03
max |ΔILDOS|  : 4.546e+01
last Poisson  : 13.150 s
last Quantum  : 8.825 s
8.911493517655389e-06 -2.9596741210254096e-06
Iteration counts: [0, 5, 9]

--- Iteration 14 ---
Qprime size   : 2830
max |ΔU|      : 7.014e-05
max |ΔU| norm  : 1.099e-03
max |Δn|      : 2.110e-03
max |Δn| norm  : 5.269e-03
max |ΔILDOS|  : 2.804e+01
last Poisson  : 12.809 s
last Quantum  : 8.602 s
5.47600144540013e-06 -1.7955138383840587e-06
Iteration counts: [0, 5, 10]

--- Iteration 15 ---
Qprime size   : 2830
max |ΔU|      : 7.231e-05
max |ΔU| norm  : 7.446e-04
max |Δn|      : 1.610e-03
max |Δn| norm  : 5.520e-03
max |ΔILDOS|  : 2.590e+01
last Poisson  : 13.212 s
last Quantum  : 8.870 s
3.159142184185203e-06 -1.036087004752675e-06
Iteration counts: [0, 5, 11]

--- Iteration 16 ---
Qprime size   : 2830
max |ΔU|      : 5.278e-05
max |ΔU| norm  : 4.685e-04
max |Δn|      : 1.289e-03
max |Δn| norm  : 4.702e-03
max |ΔILDOS|  : 2.163e+01
last Poisson  : 13.375 s
last Quantum  : 7.417 s
2.1224260802581625e-06 -6.893173048910552e-07
Iteration counts: [0, 5, 12]

--- Iteration 17 ---
Qprime size   : 2830
max |ΔU|      : 4.914e-05
max |ΔU| norm  : 3.542e-04
max |Δn|      : 1.597e-03
max |Δn| norm  : 5.559e-03
max |ΔILDOS|  : 1.925e+01
last Poisson  : 13.267 s
last Quantum  : 8.207 s
6.673476926096556e-07 -2.1676615438795859e-07
Iteration counts: [0, 5, 13]

--- Iteration 18 ---
Qprime size   : 2830
max |ΔU|      : 5.291e-05
max |ΔU| norm  : 2.527e-04
max |Δn|      : 1.758e-03
max |Δn| norm  : 6.491e-03
max |ΔILDOS|  : 1.692e+01
last Poisson  : 13.309 s
last Quantum  : 7.247 s
1.374652525545418e-06 -4.386385949452927e-07
Iteration counts: [0, 5, 14]

--- Iteration 19 ---
Qprime size   : 2830
max |ΔU|      : 5.435e-05
max |ΔU| norm  : 3.091e-04
max |Δn|      : 1.496e-03
max |Δn| norm  : 5.348e-03
max |ΔILDOS|  : 2.054e+01
last Poisson  : 13.228 s
last Quantum  : 8.099 s
1.3905119910603436e-08 -4.028434898457401e-10
Iteration counts: [0, 5, 15]

--- Iteration 20 ---
Qprime size   : 2830
max |ΔU|      : 4.734e-05
max |ΔU| norm  : 2.312e-04
max |Δn|      : 1.542e-03
max |Δn| norm  : 4.921e-03
max |ΔILDOS|  : 1.820e+01
last Poisson  : 13.229 s
last Quantum  : 8.552 s
6.171362670908078e-07 -2.0451821468317221e-07
Iteration counts: [0, 5, 16]

--- Iteration 21 ---
Qprime size   : 2830
max |ΔU|      : 6.217e-05
max |ΔU| norm  : 2.749e-04
max |Δn|      : 1.921e-03
max |Δn| norm  : 6.251e-03
max |ΔILDOS|  : 2.621e+01
last Poisson  : 13.220 s
last Quantum  : 7.955 s
-5.275503685853052e-07 1.7171684292833245e-07
Iteration counts: [0, 5, 17]

--- Iteration 22 ---
Qprime size   : 2830
max |ΔU|      : 7.815e-05
max |ΔU| norm  : 3.350e-04
max |Δn|      : 1.725e-03
max |Δn| norm  : 5.715e-03
max |ΔILDOS|  : 2.836e+01
last Poisson  : 13.272 s
last Quantum  : 7.893 s
5.792739833461622e-07 -1.775794326658218e-07
Iteration counts: [0, 5, 18]

--- Iteration 23 ---
Qprime size   : 2830
max |ΔU|      : 5.496e-05
max |ΔU| norm  : 2.788e-04
max |Δn|      : 1.531e-03
max |Δn| norm  : 5.195e-03
max |ΔILDOS|  : 2.189e+01
last Poisson  : 13.310 s
last Quantum  : 7.654 s
-7.912741541766288e-08 2.264499511597739e-08
Iteration counts: [0, 5, 19]

--- Iteration 24 ---
Qprime size   : 2830
max |ΔU|      : 5.866e-05
max |ΔU| norm  : 2.384e-04
max |Δn|      : 1.847e-03
max |Δn| norm  : 5.927e-03
max |ΔILDOS|  : 2.162e+01
last Poisson  : 13.280 s
last Quantum  : 8.149 s
2.7293103632271796e-07 -9.04708936811508e-08
Iteration counts: [0, 5, 20]

--- Iteration 25 ---
Qprime size   : 2830
max |ΔU|      : 6.963e-05
max |ΔU| norm  : 2.576e-04
max |Δn|      : 1.474e-03
max |Δn| norm  : 5.298e-03
max |ΔILDOS|  : 2.062e+01
last Poisson  : 13.257 s
last Quantum  : 8.059 s
-7.239972103879817e-07 2.379304023330011e-07
Iteration counts: [0, 5, 21]

--- Iteration 26 ---
Qprime size   : 2830
max |ΔU|      : 6.273e-05
max |ΔU| norm  : 2.974e-04
max |Δn|      : 1.481e-03
max |Δn| norm  : 5.262e-03
max |ΔILDOS|  : 2.283e+01
last Poisson  : 13.289 s
last Quantum  : 7.757 s
7.619700423060049e-07 -2.451742209179023e-07
Iteration counts: [0, 5, 22]

--- Iteration 27 ---
Qprime size   : 2830
max |ΔU|      : 6.649e-05
max |ΔU| norm  : 2.749e-04
max |Δn|      : 2.129e-03
max |Δn| norm  : 6.197e-03
max |ΔILDOS|  : 3.019e+01
last Poisson  : 13.254 s
last Quantum  : 8.658 s
-1.391167596212202e-07 4.2167731649238e-08
Iteration counts: [0, 5, 23]

--- Iteration 28 ---
Qprime size   : 2830
max |ΔU|      : 6.175e-05
max |ΔU| norm  : 2.769e-04
max |Δn|      : 1.682e-03
max |Δn| norm  : 5.573e-03
max |ΔILDOS|  : 2.366e+01
last Poisson  : 13.298 s
last Quantum  : 8.081 s
-2.8429359689154262e-08 1.4575116598751955e-08
Iteration counts: [0, 5, 24]

--- Iteration 29 ---
Qprime size   : 2830
max |ΔU|      : 9.296e-05
max |ΔU| norm  : 3.862e-04
max |Δn|      : 1.278e-03
max |Δn| norm  : 4.615e-03
max |ΔILDOS|  : 3.664e+01
last Poisson  : 13.325 s
last Quantum  : 8.374 s
-4.543971723151274e-07 1.4186344932908757e-07
Iteration counts: [0, 5, 25]

--- Iteration 30 ---
Qprime size   : 2830
max |ΔU|      : 6.952e-05
max |ΔU| norm  : 2.944e-04
max |Δn|      : 1.878e-03
max |Δn| norm  : 5.578e-03
max |ΔILDOS|  : 2.862e+01
last Poisson  : 13.320 s
last Quantum  : 8.288 s
7.510832106567307e-07 -2.430238013668732e-07
FSC converged / stopped.
✔ Logged phi=0.0844, Vbg=1.3333

=== Running phi=0.0844, Vbg=1.5000 ===
🔄 Full Hamiltonian rebuild (qparams change)
The poisson problem has been initialized.
Iteration counts: [0, 0, 0]

--- Iteration 0 ---
Qprime size   : 2819
max |ΔU|      : 2.953e-14
max |ΔU| norm  : 7.780e-13
max |Δn|      : 1.297e-13
max |Δn| norm  : 1.011e-12
-0.0005851335550887671 0.000185070165060599
Iteration counts: [0, 0, 1]

--- Iteration 1 ---
Qprime size   : 2819
max |ΔU|      : 8.972e-04
max |ΔU| norm  : 7.030e-02
max |Δn|      : 5.519e-03
max |Δn| norm  : 3.615e-02
max |ΔILDOS|  : 4.264e+02
last Poisson  : 14.062 s
last Quantum  : 10.842 s
-0.0011618884857423563 0.00038778809580647736
Iteration counts: [0, 1, 1]

--- Iteration 2 ---
Qprime size   : 2819
max |ΔU|      : 1.590e-03
max |ΔU| norm  : 1.348e-01
max |Δn|      : 5.315e-03
max |Δn| norm  : 5.442e-02
max |ΔILDOS|  : 4.264e+02
last Poisson  : 13.996 s
last Quantum  : 10.842 s
-0.0009320621847191677 0.0003111648459905295
Iteration counts: [0, 2, 1]

--- Iteration 3 ---
Qprime size   : 2819
max |ΔU|      : 1.271e-03
max |ΔU| norm  : 1.081e-01
max |Δn|      : 4.120e-03
max |Δn| norm  : 4.248e-02
max |ΔILDOS|  : 4.264e+02
last Poisson  : 13.956 s
last Quantum  : 10.842 s
-0.0007467555879650194 0.00024941465130872163
Iteration counts: [0, 3, 1]

--- Iteration 4 ---
Qprime size   : 2819
max |ΔU|      : 1.016e-03
max |ΔU| norm  : 8.663e-02
max |Δn|      : 3.203e-03
max |Δn| norm  : 3.359e-02
max |ΔILDOS|  : 4.264e+02
last Poisson  : 13.894 s
last Quantum  : 10.842 s
-0.0005974719417275584 0.0001996891087914605
Iteration counts: [0, 4, 1]

--- Iteration 5 ---
Qprime size   : 2819
max |ΔU|      : 8.122e-04
max |ΔU| norm  : 6.933e-02
max |Δn|      : 2.491e-03
max |Δn| norm  : 2.672e-02
max |ΔILDOS|  : 4.264e+02
last Poisson  : 13.845 s
last Quantum  : 10.842 s
-0.0004781075789948635 0.0001598970048235463
Iteration counts: [0, 4, 2]

--- Iteration 6 ---
Qprime size   : 2819
max |ΔU|      : 6.494e-04
max |ΔU| norm  : 5.549e-02
max |Δn|      : 1.939e-03
max |Δn| norm  : 2.155e-02
max |ΔILDOS|  : 5.165e+02
last Poisson  : 13.836 s
last Quantum  : 7.877 s
0.00041893842859158105 -0.00013559437354013633
Iteration counts: [0, 4, 3]

--- Iteration 7 ---
Qprime size   : 2819
max |ΔU|      : 5.823e-04
max |ΔU| norm  : 4.798e-02
max |Δn|      : 3.727e-03
max |Δn| norm  : 3.356e-02
max |ΔILDOS|  : 3.818e+02
last Poisson  : 12.174 s
last Quantum  : 6.477 s
0.0002522782099061923 -8.264897194236623e-05
Iteration counts: [0, 5, 3]

--- Iteration 8 ---
Qprime size   : 2819
max |ΔU|      : 3.380e-04
max |ΔU| norm  : 2.870e-02
max |Δn|      : 1.968e-03
max |Δn| norm  : 1.884e-02
max |ΔILDOS|  : 3.818e+02
last Poisson  : 12.232 s
last Quantum  : 6.477 s
0.00020052425117136964 -6.580897623160955e-05
Iteration counts: [0, 5, 4]

--- Iteration 9 ---
Qprime size   : 2819
max |ΔU|      : 2.695e-04
max |ΔU| norm  : 2.285e-02
max |Δn|      : 1.383e-03
max |Δn| norm  : 1.376e-02
max |ΔILDOS|  : 3.713e+02
last Poisson  : 12.036 s
last Quantum  : 6.878 s
6.829552386435779e-05 -2.30060375731221e-05
Iteration counts: [0, 5, 5]

--- Iteration 10 ---
Qprime size   : 2819
max |ΔU|      : 1.415e-04
max |ΔU| norm  : 7.913e-03
max |Δn|      : 1.926e-03
max |Δn| norm  : 1.539e-02
max |ΔILDOS|  : 1.421e+02
last Poisson  : 13.573 s
last Quantum  : 7.080 s
4.069533388900865e-05 -1.3750414380708548e-05
Iteration counts: [0, 5, 6]

--- Iteration 11 ---
Qprime size   : 2819
max |ΔU|      : 8.456e-05
max |ΔU| norm  : 4.739e-03
max |Δn|      : 2.144e-03
max |Δn| norm  : 1.326e-02
max |ΔILDOS|  : 8.810e+01
last Poisson  : 13.983 s
last Quantum  : 6.986 s
2.2464159102831266e-05 -7.690972679901381e-06
Iteration counts: [0, 5, 7]

--- Iteration 12 ---
Qprime size   : 2819
max |ΔU|      : 6.789e-05
max |ΔU| norm  : 2.714e-03
max |Δn|      : 2.084e-03
max |Δn| norm  : 1.227e-02
max |ΔILDOS|  : 5.592e+01
last Poisson  : 13.951 s
last Quantum  : 7.585 s
1.609949249408742e-05 -5.34834570153069e-06
Iteration counts: [0, 5, 8]

--- Iteration 13 ---
Qprime size   : 2819
max |ΔU|      : 6.691e-05
max |ΔU| norm  : 1.899e-03
max |Δn|      : 2.059e-03
max |Δn| norm  : 1.303e-02
max |ΔILDOS|  : 5.474e+01
last Poisson  : 14.054 s
last Quantum  : 6.651 s
8.174672526762971e-06 -2.7825230575104247e-06
Iteration counts: [0, 5, 9]

--- Iteration 14 ---
Qprime size   : 2819
max |ΔU|      : 6.410e-05
max |ΔU| norm  : 1.102e-03
max |Δn|      : 1.917e-03
max |Δn| norm  : 1.313e-02
max |ΔILDOS|  : 5.376e+01
last Poisson  : 14.020 s
last Quantum  : 8.187 s
6.365702924369759e-06 -2.0868328032110177e-06
Iteration counts: [0, 5, 10]

--- Iteration 15 ---
Qprime size   : 2819
max |ΔU|      : 5.288e-05
max |ΔU| norm  : 8.984e-04
max |Δn|      : 2.020e-03
max |Δn| norm  : 1.310e-02
max |ΔILDOS|  : 4.332e+01
last Poisson  : 14.055 s
last Quantum  : 8.115 s
1.891328221651623e-06 -6.823771411990676e-07
Iteration counts: [0, 5, 11]

--- Iteration 16 ---
Qprime size   : 2819
max |ΔU|      : 7.034e-05
max |ΔU| norm  : 6.514e-04
max |Δn|      : 1.907e-03
max |Δn| norm  : 1.265e-02
max |ΔILDOS|  : 6.801e+01
last Poisson  : 13.934 s
last Quantum  : 7.996 s
2.5092343203482547e-06 -8.123104732297214e-07
Iteration counts: [0, 5, 12]

--- Iteration 17 ---
Qprime size   : 2819
max |ΔU|      : 5.269e-05
max |ΔU| norm  : 5.671e-04
max |Δn|      : 2.203e-03
max |Δn| norm  : 1.318e-02
max |ΔILDOS|  : 4.635e+01
last Poisson  : 13.927 s
last Quantum  : 8.077 s
1.1090321994055963e-06 -3.5994679111413647e-07
Iteration counts: [0, 5, 13]

--- Iteration 18 ---
Qprime size   : 2819
max |ΔU|      : 5.666e-05
max |ΔU| norm  : 5.751e-04
max |Δn|      : 1.961e-03
max |Δn| norm  : 1.339e-02
max |ΔILDOS|  : 4.744e+01
last Poisson  : 12.690 s
last Quantum  : 8.806 s
2.123439905384233e-06 -6.298239836774763e-07
Iteration counts: [0, 5, 14]

--- Iteration 19 ---
Qprime size   : 2819
max |ΔU|      : 6.408e-05
max |ΔU| norm  : 6.328e-04
max |Δn|      : 1.870e-03
max |Δn| norm  : 1.317e-02
max |ΔILDOS|  : 5.073e+01
last Poisson  : 12.998 s
last Quantum  : 7.055 s
-1.4305562111999112e-06 3.951527222953468e-07
Iteration counts: [0, 5, 15]

--- Iteration 20 ---
Qprime size   : 2819
max |ΔU|      : 5.951e-05
max |ΔU| norm  : 6.123e-04
max |Δn|      : 2.015e-03
max |Δn| norm  : 1.301e-02
max |ΔILDOS|  : 4.630e+01
last Poisson  : 14.222 s
last Quantum  : 7.491 s
1.3829981741499027e-06 -4.1206909137472843e-07
Iteration counts: [0, 5, 16]

--- Iteration 21 ---
Qprime size   : 2819
max |ΔU|      : 5.881e-05
max |ΔU| norm  : 5.305e-04
max |Δn|      : 2.163e-03
max |Δn| norm  : 1.367e-02
max |ΔILDOS|  : 4.876e+01
last Poisson  : 14.366 s
last Quantum  : 7.186 s
-4.418777956665057e-07 1.3540623427549687e-07
Iteration counts: [0, 5, 17]

--- Iteration 22 ---
Qprime size   : 2819
max |ΔU|      : 5.654e-05
max |ΔU| norm  : 5.901e-04
max |Δn|      : 2.000e-03
max |Δn| norm  : 1.338e-02
max |ΔILDOS|  : 4.746e+01
last Poisson  : 13.688 s
last Quantum  : 6.937 s
1.5816621462450868e-06 -4.622233122803696e-07
Iteration counts: [0, 5, 18]

--- Iteration 23 ---
Qprime size   : 2819
max |ΔU|      : 5.171e-05
max |ΔU| norm  : 5.968e-04
max |Δn|      : 2.028e-03
max |Δn| norm  : 1.378e-02
max |ΔILDOS|  : 4.387e+01
last Poisson  : 13.985 s
last Quantum  : 6.859 s
-1.7706438846345668e-06 5.020801771370506e-07
Iteration counts: [0, 5, 19]

--- Iteration 24 ---
Qprime size   : 2819
max |ΔU|      : 5.818e-05
max |ΔU| norm  : 6.433e-04
max |Δn|      : 1.994e-03
max |Δn| norm  : 1.220e-02
max |ΔILDOS|  : 5.391e+01
last Poisson  : 14.222 s
last Quantum  : 6.599 s
2.8549452944994164e-07 -8.27309439205138e-08
Iteration counts: [0, 5, 20]

--- Iteration 25 ---
Qprime size   : 2819
max |ΔU|      : 6.265e-05
max |ΔU| norm  : 5.007e-04
max |Δn|      : 1.920e-03
max |Δn| norm  : 1.257e-02
max |ΔILDOS|  : 4.898e+01
last Poisson  : 14.058 s
last Quantum  : 6.708 s
-4.1134120692641413e-07 1.2462820389094884e-07
Iteration counts: [0, 5, 21]

--- Iteration 26 ---
Qprime size   : 2819
max |ΔU|      : 5.744e-05
max |ΔU| norm  : 5.076e-04
max |Δn|      : 1.911e-03
max |Δn| norm  : 1.371e-02
max |ΔILDOS|  : 4.629e+01
last Poisson  : 14.166 s
last Quantum  : 7.601 s
1.5822977423917916e-06 -4.6294132267122614e-07
Iteration counts: [0, 5, 22]

--- Iteration 27 ---
Qprime size   : 2819
max |ΔU|      : 5.728e-05
max |ΔU| norm  : 5.524e-04
max |Δn|      : 1.974e-03
max |Δn| norm  : 1.344e-02
max |ΔILDOS|  : 4.370e+01
last Poisson  : 14.235 s
last Quantum  : 6.731 s
-9.186144908766512e-07 2.7621804653845093e-07
Iteration counts: [0, 5, 23]

--- Iteration 28 ---
Qprime size   : 2819
max |ΔU|      : 5.781e-05
max |ΔU| norm  : 5.478e-04
max |Δn|      : 2.009e-03
max |Δn| norm  : 1.389e-02
max |ΔILDOS|  : 5.307e+01
last Poisson  : 14.248 s
last Quantum  : 7.057 s
5.982268245981001e-07 -1.811443300541439e-07
Iteration counts: [0, 5, 24]

--- Iteration 29 ---
Qprime size   : 2819
max |ΔU|      : 5.153e-05
max |ΔU| norm  : 5.049e-04
max |Δn|      : 1.750e-03
max |Δn| norm  : 1.297e-02
max |ΔILDOS|  : 4.388e+01
last Poisson  : 14.141 s
last Quantum  : 7.148 s
-8.207208686691171e-07 2.3762603514177381e-07
Iteration counts: [0, 5, 25]

--- Iteration 30 ---
Qprime size   : 2819
max |ΔU|      : 5.464e-05
max |ΔU| norm  : 5.036e-04
max |Δn|      : 2.035e-03
max |Δn| norm  : 1.319e-02
max |ΔILDOS|  : 4.320e+01
last Poisson  : 14.168 s
last Quantum  : 6.646 s
5.51352152062998e-07 -1.6116371273107185e-07
FSC converged / stopped.
✔ Logged phi=0.0844, Vbg=1.5000

=== Running phi=0.0844, Vbg=1.6667 ===
🔄 Full Hamiltonian rebuild (qparams change)
The poisson problem has been initialized.
Iteration counts: [0, 0, 0]

--- Iteration 0 ---
Qprime size   : 2804
max |ΔU|      : 4.130e-14
max |ΔU| norm  : 1.311e-12
max |Δn|      : 2.198e-13
max |Δn| norm  : 1.266e-12
-0.00043022252914604866 0.00013266147318089763
Iteration counts: [0, 0, 1]

--- Iteration 1 ---
Qprime size   : 2804
max |ΔU|      : 8.198e-04
max |ΔU| norm  : 5.515e-02
max |Δn|      : 5.399e-03
max |Δn| norm  : 3.603e-02
max |ΔILDOS|  : 3.732e+02
last Poisson  : 13.380 s
last Quantum  : 8.802 s
-0.0009428235884437792 0.0003087589446519925
Iteration counts: [0, 1, 1]

--- Iteration 2 ---
Qprime size   : 2804
max |ΔU|      : 1.465e-03
max |ΔU| norm  : 1.120e-01
max |Δn|      : 5.610e-03
max |Δn| norm  : 5.379e-02
max |ΔILDOS|  : 3.732e+02
last Poisson  : 13.445 s
last Quantum  : 8.802 s
-0.0007534302071945767 0.0002470014467308459
Iteration counts: [0, 2, 1]

--- Iteration 3 ---
Qprime size   : 2804
max |ΔU|      : 1.171e-03
max |ΔU| norm  : 8.958e-02
max |Δn|      : 4.380e-03
max |Δn| norm  : 4.237e-02
max |ΔILDOS|  : 3.732e+02
last Poisson  : 13.415 s
last Quantum  : 8.802 s
-0.0006024583611095167 0.00019769880529435632
Iteration counts: [0, 3, 1]

--- Iteration 4 ---
Qprime size   : 2804
max |ΔU|      : 9.367e-04
max |ΔU| norm  : 7.167e-02
max |Δn|      : 3.420e-03
max |Δn| norm  : 3.371e-02
max |ΔILDOS|  : 3.732e+02
last Poisson  : 13.462 s
last Quantum  : 8.802 s
-0.0004817292613826473 0.00015823369999029918
Iteration counts: [0, 4, 1]

--- Iteration 5 ---
Qprime size   : 2804
max |ΔU|      : 7.489e-04
max |ΔU| norm  : 5.734e-02
max |Δn|      : 2.672e-03
max |Δn| norm  : 2.722e-02
max |ΔILDOS|  : 3.732e+02
last Poisson  : 13.402 s
last Quantum  : 8.802 s
-0.00038465175733689444 0.00012648983561200505
Iteration counts: [0, 4, 2]

--- Iteration 6 ---
Qprime size   : 2804
max |ΔU|      : 5.988e-04
max |ΔU| norm  : 4.582e-02
max |Δn|      : 2.088e-03
max |Δn| norm  : 2.188e-02
max |ΔILDOS|  : 6.327e+02
last Poisson  : 13.463 s
last Quantum  : 8.718 s
0.0003078858636168218 -9.833191016097991e-05
Iteration counts: [0, 4, 3]

--- Iteration 7 ---
Qprime size   : 2804
max |ΔU|      : 5.404e-04
max |ΔU| norm  : 3.705e-02
max |Δn|      : 3.479e-03
max |Δn| norm  : 3.882e-02
max |ΔILDOS|  : 4.671e+02
last Poisson  : 13.718 s
last Quantum  : 8.346 s
0.00018575287741719822 -5.893968202697221e-05
Iteration counts: [0, 5, 3]

--- Iteration 8 ---
Qprime size   : 2804
max |ΔU|      : 3.106e-04
max |ΔU| norm  : 2.231e-02
max |Δn|      : 2.144e-03
max |Δn| norm  : 2.196e-02
max |ΔILDOS|  : 4.671e+02
last Poisson  : 13.669 s
last Quantum  : 8.346 s
0.00015018038208191496 -4.7630606696114343e-05
Iteration counts: [0, 5, 4]

--- Iteration 9 ---
Qprime size   : 2804
max |ΔU|      : 2.471e-04
max |ΔU| norm  : 1.799e-02
max |Δn|      : 1.673e-03
max |Δn| norm  : 1.592e-02
max |ΔILDOS|  : 3.620e+02
last Poisson  : 13.672 s
last Quantum  : 8.253 s
4.79317891758417e-05 -1.5832426356638187e-05
Iteration counts: [0, 5, 5]

--- Iteration 10 ---
Qprime size   : 2804
max |ΔU|      : 1.197e-04
max |ΔU| norm  : 5.897e-03
max |Δn|      : 2.491e-03
max |Δn| norm  : 1.639e-02
max |ΔILDOS|  : 1.136e+02
last Poisson  : 13.726 s
last Quantum  : 7.931 s
3.253092217741391e-05 -1.0745715692059586e-05
Iteration counts: [0, 5, 6]

--- Iteration 11 ---
Qprime size   : 2804
max |ΔU|      : 9.900e-05
max |ΔU| norm  : 3.934e-03
max |Δn|      : 2.220e-03
max |Δn| norm  : 1.623e-02
max |ΔILDOS|  : 1.099e+02
last Poisson  : 13.830 s
last Quantum  : 8.175 s
2.283724609349132e-05 -7.5161107411959075e-06
Iteration counts: [0, 5, 7]

--- Iteration 12 ---
Qprime size   : 2804
max |ΔU|      : 8.512e-05
max |ΔU| norm  : 2.744e-03
max |Δn|      : 2.135e-03
max |Δn| norm  : 1.518e-02
max |ΔILDOS|  : 8.201e+01
last Poisson  : 13.795 s
last Quantum  : 7.682 s
1.2882660135716013e-05 -4.319196498641229e-06
Iteration counts: [0, 5, 8]

--- Iteration 13 ---
Qprime size   : 2804
max |ΔU|      : 6.641e-05
max |ΔU| norm  : 1.607e-03
max |Δn|      : 2.207e-03
max |Δn| norm  : 1.614e-02
max |ΔILDOS|  : 5.690e+01
last Poisson  : 13.888 s
last Quantum  : 7.607 s
7.328813838565928e-06 -2.4895126023994406e-06
Iteration counts: [0, 5, 9]

--- Iteration 14 ---
Qprime size   : 2804
max |ΔU|      : 6.765e-05
max |ΔU| norm  : 1.076e-03
max |Δn|      : 2.025e-03
max |Δn| norm  : 1.612e-02
max |ΔILDOS|  : 5.462e+01
last Poisson  : 13.775 s
last Quantum  : 7.678 s
4.389344190569029e-06 -1.4909494666460008e-06
Iteration counts: [0, 5, 10]

--- Iteration 15 ---
Qprime size   : 2804
max |ΔU|      : 7.354e-05
max |ΔU| norm  : 8.730e-04
max |Δn|      : 2.227e-03
max |Δn| norm  : 1.503e-02
max |ΔILDOS|  : 6.588e+01
last Poisson  : 13.907 s
last Quantum  : 7.617 s
2.8588657965409545e-06 -9.743827869815864e-07
Iteration counts: [0, 5, 11]

--- Iteration 16 ---
Qprime size   : 2804
max |ΔU|      : 7.803e-05
max |ΔU| norm  : 6.781e-04
max |Δn|      : 2.024e-03
max |Δn| norm  : 1.536e-02
max |ΔILDOS|  : 6.205e+01
last Poisson  : 13.961 s
last Quantum  : 7.655 s
2.0378476933257586e-06 -6.863555820485222e-07
Iteration counts: [0, 5, 12]

--- Iteration 17 ---
Qprime size   : 2804
max |ΔU|      : 7.942e-05
max |ΔU| norm  : 7.266e-04
max |Δn|      : 2.054e-03
max |Δn| norm  : 1.549e-02
max |ΔILDOS|  : 6.695e+01
last Poisson  : 13.820 s
last Quantum  : 7.508 s
1.8635283171866136e-06 -5.90147105216174e-07
Iteration counts: [0, 5, 13]

--- Iteration 18 ---
Qprime size   : 2804
max |ΔU|      : 6.945e-05
max |ΔU| norm  : 7.435e-04
max |Δn|      : 2.070e-03
max |Δn| norm  : 1.527e-02
max |ΔILDOS|  : 6.086e+01
last Poisson  : 13.850 s
last Quantum  : 7.662 s
-1.8036003582360185e-06 4.932868159919016e-07
Iteration counts: [0, 5, 14]

--- Iteration 19 ---
Qprime size   : 2804
max |ΔU|      : 7.454e-05
max |ΔU| norm  : 7.548e-04
max |Δn|      : 2.187e-03
max |Δn| norm  : 1.604e-02
max |ΔILDOS|  : 6.821e+01
last Poisson  : 13.887 s
last Quantum  : 7.609 s
2.151808155409499e-08 -2.702724730825037e-08
Iteration counts: [0, 5, 15]

--- Iteration 20 ---
Qprime size   : 2804
max |ΔU|      : 7.049e-05
max |ΔU| norm  : 6.040e-04
max |Δn|      : 1.946e-03
max |Δn| norm  : 1.623e-02
max |ΔILDOS|  : 6.068e+01
last Poisson  : 13.871 s
last Quantum  : 7.094 s
9.92219344491725e-07 -3.0266672536779793e-07
Iteration counts: [0, 5, 16]

--- Iteration 21 ---
Qprime size   : 2804
max |ΔU|      : 6.652e-05
max |ΔU| norm  : 6.024e-04
max |Δn|      : 2.083e-03
max |Δn| norm  : 1.638e-02
max |ΔILDOS|  : 6.599e+01
last Poisson  : 13.782 s
last Quantum  : 7.343 s
1.1839266035233866e-06 -3.516546593440897e-07
Iteration counts: [0, 5, 17]

--- Iteration 22 ---
Qprime size   : 2804
max |ΔU|      : 7.105e-05
max |ΔU| norm  : 6.409e-04
max |Δn|      : 1.955e-03
max |Δn| norm  : 1.514e-02
max |ΔILDOS|  : 6.301e+01
last Poisson  : 13.839 s
last Quantum  : 7.391 s
7.508362142014924e-08 -2.6741937345652568e-08
Iteration counts: [0, 5, 18]

--- Iteration 23 ---
Qprime size   : 2804
max |ΔU|      : 6.718e-05
max |ΔU| norm  : 6.378e-04
max |Δn|      : 2.092e-03
max |Δn| norm  : 1.537e-02
max |ΔILDOS|  : 5.317e+01
last Poisson  : 13.925 s
last Quantum  : 7.396 s
4.719467343653828e-07 -1.3503985543730887e-07
Iteration counts: [0, 5, 19]

--- Iteration 24 ---
Qprime size   : 2804
max |ΔU|      : 6.924e-05
max |ΔU| norm  : 6.748e-04
max |Δn|      : 1.869e-03
max |Δn| norm  : 1.508e-02
max |ΔILDOS|  : 6.936e+01
last Poisson  : 13.943 s
last Quantum  : 7.494 s
1.8570930441475678e-07 -5.454708383823084e-08
Iteration counts: [0, 5, 20]

--- Iteration 25 ---
Qprime size   : 2804
max |ΔU|      : 6.885e-05
max |ΔU| norm  : 6.054e-04
max |Δn|      : 2.119e-03
max |Δn| norm  : 1.543e-02
max |ΔILDOS|  : 6.600e+01
last Poisson  : 13.930 s
last Quantum  : 7.631 s
-4.863218708127008e-07 1.327959011634355e-07
Iteration counts: [0, 5, 21]

--- Iteration 26 ---
Qprime size   : 2804
max |ΔU|      : 6.711e-05
max |ΔU| norm  : 5.926e-04
max |Δn|      : 2.171e-03
max |Δn| norm  : 1.599e-02
max |ΔILDOS|  : 5.603e+01
last Poisson  : 13.965 s
last Quantum  : 7.633 s
-9.787008868069603e-07 2.861710420297435e-07
Iteration counts: [0, 5, 22]

--- Iteration 27 ---
Qprime size   : 2804
max |ΔU|      : 7.968e-05
max |ΔU| norm  : 6.590e-04
max |Δn|      : 2.124e-03
max |Δn| norm  : 1.632e-02
max |ΔILDOS|  : 7.172e+01
last Poisson  : 13.984 s
last Quantum  : 7.450 s
-3.4032875430242386e-08 1.2659061794285071e-08
Iteration counts: [0, 5, 23]

--- Iteration 28 ---
Qprime size   : 2804
max |ΔU|      : 7.887e-05
max |ΔU| norm  : 6.161e-04
max |Δn|      : 1.973e-03
max |Δn| norm  : 1.539e-02
max |ΔILDOS|  : 6.304e+01
last Poisson  : 13.915 s
last Quantum  : 7.358 s
5.858116522923173e-07 -1.7280524253258075e-07
Iteration counts: [0, 5, 24]

--- Iteration 29 ---
Qprime size   : 2804
max |ΔU|      : 7.127e-05
max |ΔU| norm  : 5.925e-04
max |Δn|      : 2.197e-03
max |Δn| norm  : 1.605e-02
max |ΔILDOS|  : 7.402e+01
last Poisson  : 13.906 s
last Quantum  : 7.337 s
1.3101091619320385e-06 -3.838721358593972e-07
Iteration counts: [0, 5, 25]

--- Iteration 30 ---
Qprime size   : 2804
max |ΔU|      : 6.845e-05
max |ΔU| norm  : 6.702e-04
max |Δn|      : 2.043e-03
max |Δn| norm  : 1.585e-02
max |ΔILDOS|  : 6.443e+01
last Poisson  : 14.011 s
last Quantum  : 7.567 s
-9.660672553067291e-07 2.844884900579384e-07
FSC converged / stopped.
✔ Logged phi=0.0844, Vbg=1.6667

=== Running phi=0.0844, Vbg=1.8333 ===
🔄 Full Hamiltonian rebuild (qparams change)
The poisson problem has been initialized.
Iteration counts: [0, 0, 0]

--- Iteration 0 ---
Qprime size   : 2784
max |ΔU|      : 6.484e-14
max |ΔU| norm  : 1.715e-12
max |Δn|      : 2.305e-13
max |Δn| norm  : 1.378e-12
-0.00036425447726217645 9.896417273767278e-05
Iteration counts: [0, 0, 1]

--- Iteration 1 ---
Qprime size   : 2784
max |ΔU|      : 7.588e-04
max |ΔU| norm  : 5.032e-02
max |Δn|      : 5.198e-03
max |Δn| norm  : 3.849e-02
max |ΔILDOS|  : 3.727e+02
last Poisson  : 14.036 s
last Quantum  : 8.062 s
-0.0007903231501414065 0.00024803259303204895
Iteration counts: [0, 1, 1]

--- Iteration 2 ---
Qprime size   : 2784
max |ΔU|      : 1.335e-03
max |ΔU| norm  : 9.645e-02
max |Δn|      : 4.757e-03
max |Δn| norm  : 5.263e-02
max |ΔILDOS|  : 3.727e+02
last Poisson  : 14.076 s
last Quantum  : 8.062 s
-0.0006319718778394111 0.0001986238425292375
Iteration counts: [0, 2, 1]

--- Iteration 3 ---
Qprime size   : 2784
max |ΔU|      : 1.067e-03
max |ΔU| norm  : 7.714e-02
max |Δn|      : 3.727e-03
max |Δn| norm  : 4.147e-02
max |ΔILDOS|  : 3.727e+02
last Poisson  : 14.115 s
last Quantum  : 8.062 s
-0.00050536372922246 0.0001590583684603472
Iteration counts: [0, 3, 1]

--- Iteration 4 ---
Qprime size   : 2784
max |ΔU|      : 8.533e-04
max |ΔU| norm  : 6.170e-02
max |Δn|      : 2.923e-03
max |Δn| norm  : 3.267e-02
max |ΔILDOS|  : 3.727e+02
last Poisson  : 14.039 s
last Quantum  : 8.062 s
-0.00040413196711921637 0.00012737513093737758
Iteration counts: [0, 4, 1]

--- Iteration 5 ---
Qprime size   : 2784
max |ΔU|      : 6.823e-04
max |ΔU| norm  : 4.935e-02
max |Δn|      : 2.293e-03
max |Δn| norm  : 2.575e-02
max |ΔILDOS|  : 3.727e+02
last Poisson  : 13.956 s
last Quantum  : 8.062 s
-0.0003231424633858692 0.00010198884349484447
Iteration counts: [0, 4, 2]

--- Iteration 6 ---
Qprime size   : 2784
max |ΔU|      : 5.455e-04
max |ΔU| norm  : 3.947e-02
max |Δn|      : 1.800e-03
max |Δn| norm  : 2.030e-02
max |ΔILDOS|  : 6.455e+02
last Poisson  : 14.008 s
last Quantum  : 6.963 s
0.0002725448512647344 -8.052050143355595e-05
Iteration counts: [0, 4, 3]

--- Iteration 7 ---
Qprime size   : 2784
max |ΔU|      : 4.829e-04
max |ΔU| norm  : 3.312e-02
max |Δn|      : 3.235e-03
max |Δn| norm  : 3.198e-02
max |ΔILDOS|  : 6.108e+02
last Poisson  : 14.051 s
last Quantum  : 7.265 s
0.0001646065413212823 -5.01591049573274e-05
Iteration counts: [0, 5, 3]

--- Iteration 8 ---
Qprime size   : 2784
max |ΔU|      : 2.963e-04
max |ΔU| norm  : 1.989e-02
max |Δn|      : 1.470e-03
max |Δn| norm  : 1.619e-02
max |ΔILDOS|  : 6.108e+02
last Poisson  : 14.137 s
last Quantum  : 7.265 s
0.0001316274862189885 -4.0178244901106455e-05
Iteration counts: [0, 5, 4]

--- Iteration 9 ---
Qprime size   : 2784
max |ΔU|      : 2.359e-04
max |ΔU| norm  : 1.590e-02
max |Δn|      : 1.149e-03
max |Δn| norm  : 1.263e-02
max |ΔILDOS|  : 5.530e+02
last Poisson  : 14.082 s
last Quantum  : 7.212 s
4.142670270602677e-05 -1.3047328369269402e-05
Iteration counts: [0, 5, 5]

--- Iteration 10 ---
Qprime size   : 2784
max |ΔU|      : 8.865e-05
max |ΔU| norm  : 5.316e-03
max |Δn|      : 1.832e-03
max |Δn| norm  : 7.291e-03
max |ΔILDOS|  : 1.194e+02
last Poisson  : 14.071 s
last Quantum  : 7.092 s
2.63728573466087e-05 -8.429096544444585e-06
Iteration counts: [0, 5, 6]

--- Iteration 11 ---
Qprime size   : 2784
max |ΔU|      : 6.585e-05
max |ΔU| norm  : 3.348e-03
max |Δn|      : 1.143e-03
max |Δn| norm  : 3.580e-03
max |ΔILDOS|  : 7.237e+01
last Poisson  : 14.085 s
last Quantum  : 8.036 s
1.562663917671412e-05 -5.040681447237254e-06
Iteration counts: [0, 5, 7]

--- Iteration 12 ---
Qprime size   : 2784
max |ΔU|      : 3.569e-05
max |ΔU| norm  : 1.994e-03
max |Δn|      : 1.078e-03
max |Δn| norm  : 3.069e-03
max |ΔILDOS|  : 4.366e+01
last Poisson  : 14.749 s
last Quantum  : 9.360 s
9.559846105933952e-06 -3.1216160867910136e-06
Iteration counts: [0, 5, 8]

--- Iteration 13 ---
Qprime size   : 2784
max |ΔU|      : 3.983e-05
max |ΔU| norm  : 1.218e-03
max |Δn|      : 1.652e-03
max |Δn| norm  : 3.384e-03
max |ΔILDOS|  : 2.675e+01
last Poisson  : 14.709 s
last Quantum  : 8.892 s
5.6200920820034776e-06 -1.8512595940081276e-06
Iteration counts: [0, 5, 9]

--- Iteration 14 ---
Qprime size   : 2784
max |ΔU|      : 2.636e-05
max |ΔU| norm  : 7.272e-04
max |Δn|      : 1.133e-03
max |Δn| norm  : 3.405e-03
max |ΔILDOS|  : 1.612e+01
last Poisson  : 14.775 s
last Quantum  : 8.851 s
3.645035120241724e-06 -1.2079158013890907e-06
Iteration counts: [0, 5, 10]

--- Iteration 15 ---
Qprime size   : 2784
max |ΔU|      : 3.650e-05
max |ΔU| norm  : 4.791e-04
max |Δn|      : 1.226e-03
max |Δn| norm  : 3.343e-03
max |ΔILDOS|  : 1.814e+01
last Poisson  : 14.691 s
last Quantum  : 8.847 s
1.9924642993461148e-06 -6.636549215631067e-07
Iteration counts: [0, 5, 11]

--- Iteration 16 ---
Qprime size   : 2784
max |ΔU|      : 3.599e-05
max |ΔU| norm  : 2.845e-04
max |Δn|      : 1.315e-03
max |Δn| norm  : 3.310e-03
max |ΔILDOS|  : 1.597e+01
last Poisson  : 14.811 s
last Quantum  : 8.962 s
1.4169620099385924e-06 -4.7222718255960575e-07
Iteration counts: [0, 5, 12]

--- Iteration 17 ---
Qprime size   : 2784
max |ΔU|      : 3.425e-05
max |ΔU| norm  : 2.105e-04
max |Δn|      : 1.138e-03
max |Δn| norm  : 3.044e-03
max |ΔILDOS|  : 1.601e+01
last Poisson  : 14.749 s
last Quantum  : 9.069 s
6.855757016514196e-07 -2.3156520445571113e-07
Iteration counts: [0, 5, 13]

--- Iteration 18 ---
Qprime size   : 2784
max |ΔU|      : 2.912e-05
max |ΔU| norm  : 1.326e-04
max |Δn|      : 9.690e-04
max |Δn| norm  : 2.841e-03
max |ΔILDOS|  : 1.441e+01
last Poisson  : 13.412 s
last Quantum  : 6.889 s
4.105994585379938e-07 -1.4221199885314815e-07
Iteration counts: [0, 5, 14]

--- Iteration 19 ---
Qprime size   : 2784
max |ΔU|      : 3.572e-05
max |ΔU| norm  : 1.190e-04
max |Δn|      : 1.323e-03
max |Δn| norm  : 3.388e-03
max |ΔILDOS|  : 1.219e+01
last Poisson  : 13.381 s
last Quantum  : 6.877 s
2.8892152770446725e-07 -9.584760489222812e-08
Iteration counts: [0, 5, 15]

--- Iteration 20 ---
Qprime size   : 2784
max |ΔU|      : 2.658e-05
max |ΔU| norm  : 1.041e-04
max |Δn|      : 1.264e-03
max |Δn| norm  : 3.499e-03
max |ΔILDOS|  : 1.023e+01
last Poisson  : 13.646 s
last Quantum  : 6.705 s
2.8961569142964747e-07 -9.573907582420447e-08
Iteration counts: [0, 5, 16]

--- Iteration 21 ---
Qprime size   : 2784
max |ΔU|      : 3.337e-05
max |ΔU| norm  : 1.129e-04
max |Δn|      : 1.227e-03
max |Δn| norm  : 3.299e-03
max |ΔILDOS|  : 1.493e+01
last Poisson  : 13.696 s
last Quantum  : 6.820 s
7.540022716518798e-08 -2.4433115789824317e-08
Iteration counts: [0, 5, 17]

--- Iteration 22 ---
Qprime size   : 2784
max |ΔU|      : 4.036e-05
max |ΔU| norm  : 1.080e-04
max |Δn|      : 1.106e-03
max |Δn| norm  : 3.033e-03
max |ΔILDOS|  : 1.847e+01
last Poisson  : 13.897 s
last Quantum  : 6.847 s
-4.353839938108848e-08 9.928841585556679e-09
Iteration counts: [0, 5, 18]

--- Iteration 23 ---
Qprime size   : 2784
max |ΔU|      : 3.871e-05
max |ΔU| norm  : 1.128e-04
max |Δn|      : 1.280e-03
max |Δn| norm  : 3.464e-03
max |ΔILDOS|  : 1.434e+01
last Poisson  : 13.983 s
last Quantum  : 6.295 s
-3.9589552031863654e-08 1.223286731077804e-08
Iteration counts: [0, 5, 19]

--- Iteration 24 ---
Qprime size   : 2784
max |ΔU|      : 3.446e-05
max |ΔU| norm  : 1.082e-04
max |Δn|      : 1.348e-03
max |Δn| norm  : 3.959e-03
max |ΔILDOS|  : 1.377e+01
last Poisson  : 14.241 s
last Quantum  : 6.916 s
4.433962005007515e-08 -1.4674521303555094e-08
Iteration counts: [0, 5, 20]

--- Iteration 25 ---
Qprime size   : 2784
max |ΔU|      : 2.813e-05
max |ΔU| norm  : 1.030e-04
max |Δn|      : 1.534e-03
max |Δn| norm  : 3.881e-03
max |ΔILDOS|  : 1.219e+01
last Poisson  : 14.460 s
last Quantum  : 6.462 s
9.187886014156014e-08 -2.6277987152978807e-08
Iteration counts: [0, 5, 21]

--- Iteration 26 ---
Qprime size   : 2784
max |ΔU|      : 2.475e-05
max |ΔU| norm  : 9.519e-05
max |Δn|      : 1.122e-03
max |Δn| norm  : 3.113e-03
max |ΔILDOS|  : 1.304e+01
last Poisson  : 14.526 s
last Quantum  : 6.625 s
2.5364103280007173e-08 -1.076240894881727e-08
Iteration counts: [0, 5, 22]

--- Iteration 27 ---
Qprime size   : 2784
max |ΔU|      : 2.990e-05
max |ΔU| norm  : 9.772e-05
max |Δn|      : 1.085e-03
max |Δn| norm  : 3.055e-03
max |ΔILDOS|  : 1.262e+01
last Poisson  : 14.603 s
last Quantum  : 6.838 s
-1.278750577229633e-07 3.9480147818122956e-08
Iteration counts: [0, 5, 23]

--- Iteration 28 ---
Qprime size   : 2784
max |ΔU|      : 2.762e-05
max |ΔU| norm  : 1.146e-04
max |Δn|      : 1.428e-03
max |Δn| norm  : 3.772e-03
max |ΔILDOS|  : 1.317e+01
last Poisson  : 14.817 s
last Quantum  : 7.542 s
7.506091093461551e-08 -2.4591423796522616e-08
Iteration counts: [0, 5, 24]

--- Iteration 29 ---
Qprime size   : 2784
max |ΔU|      : 2.837e-05
max |ΔU| norm  : 1.087e-04
max |Δn|      : 1.213e-03
max |Δn| norm  : 3.478e-03
max |ΔILDOS|  : 1.286e+01
last Poisson  : 14.201 s
last Quantum  : 6.800 s
8.777838139092996e-08 -2.4147920822501626e-08
Iteration counts: [0, 5, 25]

--- Iteration 30 ---
Qprime size   : 2784
max |ΔU|      : 2.562e-05
max |ΔU| norm  : 9.930e-05
max |Δn|      : 1.148e-03
max |Δn| norm  : 3.041e-03
max |ΔILDOS|  : 1.124e+01
last Poisson  : 14.202 s
last Quantum  : 6.614 s
7.228541165926686e-08 -2.4467682675847684e-08
FSC converged / stopped.
✔ Logged phi=0.0844, Vbg=1.8333

=== Running phi=0.0844, Vbg=2.0000 ===
🔄 Full Hamiltonian rebuild (qparams change)
The poisson problem has been initialized.
Iteration counts: [0, 0, 0]

--- Iteration 0 ---
Qprime size   : 2744
max |ΔU|      : 5.262e-14
max |ΔU| norm  : 1.241e-12
max |Δn|      : 2.969e-13
max |Δn| norm  : 1.523e-12
-0.000290793683418769 6.809291560434939e-05
Iteration counts: [0, 0, 1]

--- Iteration 1 ---
Qprime size   : 2744
max |ΔU|      : 7.979e-04
max |ΔU| norm  : 4.565e-02
max |Δn|      : 6.815e-03
max |Δn| norm  : 4.271e-02
max |ΔILDOS|  : 3.724e+02
last Poisson  : 13.964 s
last Quantum  : 7.179 s
-0.0006774208620843351 0.00020359298091369345
Iteration counts: [0, 1, 1]

--- Iteration 2 ---
Qprime size   : 2744
max |ΔU|      : 1.253e-03
max |ΔU| norm  : 8.487e-02
max |Δn|      : 5.923e-03
max |Δn| norm  : 5.144e-02
max |ΔILDOS|  : 3.724e+02
last Poisson  : 14.125 s
last Quantum  : 7.179 s
-0.0005419968170387228 0.00016327857133708752
Iteration counts: [0, 2, 1]

--- Iteration 3 ---
Qprime size   : 2744
max |ΔU|      : 1.000e-03
max |ΔU| norm  : 6.786e-02
max |Δn|      : 4.605e-03
max |Δn| norm  : 4.047e-02
max |ΔILDOS|  : 3.724e+02
last Poisson  : 14.052 s
last Quantum  : 7.179 s
-0.00043364959949968815 0.00013094134536483054
Iteration counts: [0, 3, 1]

--- Iteration 4 ---
Qprime size   : 2744
max |ΔU|      : 7.988e-04
max |ΔU| norm  : 5.426e-02
max |Δn|      : 3.581e-03
max |Δn| norm  : 3.184e-02
max |ΔILDOS|  : 3.724e+02
last Poisson  : 14.031 s
last Quantum  : 7.179 s
-0.0003469596780857902 0.0001050032106107543
Iteration counts: [0, 4, 1]

--- Iteration 5 ---
Qprime size   : 2744
max |ΔU|      : 6.378e-04
max |ΔU| norm  : 4.339e-02
max |Δn|      : 2.785e-03
max |Δn| norm  : 2.507e-02
max |ΔILDOS|  : 3.724e+02
last Poisson  : 14.056 s
last Quantum  : 7.179 s
-0.00027761175497986176 8.420285621434547e-05
Iteration counts: [0, 4, 2]

--- Iteration 6 ---
Qprime size   : 2744
max |ΔU|      : 5.092e-04
max |ΔU| norm  : 3.469e-02
max |Δn|      : 2.165e-03
max |Δn| norm  : 1.974e-02
max |ΔILDOS|  : 7.676e+02
last Poisson  : 13.667 s
last Quantum  : 7.036 s
0.00024094036254628743 -6.901618290647252e-05
Iteration counts: [0, 4, 3]

--- Iteration 7 ---
Qprime size   : 2744
max |ΔU|      : 4.658e-04
max |ΔU| norm  : 3.045e-02
max |Δn|      : 7.399e-03
max |Δn| norm  : 2.933e-02
max |ΔILDOS|  : 7.648e+02
last Poisson  : 13.854 s
last Quantum  : 7.324 s
0.0001467346333084692 -4.2718365015202485e-05
Iteration counts: [0, 4, 4]

--- Iteration 8 ---
Qprime size   : 2744
max |ΔU|      : 2.858e-04
max |ΔU| norm  : 1.828e-02
max |Δn|      : 3.012e-03
max |Δn| norm  : 1.483e-02
max |ΔILDOS|  : 6.034e+02
last Poisson  : 13.979 s
last Quantum  : 6.914 s
8.86857681749405e-05 -2.6061642532917995e-05
Iteration counts: [0, 4, 5]

--- Iteration 9 ---
Qprime size   : 2744
max |ΔU|      : 1.742e-04
max |ΔU| norm  : 1.098e-02
max |Δn|      : 1.140e-03
max |Δn| norm  : 8.781e-03
max |ΔILDOS|  : 3.731e+02
last Poisson  : 13.983 s
last Quantum  : 7.197 s
5.321158842906833e-05 -1.5745400155650178e-05
Iteration counts: [0, 4, 6]

--- Iteration 10 ---
Qprime size   : 2744
max |ΔU|      : 1.064e-04
max |ΔU| norm  : 6.570e-03
max |Δn|      : 1.128e-03
max |Δn| norm  : 6.409e-03
max |ΔILDOS|  : 2.169e+02
last Poisson  : 14.001 s
last Quantum  : 7.205 s
3.141803397105483e-05 -9.360558635224696e-06
Iteration counts: [0, 4, 7]

--- Iteration 11 ---
Qprime size   : 2744
max |ΔU|      : 6.539e-05
max |ΔU| norm  : 3.908e-03
max |Δn|      : 1.239e-03
max |Δn| norm  : 5.301e-03
max |ΔILDOS|  : 1.205e+02
last Poisson  : 14.052 s
last Quantum  : 7.144 s
1.9020062223962088e-05 -5.7098036624400945e-06
Iteration counts: [0, 4, 8]

--- Iteration 12 ---
Qprime size   : 2744
max |ΔU|      : 4.404e-05
max |ΔU| norm  : 2.365e-03
max |Δn|      : 1.222e-03
max |Δn| norm  : 4.891e-03
max |ΔILDOS|  : 6.419e+01
last Poisson  : 14.202 s
last Quantum  : 7.216 s
1.156239333360912e-05 -3.4937634136191083e-06
Iteration counts: [0, 4, 9]

--- Iteration 13 ---
Qprime size   : 2744
max |ΔU|      : 3.550e-05
max |ΔU| norm  : 1.442e-03
max |Δn|      : 1.242e-03
max |Δn| norm  : 5.250e-03
max |ΔILDOS|  : 3.645e+01
last Poisson  : 13.861 s
last Quantum  : 7.675 s
7.064552036568352e-06 -2.1525821007001594e-06
Iteration counts: [0, 4, 10]

--- Iteration 14 ---
Qprime size   : 2744
max |ΔU|      : 3.385e-05
max |ΔU| norm  : 8.826e-04
max |Δn|      : 1.229e-03
max |Δn| norm  : 5.706e-03
max |ΔILDOS|  : 2.721e+01
last Poisson  : 13.981 s
last Quantum  : 8.746 s
4.263324483245101e-06 -1.3064112523225093e-06
Iteration counts: [0, 4, 11]

--- Iteration 15 ---
Qprime size   : 2744
max |ΔU|      : 2.467e-05
max |ΔU| norm  : 5.478e-04
max |Δn|      : 1.314e-03
max |Δn| norm  : 5.915e-03
max |ΔILDOS|  : 1.897e+01
last Poisson  : 14.580 s
last Quantum  : 8.945 s
2.3928003823877747e-06 -7.467767526452965e-07
Iteration counts: [0, 4, 12]

--- Iteration 16 ---
Qprime size   : 2744
max |ΔU|      : 2.060e-05
max |ΔU| norm  : 3.287e-04
max |Δn|      : 1.233e-03
max |Δn| norm  : 5.727e-03
max |ΔILDOS|  : 1.441e+01
last Poisson  : 14.075 s
last Quantum  : 7.503 s
1.5023257472087872e-06 -4.677627966607356e-07
Iteration counts: [0, 4, 13]

--- Iteration 17 ---
Qprime size   : 2744
max |ΔU|      : 2.699e-05
max |ΔU| norm  : 2.323e-04
max |Δn|      : 1.333e-03
max |Δn| norm  : 6.025e-03
max |ΔILDOS|  : 1.685e+01
last Poisson  : 14.518 s
last Quantum  : 6.810 s
1.087707100570535e-06 -3.372437268445982e-07
Iteration counts: [0, 4, 14]

--- Iteration 18 ---
Qprime size   : 2744
max |ΔU|      : 3.063e-05
max |ΔU| norm  : 1.957e-04
max |Δn|      : 1.277e-03
max |Δn| norm  : 6.048e-03
max |ΔILDOS|  : 2.194e+01
last Poisson  : 14.678 s
last Quantum  : 6.422 s
4.972044606469596e-07 -1.5882125556617158e-07
Iteration counts: [0, 4, 15]

--- Iteration 19 ---
Qprime size   : 2744
max |ΔU|      : 3.030e-05
max |ΔU| norm  : 1.766e-04
max |Δn|      : 1.336e-03
max |Δn| norm  : 5.768e-03
max |ΔILDOS|  : 3.085e+01
last Poisson  : 14.426 s
last Quantum  : 8.011 s
3.4599717836218735e-07 -1.1106601649134915e-07
Iteration counts: [0, 4, 16]

--- Iteration 20 ---
Qprime size   : 2744
max |ΔU|      : 3.036e-05
max |ΔU| norm  : 1.311e-04
max |Δn|      : 1.171e-03
max |Δn| norm  : 5.669e-03
max |ΔILDOS|  : 2.103e+01
last Poisson  : 14.604 s
last Quantum  : 7.267 s
2.0061697915692408e-07 -6.272696112887013e-08
Iteration counts: [0, 4, 17]

--- Iteration 21 ---
Qprime size   : 2744
max |ΔU|      : 3.577e-05
max |ΔU| norm  : 1.481e-04
max |Δn|      : 1.283e-03
max |Δn| norm  : 6.248e-03
max |ΔILDOS|  : 2.822e+01
last Poisson  : 14.487 s
last Quantum  : 8.619 s
1.6288516493176565e-07 -5.174820708514517e-08
Iteration counts: [0, 4, 18]

--- Iteration 22 ---
Qprime size   : 2744
max |ΔU|      : 2.670e-05
max |ΔU| norm  : 1.362e-04
max |Δn|      : 1.319e-03
max |Δn| norm  : 6.354e-03
max |ΔILDOS|  : 2.165e+01
last Poisson  : 14.101 s
last Quantum  : 8.926 s
1.4782250544795741e-07 -4.423294475159284e-08
Iteration counts: [0, 4, 19]

--- Iteration 23 ---
Qprime size   : 2744
max |ΔU|      : 3.064e-05
max |ΔU| norm  : 1.525e-04
max |Δn|      : 1.209e-03
max |Δn| norm  : 5.863e-03
max |ΔILDOS|  : 2.722e+01
last Poisson  : 14.033 s
last Quantum  : 8.626 s
-1.2347492027108957e-07 3.1619728748955837e-08
Iteration counts: [0, 4, 20]

--- Iteration 24 ---
Qprime size   : 2744
max |ΔU|      : 2.546e-05
max |ΔU| norm  : 1.345e-04
max |Δn|      : 1.188e-03
max |Δn| norm  : 5.670e-03
max |ΔILDOS|  : 2.185e+01
last Poisson  : 14.015 s
last Quantum  : 7.637 s
1.2477833615864772e-07 -3.4896482959990526e-08
Iteration counts: [0, 4, 21]

--- Iteration 25 ---
Qprime size   : 2744
max |ΔU|      : 3.109e-05
max |ΔU| norm  : 1.609e-04
max |Δn|      : 1.328e-03
max |Δn| norm  : 6.087e-03
max |ΔILDOS|  : 2.487e+01
last Poisson  : 14.131 s
last Quantum  : 7.569 s
1.869994962497074e-07 -5.416633747411293e-08
Iteration counts: [0, 4, 22]

--- Iteration 26 ---
Qprime size   : 2744
max |ΔU|      : 2.963e-05
max |ΔU| norm  : 1.499e-04
max |Δn|      : 1.246e-03
max |Δn| norm  : 6.138e-03
max |ΔILDOS|  : 2.117e+01
last Poisson  : 14.033 s
last Quantum  : 6.938 s
-1.2708929212075565e-07 3.5753768434489325e-08
Iteration counts: [0, 4, 23]

--- Iteration 27 ---
Qprime size   : 2744
max |ΔU|      : 2.888e-05
max |ΔU| norm  : 1.596e-04
max |Δn|      : 1.251e-03
max |Δn| norm  : 5.948e-03
max |ΔILDOS|  : 2.883e+01
last Poisson  : 14.043 s
last Quantum  : 7.630 s
-8.774744549692997e-08 2.3500835452562306e-08
Iteration counts: [0, 4, 24]

--- Iteration 28 ---
Qprime size   : 2744
max |ΔU|      : 2.535e-05
max |ΔU| norm  : 1.403e-04
max |Δn|      : 1.257e-03
max |Δn| norm  : 5.800e-03
max |ΔILDOS|  : 2.471e+01
last Poisson  : 14.113 s
last Quantum  : 7.019 s
9.465720428025793e-08 -2.5623994276634452e-08
Iteration counts: [0, 4, 25]

--- Iteration 29 ---
Qprime size   : 2744
max |ΔU|      : 3.019e-05
max |ΔU| norm  : 1.620e-04
max |Δn|      : 1.347e-03
max |Δn| norm  : 6.291e-03
max |ΔILDOS|  : 2.758e+01
last Poisson  : 14.097 s
last Quantum  : 7.140 s
1.9424186256288156e-07 -5.5476924898613915e-08
Iteration counts: [0, 4, 26]

--- Iteration 30 ---
Qprime size   : 2744
max |ΔU|      : 3.126e-05
max |ΔU| norm  : 1.537e-04
max |Δn|      : 1.383e-03
max |Δn| norm  : 6.577e-03
max |ΔILDOS|  : 2.248e+01
last Poisson  : 14.004 s
last Quantum  : 7.124 s
-1.5807363413213986e-08 4.676178477420518e-09
FSC converged / stopped.
✔ Logged phi=0.0844, Vbg=2.0000

=== Running phi=0.0844, Vbg=2.1667 ===
🔄 Full Hamiltonian rebuild (qparams change)
The poisson problem has been initialized.
Iteration counts: [0, 0, 0]

--- Iteration 0 ---
Qprime size   : 2617
max |ΔU|      : 6.395e-14
max |ΔU| norm  : 1.176e-12
max |Δn|      : 4.075e-13
max |Δn| norm  : 1.584e-12
-0.0002304069439870936 6.597639060544838e-05
Iteration counts: [0, 0, 1]

--- Iteration 1 ---
Qprime size   : 2617
max |ΔU|      : 7.337e-04
max |ΔU| norm  : 3.280e-02
max |Δn|      : 7.721e-03
max |Δn| norm  : 3.106e-02
max |ΔILDOS|  : 3.716e+02
last Poisson  : 13.150 s
last Quantum  : 6.589 s
-0.0005825817596732278 0.000194791393898182
Iteration counts: [0, 1, 1]

--- Iteration 2 ---
Qprime size   : 2617
max |ΔU|      : 1.154e-03
max |ΔU| norm  : 7.001e-02
max |Δn|      : 4.656e-03
max |Δn| norm  : 3.685e-02
max |ΔILDOS|  : 3.716e+02
last Poisson  : 13.224 s
last Quantum  : 6.589 s
-0.0004656944426938364 0.00015587948609633892
Iteration counts: [0, 2, 1]

--- Iteration 3 ---
Qprime size   : 2617
max |ΔU|      : 9.184e-04
max |ΔU| norm  : 5.599e-02
max |Δn|      : 3.659e-03
max |Δn| norm  : 2.884e-02
max |ΔILDOS|  : 3.716e+02
last Poisson  : 13.240 s
last Quantum  : 6.589 s
-0.0003726107827461623 0.00012483553179147718
Iteration counts: [0, 2, 2]

--- Iteration 4 ---
Qprime size   : 2617
max |ΔU|      : 7.311e-04
max |ΔU| norm  : 4.481e-02
max |Δn|      : 2.876e-03
max |Δn| norm  : 2.265e-02
max |ΔILDOS|  : 7.707e+02
last Poisson  : 13.179 s
last Quantum  : 5.789 s
-1.5655909131068748e-05 6.211569221646892e-06
Iteration counts: [0, 2, 3]

--- Iteration 5 ---
Qprime size   : 2617
max |ΔU|      : 1.355e-04
max |ΔU| norm  : 2.973e-03
max |Δn|      : 3.217e-03
max |Δn| norm  : 2.193e-02
max |ΔILDOS|  : 2.036e+02
last Poisson  : 13.199 s
last Quantum  : 5.876 s
-7.468928324360001e-06 3.2677143247710388e-06
Iteration counts: [0, 2, 4]

--- Iteration 6 ---
Qprime size   : 2617
max |ΔU|      : 6.709e-05
max |ΔU| norm  : 1.655e-03
max |Δn|      : 1.638e-03
max |Δn| norm  : 1.169e-02
max |ΔILDOS|  : 1.250e+02
last Poisson  : 13.306 s
last Quantum  : 5.871 s
-4.266901580229038e-06 1.9022878599201885e-06
Iteration counts: [0, 2, 5]

--- Iteration 7 ---
Qprime size   : 2617
max |ΔU|      : 6.789e-05
max |ΔU| norm  : 1.242e-03
max |Δn|      : 1.400e-03
max |Δn| norm  : 6.576e-03
max |ΔILDOS|  : 1.052e+02
last Poisson  : 13.296 s
last Quantum  : 5.976 s
-3.0781882242403906e-06 1.271366945627749e-06
Iteration counts: [0, 2, 6]

--- Iteration 8 ---
Qprime size   : 2617
max |ΔU|      : 5.951e-05
max |ΔU| norm  : 7.080e-04
max |Δn|      : 1.420e-03
max |Δn| norm  : 8.433e-03
max |ΔILDOS|  : 8.317e+01
last Poisson  : 13.256 s
last Quantum  : 6.127 s
-2.2115975454584896e-06 8.641830913613864e-07
Iteration counts: [0, 2, 7]

--- Iteration 9 ---
Qprime size   : 2617
max |ΔU|      : 4.513e-05
max |ΔU| norm  : 5.308e-04
max |Δn|      : 1.485e-03
max |Δn| norm  : 1.053e-02
max |ΔILDOS|  : 5.714e+01
last Poisson  : 13.293 s
last Quantum  : 5.917 s
-1.7158525571396303e-06 6.322672999982155e-07
Iteration counts: [0, 2, 8]

--- Iteration 10 ---
Qprime size   : 2617
max |ΔU|      : 5.313e-05
max |ΔU| norm  : 5.455e-04
max |Δn|      : 1.497e-03
max |Δn| norm  : 1.107e-02
max |ΔILDOS|  : 6.758e+01
last Poisson  : 13.339 s
last Quantum  : 6.012 s
-1.2083426030197933e-06 4.370199374684025e-07
Iteration counts: [0, 2, 9]

--- Iteration 11 ---
Qprime size   : 2617
max |ΔU|      : 5.531e-05
max |ΔU| norm  : 5.564e-04
max |Δn|      : 1.632e-03
max |Δn| norm  : 1.038e-02
max |ΔILDOS|  : 7.032e+01
last Poisson  : 13.217 s
last Quantum  : 5.912 s
5.907813896673314e-07 -1.2022271535332294e-07
Iteration counts: [0, 2, 10]

--- Iteration 12 ---
Qprime size   : 2617
max |ΔU|      : 4.791e-05
max |ΔU| norm  : 4.199e-04
max |Δn|      : 1.631e-03
max |Δn| norm  : 1.059e-02
max |ΔILDOS|  : 5.546e+01
last Poisson  : 13.296 s
last Quantum  : 6.293 s
-1.6380926034334787e-07 7.50506980857143e-08
Iteration counts: [0, 2, 11]

--- Iteration 13 ---
Qprime size   : 2617
max |ΔU|      : 4.854e-05
max |ΔU| norm  : 3.862e-04
max |Δn|      : 1.494e-03
max |Δn| norm  : 1.146e-02
max |ΔILDOS|  : 5.602e+01
last Poisson  : 13.300 s
last Quantum  : 6.201 s
3.8472993995860366e-08 6.63436893549433e-09
Iteration counts: [0, 2, 12]

--- Iteration 14 ---
Qprime size   : 2617
max |ΔU|      : 4.821e-05
max |ΔU| norm  : 3.784e-04
max |Δn|      : 1.621e-03
max |Δn| norm  : 1.154e-02
max |ΔILDOS|  : 5.780e+01
last Poisson  : 13.305 s
last Quantum  : 6.200 s
-3.0630198226884315e-07 9.825474785917713e-08
Iteration counts: [0, 2, 13]

--- Iteration 15 ---
Qprime size   : 2617
max |ΔU|      : 4.225e-05
max |ΔU| norm  : 3.670e-04
max |Δn|      : 1.543e-03
max |Δn| norm  : 1.121e-02
max |ΔILDOS|  : 4.745e+01
last Poisson  : 13.252 s
last Quantum  : 6.279 s
4.2117696089054927e-07 -1.155114313120599e-07
Iteration counts: [0, 2, 14]

--- Iteration 16 ---
Qprime size   : 2617
max |ΔU|      : 4.581e-05
max |ΔU| norm  : 4.338e-04
max |Δn|      : 1.591e-03
max |Δn| norm  : 1.170e-02
max |ΔILDOS|  : 5.812e+01
last Poisson  : 13.268 s
last Quantum  : 5.929 s
-1.633856488693694e-07 4.802111208608089e-08
Iteration counts: [0, 2, 15]

--- Iteration 17 ---
Qprime size   : 2617
max |ΔU|      : 5.179e-05
max |ΔU| norm  : 4.893e-04
max |Δn|      : 1.553e-03
max |Δn| norm  : 1.165e-02
max |ΔILDOS|  : 6.652e+01
last Poisson  : 13.305 s
last Quantum  : 6.117 s
6.929362944789464e-08 -1.6847884624105366e-08
Iteration counts: [0, 2, 16]

--- Iteration 18 ---
Qprime size   : 2617
max |ΔU|      : 4.474e-05
max |ΔU| norm  : 4.011e-04
max |Δn|      : 1.657e-03
max |Δn| norm  : 1.144e-02
max |ΔILDOS|  : 5.512e+01
last Poisson  : 13.283 s
last Quantum  : 5.896 s
-7.808463278003482e-07 2.275321243916166e-07
Iteration counts: [0, 2, 17]

--- Iteration 19 ---
Qprime size   : 2617
max |ΔU|      : 4.292e-05
max |ΔU| norm  : 3.783e-04
max |Δn|      : 1.671e-03
max |Δn| norm  : 1.202e-02
max |ΔILDOS|  : 4.798e+01
last Poisson  : 13.283 s
last Quantum  : 6.113 s
6.695966512344017e-07 -1.8975390150660115e-07
Iteration counts: [0, 2, 18]

--- Iteration 20 ---
Qprime size   : 2617
max |ΔU|      : 4.288e-05
max |ΔU| norm  : 3.655e-04
max |Δn|      : 1.566e-03
max |Δn| norm  : 1.154e-02
max |ΔILDOS|  : 5.083e+01
last Poisson  : 13.245 s
last Quantum  : 6.113 s
1.5128844853023702e-07 -4.53032512014781e-08
Iteration counts: [0, 2, 19]

--- Iteration 21 ---
Qprime size   : 2617
max |ΔU|      : 4.134e-05
max |ΔU| norm  : 3.666e-04
max |Δn|      : 1.667e-03
max |Δn| norm  : 1.184e-02
max |ΔILDOS|  : 4.357e+01
last Poisson  : 13.223 s
last Quantum  : 5.991 s
1.7677172536287826e-07 -5.170845817174554e-08
Iteration counts: [0, 2, 20]

--- Iteration 22 ---
Qprime size   : 2617
max |ΔU|      : 4.721e-05
max |ΔU| norm  : 3.803e-04
max |Δn|      : 1.619e-03
max |Δn| norm  : 1.262e-02
max |ΔILDOS|  : 5.725e+01
last Poisson  : 13.235 s
last Quantum  : 6.068 s
-9.68663408768838e-07 2.7668264514783713e-07
Iteration counts: [0, 2, 21]

--- Iteration 23 ---
Qprime size   : 2617
max |ΔU|      : 5.567e-05
max |ΔU| norm  : 4.439e-04
max |Δn|      : 1.590e-03
max |Δn| norm  : 1.283e-02
max |ΔILDOS|  : 7.510e+01
last Poisson  : 13.273 s
last Quantum  : 5.661 s
4.2288555377415096e-07 -1.1771229226848144e-07
Iteration counts: [0, 2, 22]

--- Iteration 24 ---
Qprime size   : 2617
max |ΔU|      : 5.232e-05
max |ΔU| norm  : 4.359e-04
max |Δn|      : 1.525e-03
max |Δn| norm  : 1.169e-02
max |ΔILDOS|  : 7.187e+01
last Poisson  : 13.320 s
last Quantum  : 5.591 s
3.877873620004096e-07 -1.082192563787135e-07
Iteration counts: [0, 2, 23]

--- Iteration 25 ---
Qprime size   : 2617
max |ΔU|      : 3.989e-05
max |ΔU| norm  : 3.798e-04
max |Δn|      : 1.603e-03
max |Δn| norm  : 1.128e-02
max |ΔILDOS|  : 4.698e+01
last Poisson  : 13.359 s
last Quantum  : 5.849 s
-1.5405227202257032e-07 4.042549808182282e-08
Iteration counts: [0, 2, 24]

--- Iteration 26 ---
Qprime size   : 2617
max |ΔU|      : 4.644e-05
max |ΔU| norm  : 3.935e-04
max |Δn|      : 1.554e-03
max |Δn| norm  : 1.184e-02
max |ΔILDOS|  : 5.706e+01
last Poisson  : 13.275 s
last Quantum  : 5.675 s
7.880739897817166e-08 -2.1326730037435924e-08
Iteration counts: [0, 2, 25]

--- Iteration 27 ---
Qprime size   : 2617
max |ΔU|      : 4.819e-05
max |ΔU| norm  : 4.076e-04
max |Δn|      : 1.586e-03
max |Δn| norm  : 1.173e-02
max |ΔILDOS|  : 6.233e+01
last Poisson  : 13.279 s
last Quantum  : 5.976 s
3.7772998198761836e-07 -1.082003207663006e-07
Iteration counts: [0, 2, 26]

--- Iteration 28 ---
Qprime size   : 2617
max |ΔU|      : 4.645e-05
max |ΔU| norm  : 3.595e-04
max |Δn|      : 1.493e-03
max |Δn| norm  : 1.182e-02
max |ΔILDOS|  : 6.185e+01
last Poisson  : 13.297 s
last Quantum  : 6.759 s
-8.412197963893705e-07 2.3795801803907485e-07
Iteration counts: [0, 2, 27]

--- Iteration 29 ---
Qprime size   : 2617
max |ΔU|      : 4.474e-05
max |ΔU| norm  : 4.065e-04
max |Δn|      : 1.619e-03
max |Δn| norm  : 1.214e-02
max |ΔILDOS|  : 5.644e+01
last Poisson  : 13.252 s
last Quantum  : 7.001 s
-1.5908194043785107e-07 4.701140174614096e-08
Iteration counts: [0, 2, 28]

--- Iteration 30 ---
Qprime size   : 2617
max |ΔU|      : 4.476e-05
max |ΔU| norm  : 4.080e-04
max |Δn|      : 1.600e-03
max |Δn| norm  : 1.202e-02
max |ΔILDOS|  : 4.997e+01
last Poisson  : 13.305 s
last Quantum  : 6.910 s
-1.402508321953094e-07 4.132645823983487e-08
FSC converged / stopped.
✔ Logged phi=0.0844, Vbg=2.1667

=== Running phi=0.0844, Vbg=2.3333 ===
🔄 Full Hamiltonian rebuild (qparams change)
The poisson problem has been initialized.
Iteration counts: [0, 0, 0]

--- Iteration 0 ---
Qprime size   : 2480
max |ΔU|      : 4.619e-14
max |ΔU| norm  : 2.256e-12
max |Δn|      : 2.138e-13
max |Δn| norm  : 1.583e-12
-0.00015558002734873067 3.392099428128686e-05
Iteration counts: [0, 0, 1]

--- Iteration 1 ---
Qprime size   : 2480
max |ΔU|      : 7.570e-04
max |ΔU| norm  : 2.601e-02
max |Δn|      : 7.543e-03
max |Δn| norm  : 2.765e-02
max |ΔILDOS|  : 4.397e+02
last Poisson  : 12.689 s
last Quantum  : 6.343 s
-0.000459050119750118 0.00015115858167687676
Iteration counts: [0, 0, 2]

--- Iteration 2 ---
Qprime size   : 2480
max |ΔU|      : 1.014e-03
max |ΔU| norm  : 5.570e-02
max |Δn|      : 5.525e-03
max |Δn| norm  : 3.217e-02
max |ΔILDOS|  : 3.703e+02
last Poisson  : 12.687 s
last Quantum  : 6.457 s
-0.0002734905941946223 8.985272085707651e-05
Iteration counts: [0, 1, 2]

--- Iteration 3 ---
Qprime size   : 2480
max |ΔU|      : 5.912e-04
max |ΔU| norm  : 3.339e-02
max |Δn|      : 3.457e-03
max |Δn| norm  : 1.801e-02
max |ΔILDOS|  : 3.703e+02
last Poisson  : 12.631 s
last Quantum  : 6.457 s
-0.0002187329232968268 7.192666659268273e-05
Iteration counts: [0, 1, 3]

--- Iteration 4 ---
Qprime size   : 2480
max |ΔU|      : 4.725e-04
max |ΔU| norm  : 2.673e-02
max |Δn|      : 2.670e-03
max |Δn| norm  : 1.411e-02
max |ΔILDOS|  : 3.709e+02
last Poisson  : 12.659 s
last Quantum  : 5.926 s
-7.603616812066969e-05 2.500191684767938e-05
Iteration counts: [0, 1, 4]

--- Iteration 5 ---
Qprime size   : 2480
max |ΔU|      : 1.804e-04
max |ΔU| norm  : 9.418e-03
max |Δn|      : 1.148e-03
max |Δn| norm  : 6.445e-03
max |ΔILDOS|  : 2.364e+02
last Poisson  : 12.677 s
last Quantum  : 7.401 s
-4.574834668572029e-05 1.5034376742571029e-05
Iteration counts: [0, 1, 5]

--- Iteration 6 ---
Qprime size   : 2480
max |ΔU|      : 1.110e-04
max |ΔU| norm  : 5.719e-03
max |Δn|      : 6.430e-04
max |Δn| norm  : 3.424e-03
max |ΔILDOS|  : 1.611e+02
last Poisson  : 12.694 s
last Quantum  : 7.007 s
-2.759603528411158e-05 9.0568336079837e-06
Iteration counts: [0, 1, 6]

--- Iteration 7 ---
Qprime size   : 2480
max |ΔU|      : 6.803e-05
max |ΔU| norm  : 3.475e-03
max |Δn|      : 4.187e-04
max |Δn| norm  : 2.053e-03
max |ΔILDOS|  : 1.034e+02
last Poisson  : 12.718 s
last Quantum  : 6.967 s
-1.6642172639349825e-05 5.455231710739608e-06
Iteration counts: [0, 1, 7]

--- Iteration 8 ---
Qprime size   : 2480
max |ΔU|      : 4.148e-05
max |ΔU| norm  : 2.108e-03
max |Δn|      : 3.408e-04
max |Δn| norm  : 1.295e-03
max |ΔILDOS|  : 6.404e+01
last Poisson  : 12.702 s
last Quantum  : 6.705 s
-1.0079782559158567e-05 3.2951897396795283e-06
Iteration counts: [0, 1, 8]

--- Iteration 9 ---
Qprime size   : 2480
max |ΔU|      : 2.524e-05
max |ΔU| norm  : 1.284e-03
max |Δn|      : 3.679e-04
max |Δn| norm  : 1.010e-03
max |ΔILDOS|  : 3.964e+01
last Poisson  : 12.649 s
last Quantum  : 6.696 s
-6.074774747021751e-06 1.9811290353958638e-06
Iteration counts: [0, 1, 9]

--- Iteration 10 ---
Qprime size   : 2480
max |ΔU|      : 1.608e-05
max |ΔU| norm  : 7.790e-04
max |Δn|      : 3.981e-04
max |Δn| norm  : 9.564e-04
max |ΔILDOS|  : 2.432e+01
last Poisson  : 12.703 s
last Quantum  : 6.755 s
-3.6736606690108543e-06 1.19469044989081e-06
Iteration counts: [0, 1, 10]

--- Iteration 11 ---
Qprime size   : 2480
max |ΔU|      : 1.354e-05
max |ΔU| norm  : 4.751e-04
max |Δn|      : 5.068e-04
max |Δn| norm  : 1.001e-03
max |ΔILDOS|  : 1.499e+01
last Poisson  : 12.646 s
last Quantum  : 6.747 s
-2.201065874629323e-06 7.132723195750599e-07
Iteration counts: [0, 1, 11]

--- Iteration 12 ---
Qprime size   : 2480
max |ΔU|      : 1.030e-05
max |ΔU| norm  : 2.872e-04
max |Δn|      : 4.700e-04
max |Δn| norm  : 9.667e-04
max |ΔILDOS|  : 9.220e+00
last Poisson  : 12.588 s
last Quantum  : 6.735 s
-1.3482623842156715e-06 4.333198952806722e-07
Iteration counts: [0, 1, 12]

--- Iteration 13 ---
Qprime size   : 2480
max |ΔU|      : 7.943e-06
max |ΔU| norm  : 1.772e-04
max |Δn|      : 4.028e-04
max |Δn| norm  : 9.081e-04
max |ΔILDOS|  : 5.407e+00
last Poisson  : 12.588 s
last Quantum  : 6.677 s
-8.061138576674393e-07 2.5840093138656855e-07
Iteration counts: [0, 1, 13]

--- Iteration 14 ---
Qprime size   : 2480
max |ΔU|      : 9.234e-06
max |ΔU| norm  : 1.080e-04
max |Δn|      : 4.103e-04
max |Δn| norm  : 9.417e-04
max |ΔILDOS|  : 4.491e+00
last Poisson  : 12.613 s
last Quantum  : 6.561 s
-5.0601018381849e-07 1.6046453478046524e-07
Iteration counts: [0, 1, 14]

--- Iteration 15 ---
Qprime size   : 2480
max |ΔU|      : 9.055e-06
max |ΔU| norm  : 7.032e-05
max |Δn|      : 4.895e-04
max |Δn| norm  : 1.003e-03
max |ΔILDOS|  : 5.296e+00
last Poisson  : 12.657 s
last Quantum  : 6.493 s
-2.8105903138020936e-07 8.951252991130065e-08
Iteration counts: [0, 1, 15]

--- Iteration 16 ---
Qprime size   : 2480
max |ΔU|      : 8.088e-06
max |ΔU| norm  : 4.352e-05
max |Δn|      : 4.660e-04
max |Δn| norm  : 1.006e-03
max |ΔILDOS|  : 4.297e+00
last Poisson  : 12.688 s
last Quantum  : 7.142 s
-1.8892411676727585e-07 5.900258494845021e-08
Iteration counts: [0, 1, 16]

--- Iteration 17 ---
Qprime size   : 2480
max |ΔU|      : 7.548e-06
max |ΔU| norm  : 3.276e-05
max |Δn|      : 4.218e-04
max |Δn| norm  : 9.817e-04
max |ΔILDOS|  : 4.082e+00
last Poisson  : 12.542 s
last Quantum  : 7.425 s
-9.366725816176515e-08 2.9671251114052883e-08
Iteration counts: [0, 1, 17]

--- Iteration 18 ---
Qprime size   : 2480
max |ΔU|      : 7.825e-06
max |ΔU| norm  : 2.494e-05
max |Δn|      : 4.321e-04
max |Δn| norm  : 1.001e-03
max |ΔILDOS|  : 4.150e+00
last Poisson  : 12.546 s
last Quantum  : 7.609 s
-8.372689393149246e-08 2.5541020112878668e-08
Iteration counts: [0, 1, 18]

--- Iteration 19 ---
Qprime size   : 2480
max |ΔU|      : 7.984e-06
max |ΔU| norm  : 2.441e-05
max |Δn|      : 4.801e-04
max |Δn| norm  : 1.036e-03
max |ΔILDOS|  : 4.736e+00
last Poisson  : 12.555 s
last Quantum  : 7.654 s
-2.462204025601128e-08 7.900875872573575e-09
Iteration counts: [0, 1, 19]

--- Iteration 20 ---
Qprime size   : 2480
max |ΔU|      : 7.577e-06
max |ΔU| norm  : 2.198e-05
max |Δn|      : 4.632e-04
max |Δn| norm  : 1.033e-03
max |ΔILDOS|  : 4.351e+00
last Poisson  : 12.631 s
last Quantum  : 7.585 s
-3.738041068607782e-08 1.1061040395365028e-08
Iteration counts: [0, 1, 20]

--- Iteration 21 ---
Qprime size   : 2480
max |ΔU|      : 7.516e-06
max |ΔU| norm  : 2.185e-05
max |Δn|      : 4.314e-04
max |Δn| norm  : 1.012e-03
max |ΔILDOS|  : 4.097e+00
last Poisson  : 12.607 s
last Quantum  : 7.613 s
5.025071375498109e-10 8.076495527269726e-11
Iteration counts: [0, 1, 21]

--- Iteration 22 ---
Qprime size   : 2480
max |ΔU|      : 7.572e-06
max |ΔU| norm  : 2.150e-05
max |Δn|      : 4.390e-04
max |Δn| norm  : 1.021e-03
max |ΔILDOS|  : 4.209e+00
last Poisson  : 12.701 s
last Quantum  : 7.361 s
-2.67724627044665e-08 7.799249866495717e-09
Iteration counts: [0, 1, 22]

--- Iteration 23 ---
Qprime size   : 2480
max |ΔU|      : 7.635e-06
max |ΔU| norm  : 2.212e-05
max |Δn|      : 4.733e-04
max |Δn| norm  : 1.043e-03
max |ΔILDOS|  : 4.568e+00
last Poisson  : 12.524 s
last Quantum  : 7.354 s
9.924390730137014e-09 -2.7777753899039315e-09
Iteration counts: [0, 1, 23]

--- Iteration 24 ---
Qprime size   : 2480
max |ΔU|      : 7.522e-06
max |ΔU| norm  : 2.171e-05
max |Δn|      : 4.606e-04
max |Δn| norm  : 1.037e-03
max |ΔILDOS|  : 4.346e+00
last Poisson  : 12.630 s
last Quantum  : 7.435 s
-1.7053833773894033e-08 4.845221423361064e-09
Iteration counts: [0, 1, 24]

--- Iteration 25 ---
Qprime size   : 2480
max |ΔU|      : 7.523e-06
max |ΔU| norm  : 2.151e-05
max |Δn|      : 4.324e-04
max |Δn| norm  : 1.019e-03
max |ΔILDOS|  : 4.114e+00
last Poisson  : 12.532 s
last Quantum  : 7.423 s
1.3342397962754129e-08 -3.810290247664157e-09
Iteration counts: [0, 1, 25]

--- Iteration 26 ---
Qprime size   : 2480
max |ΔU|      : 7.543e-06
max |ΔU| norm  : 2.158e-05
max |Δn|      : 4.420e-04
max |Δn| norm  : 1.024e-03
max |ΔILDOS|  : 4.232e+00
last Poisson  : 12.522 s
last Quantum  : 7.306 s
-1.840774040607661e-08 5.285097106504257e-09
Iteration counts: [0, 1, 26]

--- Iteration 27 ---
Qprime size   : 2480
max |ΔU|      : 7.533e-06
max |ΔU| norm  : 2.193e-05
max |Δn|      : 4.683e-04
max |Δn| norm  : 1.041e-03
max |ΔILDOS|  : 4.478e+00
last Poisson  : 12.585 s
last Quantum  : 7.134 s
1.464966385972258e-08 -4.181771159143027e-09
Iteration counts: [0, 1, 27]

--- Iteration 28 ---
Qprime size   : 2480
max |ΔU|      : 7.527e-06
max |ΔU| norm  : 2.173e-05
max |Δn|      : 4.585e-04
max |Δn| norm  : 1.036e-03
max |ΔILDOS|  : 4.336e+00
last Poisson  : 12.634 s
last Quantum  : 7.758 s
-1.4471199015651552e-08 4.092039159698796e-09
Iteration counts: [0, 1, 28]

--- Iteration 29 ---
Qprime size   : 2480
max |ΔU|      : 7.532e-06
max |ΔU| norm  : 2.151e-05
max |Δn|      : 4.353e-04
max |Δn| norm  : 1.022e-03
max |ΔILDOS|  : 4.128e+00
last Poisson  : 12.537 s
last Quantum  : 7.457 s
1.5097271895029076e-08 -4.3167394854132725e-09
Iteration counts: [0, 1, 29]

--- Iteration 30 ---
Qprime size   : 2480
max |ΔU|      : 7.541e-06
max |ΔU| norm  : 2.161e-05
max |Δn|      : 4.439e-04
max |Δn| norm  : 1.026e-03
max |ΔILDOS|  : 4.245e+00
last Poisson  : 12.651 s
last Quantum  : 7.124 s
-1.6910945966864962e-08 4.849024631805604e-09
FSC converged / stopped.
✔ Logged phi=0.0844, Vbg=2.3333

=== Running phi=0.0844, Vbg=2.5000 ===
🔄 Full Hamiltonian rebuild (qparams change)
The poisson problem has been initialized.
Iteration counts: [0, 0, 0]

--- Iteration 0 ---
Qprime size   : 2339
max |ΔU|      : 5.951e-14
max |ΔU| norm  : 1.865e-12
max |Δn|      : 4.154e-13
max |Δn| norm  : 1.713e-12
-9.535062344658009e-05 8.862536311938972e-06
Iteration counts: [0, 0, 1]

--- Iteration 1 ---
Qprime size   : 2339
max |ΔU|      : 8.075e-04
max |ΔU| norm  : 2.312e-02
max |Δn|      : 8.174e-03
max |Δn| norm  : 2.545e-02
max |ΔILDOS|  : 3.721e+02
last Poisson  : 13.278 s
last Quantum  : 6.452 s
-0.00034724712741033144 0.00010496753137669322
Iteration counts: [0, 0, 2]

--- Iteration 2 ---
Qprime size   : 2339
max |ΔU|      : 9.053e-04
max |ΔU| norm  : 4.480e-02
max |Δn|      : 3.907e-03
max |Δn| norm  : 3.068e-02
max |ΔILDOS|  : 3.676e+02
last Poisson  : 13.259 s
last Quantum  : 6.155 s
-0.00020740949379625078 6.3247106918999e-05
Iteration counts: [0, 1, 2]

--- Iteration 3 ---
Qprime size   : 2339
max |ΔU|      : 5.546e-04
max |ΔU| norm  : 2.683e-02
max |Δn|      : 2.464e-03
max |Δn| norm  : 1.648e-02
max |ΔILDOS|  : 3.676e+02
last Poisson  : 13.348 s
last Quantum  : 6.155 s
-0.0001658859128530164 5.065857946043411e-05
Iteration counts: [0, 1, 3]

--- Iteration 4 ---
Qprime size   : 2339
max |ΔU|      : 4.427e-04
max |ΔU| norm  : 2.146e-02
max |Δn|      : 1.902e-03
max |Δn| norm  : 1.290e-02
max |ΔILDOS|  : 3.677e+02
last Poisson  : 11.615 s
last Quantum  : 3.998 s
-5.4183708175176615e-05 1.661355622473989e-05
Iteration counts: [0, 1, 4]

--- Iteration 5 ---
Qprime size   : 2339
max |ΔU|      : 1.484e-04
max |ΔU| norm  : 7.204e-03
max |Δn|      : 1.293e-03
max |Δn| norm  : 5.888e-03
max |ΔILDOS|  : 2.019e+02
last Poisson  : 11.822 s
last Quantum  : 5.150 s
-3.371393571827129e-05 1.0283481517590267e-05
Iteration counts: [0, 1, 5]

--- Iteration 6 ---
Qprime size   : 2339
max |ΔU|      : 8.931e-05
max |ΔU| norm  : 4.433e-03
max |Δn|      : 6.789e-04
max |Δn| norm  : 3.212e-03
max |ΔILDOS|  : 1.316e+02
last Poisson  : 11.626 s
last Quantum  : 4.827 s
-2.0225632006675737e-05 6.151129710224915e-06
Iteration counts: [0, 1, 6]

--- Iteration 7 ---
Qprime size   : 2339
max |ΔU|      : 5.545e-05
max |ΔU| norm  : 2.703e-03
max |Δn|      : 3.868e-04
max |Δn| norm  : 2.102e-03
max |ΔILDOS|  : 8.588e+01
last Poisson  : 12.924 s
last Quantum  : 5.960 s
-1.2331256329095134e-05 3.733366380229629e-06
Iteration counts: [0, 1, 7]

--- Iteration 8 ---
Qprime size   : 2339
max |ΔU|      : 3.368e-05
max |ΔU| norm  : 1.653e-03
max |Δn|      : 4.562e-04
max |Δn| norm  : 1.791e-03
max |ΔILDOS|  : 5.299e+01
last Poisson  : 11.391 s
last Quantum  : 4.504 s
-7.348272682623827e-06 2.2169553942455713e-06
Iteration counts: [0, 1, 8]

--- Iteration 9 ---
Qprime size   : 2339
max |ΔU|      : 2.043e-05
max |ΔU| norm  : 1.003e-03
max |Δn|      : 5.416e-04
max |Δn| norm  : 1.910e-03
max |ΔILDOS|  : 3.163e+01
last Poisson  : 11.676 s
last Quantum  : 4.389 s
-4.4982596319029985e-06 1.3483234758861777e-06
Iteration counts: [0, 1, 9]

--- Iteration 10 ---
Qprime size   : 2339
max |ΔU|      : 1.240e-05
max |ΔU| norm  : 6.144e-04
max |Δn|      : 5.823e-04
max |Δn| norm  : 2.143e-03
max |ΔILDOS|  : 1.971e+01
last Poisson  : 12.799 s
last Quantum  : 4.889 s
-2.6469790761848037e-06 7.900834053543137e-07
Iteration counts: [0, 1, 10]

--- Iteration 11 ---
Qprime size   : 2339
max |ΔU|      : 8.166e-06
max |ΔU| norm  : 3.730e-04
max |Δn|      : 6.036e-04
max |Δn| norm  : 2.316e-03
max |ΔILDOS|  : 1.196e+01
last Poisson  : 11.949 s
last Quantum  : 4.338 s
-1.6564515159607631e-06 4.893211738497306e-07
Iteration counts: [0, 1, 11]

--- Iteration 12 ---
Qprime size   : 2339
max |ΔU|      : 9.073e-06
max |ΔU| norm  : 2.318e-04
max |Δn|      : 6.096e-04
max |Δn| norm  : 2.429e-03
max |ΔILDOS|  : 7.278e+00
last Poisson  : 12.344 s
last Quantum  : 4.380 s
-9.34867328393046e-07 2.7501279309068376e-07
Iteration counts: [0, 1, 12]

--- Iteration 13 ---
Qprime size   : 2339
max |ΔU|      : 7.962e-06
max |ΔU| norm  : 1.423e-04
max |Δn|      : 6.108e-04
max |Δn| norm  : 2.503e-03
max |ΔILDOS|  : 5.527e+00
last Poisson  : 12.074 s
last Quantum  : 5.835 s
-6.251889902801228e-07 1.8076367340729695e-07
Iteration counts: [0, 1, 13]

--- Iteration 14 ---
Qprime size   : 2339
max |ΔU|      : 8.633e-06
max |ΔU| norm  : 9.313e-05
max |Δn|      : 6.116e-04
max |Δn| norm  : 2.549e-03
max |ΔILDOS|  : 5.859e+00
last Poisson  : 11.758 s
last Quantum  : 6.361 s
-3.1474227053661777e-07 9.079751109631182e-08
Iteration counts: [0, 1, 14]

--- Iteration 15 ---
Qprime size   : 2339
max |ΔU|      : 8.283e-06
max |ΔU| norm  : 6.172e-05
max |Δn|      : 6.111e-04
max |Δn| norm  : 2.567e-03
max |ΔILDOS|  : 5.639e+00
last Poisson  : 13.464 s
last Quantum  : 4.782 s
-2.508281340975835e-07 7.061083363521449e-08
Iteration counts: [0, 1, 15]

--- Iteration 16 ---
Qprime size   : 2339
max |ΔU|      : 8.463e-06
max |ΔU| norm  : 4.761e-05
max |Δn|      : 6.115e-04
max |Δn| norm  : 2.573e-03
max |ΔILDOS|  : 5.734e+00
last Poisson  : 14.078 s
last Quantum  : 4.598 s
-8.95518333517575e-08 2.5189239990955834e-08
Iteration counts: [0, 1, 16]

--- Iteration 17 ---
Qprime size   : 2339
max |ΔU|      : 8.331e-06
max |ΔU| norm  : 3.892e-05
max |Δn|      : 6.121e-04
max |Δn| norm  : 2.578e-03
max |ΔILDOS|  : 5.666e+00
last Poisson  : 14.248 s
last Quantum  : 4.324 s
-1.1742747506537634e-07 3.2186678553891426e-08
Iteration counts: [0, 1, 17]

--- Iteration 18 ---
Qprime size   : 2339
max |ΔU|      : 8.416e-06
max |ΔU| norm  : 3.651e-05
max |Δn|      : 6.121e-04
max |Δn| norm  : 2.582e-03
max |ΔILDOS|  : 5.698e+00
last Poisson  : 13.229 s
last Quantum  : 5.141 s
-7.406683265223962e-09 1.8502418117461185e-09
Iteration counts: [0, 1, 18]

--- Iteration 19 ---
Qprime size   : 2339
max |ΔU|      : 8.388e-06
max |ΔU| norm  : 3.471e-05
max |Δn|      : 6.116e-04
max |Δn| norm  : 2.583e-03
max |ΔILDOS|  : 5.675e+00
last Poisson  : 13.258 s
last Quantum  : 5.446 s
-6.788192078610562e-08 1.829164205722917e-08
Iteration counts: [0, 1, 19]

--- Iteration 20 ---
Qprime size   : 2339
max |ΔU|      : 8.398e-06
max |ΔU| norm  : 3.442e-05
max |Δn|      : 6.117e-04
max |Δn| norm  : 2.583e-03
max |ΔILDOS|  : 5.681e+00
last Poisson  : 13.302 s
last Quantum  : 4.874 s
2.2093249591162142e-08 -6.294807001552824e-09
Iteration counts: [0, 1, 20]

--- Iteration 21 ---
Qprime size   : 2339
max |ΔU|      : 8.374e-06
max |ΔU| norm  : 3.406e-05
max |Δn|      : 6.121e-04
max |Δn| norm  : 2.584e-03
max |ΔILDOS|  : 5.676e+00
last Poisson  : 13.191 s
last Quantum  : 4.461 s
-5.009247576551376e-08 1.3468722320541256e-08
Iteration counts: [0, 1, 21]

--- Iteration 22 ---
Qprime size   : 2339
max |ΔU|      : 8.391e-06
max |ΔU| norm  : 3.408e-05
max |Δn|      : 6.120e-04
max |Δn| norm  : 2.585e-03
max |ΔILDOS|  : 5.679e+00
last Poisson  : 13.408 s
last Quantum  : 6.365 s
3.324115614401926e-08 -9.267313221045993e-09
Iteration counts: [0, 1, 22]

--- Iteration 23 ---
Qprime size   : 2339
max |ΔU|      : 8.398e-06
max |ΔU| norm  : 3.402e-05
max |Δn|      : 6.117e-04
max |Δn| norm  : 2.585e-03
max |ΔILDOS|  : 5.677e+00
last Poisson  : 13.190 s
last Quantum  : 6.191 s
-4.342457484744969e-08 1.172943364821826e-08
Iteration counts: [0, 1, 23]

--- Iteration 24 ---
Qprime size   : 2339
max |ΔU|      : 8.390e-06
max |ΔU| norm  : 3.401e-05
max |Δn|      : 6.118e-04
max |Δn| norm  : 2.585e-03
max |ΔILDOS|  : 5.676e+00
last Poisson  : 13.132 s
last Quantum  : 6.146 s
3.708767523291616e-08 -1.024052647451506e-08
Iteration counts: [0, 1, 24]

--- Iteration 25 ---
Qprime size   : 2339
max |ΔU|      : 8.381e-06
max |ΔU| norm  : 3.399e-05
max |Δn|      : 6.121e-04
max |Δn| norm  : 2.585e-03
max |ΔILDOS|  : 5.676e+00
last Poisson  : 13.218 s
last Quantum  : 5.847 s
-4.10401558305664e-08 1.1142077867335312e-08
Iteration counts: [0, 1, 25]

--- Iteration 26 ---
Qprime size   : 2339
max |ΔU|      : 8.389e-06
max |ΔU| norm  : 3.401e-05
max |Δn|      : 6.120e-04
max |Δn| norm  : 2.585e-03
max |ΔILDOS|  : 5.677e+00
last Poisson  : 13.240 s
last Quantum  : 5.640 s
3.873845217320641e-08 -1.064446181496064e-08
Iteration counts: [0, 1, 26]

--- Iteration 27 ---
Qprime size   : 2339
max |ΔU|      : 8.397e-06
max |ΔU| norm  : 3.401e-05
max |Δn|      : 6.118e-04
max |Δn| norm  : 2.585e-03
max |ΔILDOS|  : 5.677e+00
last Poisson  : 13.111 s
last Quantum  : 5.749 s
-4.009451160798971e-08 1.0919868998853838e-08
Iteration counts: [0, 1, 27]

--- Iteration 28 ---
Qprime size   : 2339
max |ΔU|      : 8.390e-06
max |ΔU| norm  : 3.400e-05
max |Δn|      : 6.118e-04
max |Δn| norm  : 2.585e-03
max |ΔILDOS|  : 5.676e+00
last Poisson  : 13.209 s
last Quantum  : 5.232 s
3.9160359782738475e-08 -1.0730711075501757e-08
Iteration counts: [0, 1, 28]

--- Iteration 29 ---
Qprime size   : 2339
max |ΔU|      : 8.383e-06
max |ΔU| norm  : 3.399e-05
max |Δn|      : 6.120e-04
max |Δn| norm  : 2.585e-03
max |ΔILDOS|  : 5.676e+00
last Poisson  : 13.064 s
last Quantum  : 5.346 s
-3.978862618099338e-08 1.0857047189231426e-08
Iteration counts: [0, 1, 29]

--- Iteration 30 ---
Qprime size   : 2339
max |ΔU|      : 8.389e-06
max |ΔU| norm  : 3.400e-05
max |Δn|      : 6.120e-04
max |Δn| norm  : 2.585e-03
max |ΔILDOS|  : 5.677e+00
last Poisson  : 12.993 s
last Quantum  : 5.332 s
3.9488148247780606e-08 -1.080757704141054e-08
FSC converged / stopped.
✔ Logged phi=0.0844, Vbg=2.5000

=== Running phi=0.0889, Vbg=1.0000 ===
🔄 Full Hamiltonian rebuild (qparams change)
The poisson problem has been initialized.
Iteration counts: [0, 0, 0]

--- Iteration 0 ---
Qprime size   : 2307
max |ΔU|      : 2.598e-14
max |ΔU| norm  : 1.064e-12
max |Δn|      : 1.412e-13
max |Δn| norm  : 7.197e-13
-0.0018893176274033658 0.0007177115245960402
Iteration counts: [0, 0, 1]

--- Iteration 1 ---
Qprime size   : 2307
max |ΔU|      : 2.040e-03
max |ΔU| norm  : 1.927e-01
max |Δn|      : 6.049e-03
max |Δn| norm  : 6.319e-02
max |ΔILDOS|  : 4.607e+02
last Poisson  : 13.257 s
last Quantum  : 5.496 s
-0.0013608715206794005 0.0004902230416523316
Iteration counts: [0, 1, 1]

--- Iteration 2 ---
Qprime size   : 2307
max |ΔU|      : 1.719e-03
max |ΔU| norm  : 1.408e-01
max |Δn|      : 4.849e-03
max |Δn| norm  : 4.675e-02
max |ΔILDOS|  : 4.607e+02
last Poisson  : 13.354 s
last Quantum  : 5.496 s
-0.0010887132038701864 0.0003923301123636025
Iteration counts: [0, 2, 1]

--- Iteration 3 ---
Qprime size   : 2307
max |ΔU|      : 1.383e-03
max |ΔU| norm  : 1.127e-01
max |Δn|      : 3.810e-03
max |Δn| norm  : 3.691e-02
max |ΔILDOS|  : 4.607e+02
last Poisson  : 13.270 s
last Quantum  : 5.496 s
-0.0008699934293641435 0.00031369263595094134
Iteration counts: [0, 3, 1]

--- Iteration 4 ---
Qprime size   : 2307
max |ΔU|      : 1.097e-03
max |ΔU| norm  : 9.010e-02
max |Δn|      : 2.996e-03
max |Δn| norm  : 2.945e-02
max |ΔILDOS|  : 4.607e+02
last Poisson  : 13.223 s
last Quantum  : 5.496 s
-0.0006959176362259873 0.0002510134375748076
Iteration counts: [0, 3, 2]

--- Iteration 5 ---
Qprime size   : 2307
max |ΔU|      : 8.876e-04
max |ΔU| norm  : 7.211e-02
max |Δn|      : 2.357e-03
max |Δn| norm  : 2.373e-02
max |ΔILDOS|  : 4.789e+02
last Poisson  : 13.256 s
last Quantum  : 6.089 s
0.0002785816822895918 -9.898746457053024e-05
Iteration counts: [0, 3, 3]

--- Iteration 6 ---
Qprime size   : 2307
max |ΔU|      : 4.126e-04
max |ΔU| norm  : 2.812e-02
max |Δn|      : 4.163e-03
max |Δn| norm  : 3.045e-02
max |ΔILDOS|  : 4.078e+02
last Poisson  : 13.395 s
last Quantum  : 6.147 s
0.00016628644690594986 -5.925365003608025e-05
Iteration counts: [0, 4, 3]

--- Iteration 7 ---
Qprime size   : 2307
max |ΔU|      : 2.456e-04
max |ΔU| norm  : 1.673e-02
max |Δn|      : 2.250e-03
max |Δn| norm  : 1.790e-02
max |ΔILDOS|  : 4.078e+02
last Poisson  : 13.440 s
last Quantum  : 6.147 s
0.00013187543395170277 -4.712265911952839e-05
Iteration counts: [0, 4, 4]

--- Iteration 8 ---
Qprime size   : 2307
max |ΔU|      : 1.916e-04
max |ΔU| norm  : 1.328e-02
max |Δn|      : 1.728e-03
max |Δn| norm  : 1.194e-02
max |ΔILDOS|  : 3.884e+02
last Poisson  : 13.282 s
last Quantum  : 5.942 s
4.324710725138942e-05 -1.5455451002371215e-05
Iteration counts: [0, 4, 5]

--- Iteration 9 ---
Qprime size   : 2307
max |ΔU|      : 1.441e-04
max |ΔU| norm  : 4.524e-03
max |Δn|      : 2.389e-03
max |Δn| norm  : 1.951e-02
max |ΔILDOS|  : 1.261e+02
last Poisson  : 13.287 s
last Quantum  : 5.973 s
2.3559625032307333e-05 -8.532293889681162e-06
Iteration counts: [0, 4, 6]

--- Iteration 10 ---
Qprime size   : 2307
max |ΔU|      : 8.500e-05
max |ΔU| norm  : 2.577e-03
max |Δn|      : 2.332e-03
max |Δn| norm  : 1.510e-02
max |ΔILDOS|  : 6.316e+01
last Poisson  : 13.437 s
last Quantum  : 6.054 s
1.1915988085535157e-05 -4.4065513788274935e-06
Iteration counts: [0, 4, 7]

--- Iteration 11 ---
Qprime size   : 2307
max |ΔU|      : 7.047e-05
max |ΔU| norm  : 1.501e-03
max |Δn|      : 2.232e-03
max |Δn| norm  : 1.392e-02
max |ΔILDOS|  : 3.579e+01
last Poisson  : 13.523 s
last Quantum  : 5.988 s
1.0543515560371164e-05 -3.658902612978539e-06
Iteration counts: [0, 4, 8]

--- Iteration 12 ---
Qprime size   : 2307
max |ΔU|      : 9.007e-05
max |ΔU| norm  : 1.290e-03
max |Δn|      : 2.255e-03
max |Δn| norm  : 1.418e-02
max |ΔILDOS|  : 5.503e+01
last Poisson  : 13.492 s
last Quantum  : 6.171 s
4.931159534449717e-06 -1.7226526382315078e-06
Iteration counts: [0, 4, 9]

--- Iteration 13 ---
Qprime size   : 2307
max |ΔU|      : 6.616e-05
max |ΔU| norm  : 8.766e-04
max |Δn|      : 2.061e-03
max |Δn| norm  : 1.536e-02
max |ΔILDOS|  : 3.624e+01
last Poisson  : 13.531 s
last Quantum  : 5.991 s
4.256041827204315e-06 -1.4555567520104258e-06
Iteration counts: [0, 4, 10]

--- Iteration 14 ---
Qprime size   : 2307
max |ΔU|      : 6.966e-05
max |ΔU| norm  : 8.218e-04
max |Δn|      : 2.181e-03
max |Δn| norm  : 1.507e-02
max |ΔILDOS|  : 4.469e+01
last Poisson  : 13.572 s
last Quantum  : 6.197 s
6.828663513595543e-07 -2.403178304907939e-07
Iteration counts: [0, 4, 11]

--- Iteration 15 ---
Qprime size   : 2307
max |ΔU|      : 8.134e-05
max |ΔU| norm  : 7.673e-04
max |Δn|      : 2.303e-03
max |Δn| norm  : 1.536e-02
max |ΔILDOS|  : 5.339e+01
last Poisson  : 13.616 s
last Quantum  : 6.224 s
1.4476867293810072e-06 -5.197111624298093e-07
Iteration counts: [0, 4, 12]

--- Iteration 16 ---
Qprime size   : 2307
max |ΔU|      : 7.230e-05
max |ΔU| norm  : 7.178e-04
max |Δn|      : 2.131e-03
max |Δn| norm  : 1.531e-02
max |ΔILDOS|  : 3.767e+01
last Poisson  : 13.518 s
last Quantum  : 6.448 s
7.106733866364436e-07 -2.156875899224175e-07
Iteration counts: [0, 4, 13]

--- Iteration 17 ---
Qprime size   : 2307
max |ΔU|      : 6.651e-05
max |ΔU| norm  : 6.457e-04
max |Δn|      : 2.023e-03
max |Δn| norm  : 1.541e-02
max |ΔILDOS|  : 3.407e+01
last Poisson  : 13.558 s
last Quantum  : 6.421 s
2.7870672644904518e-06 -8.516618943379759e-07
Iteration counts: [0, 4, 14]

--- Iteration 18 ---
Qprime size   : 2307
max |ΔU|      : 8.702e-05
max |ΔU| norm  : 7.445e-04
max |Δn|      : 2.162e-03
max |Δn| norm  : 1.561e-02
max |ΔILDOS|  : 5.069e+01
last Poisson  : 13.541 s
last Quantum  : 6.416 s
-2.1993694308086542e-06 6.712189877213933e-07
Iteration counts: [0, 4, 15]

--- Iteration 19 ---
Qprime size   : 2307
max |ΔU|      : 6.583e-05
max |ΔU| norm  : 7.961e-04
max |Δn|      : 2.365e-03
max |Δn| norm  : 1.533e-02
max |ΔILDOS|  : 3.885e+01
last Poisson  : 13.513 s
last Quantum  : 6.378 s
-8.741994145004348e-08 -1.1448604422438982e-08
Iteration counts: [0, 4, 16]

--- Iteration 20 ---
Qprime size   : 2307
max |ΔU|      : 6.120e-05
max |ΔU| norm  : 7.165e-04
max |Δn|      : 2.321e-03
max |Δn| norm  : 1.455e-02
max |ΔILDOS|  : 3.844e+01
last Poisson  : 13.481 s
last Quantum  : 6.485 s
9.777454087007598e-07 -2.450740109551366e-07
Iteration counts: [0, 4, 17]

--- Iteration 21 ---
Qprime size   : 2307
max |ΔU|      : 8.103e-05
max |ΔU| norm  : 6.721e-04
max |Δn|      : 2.058e-03
max |Δn| norm  : 1.584e-02
max |ΔILDOS|  : 4.745e+01
last Poisson  : 13.487 s
last Quantum  : 6.497 s
8.460645092682325e-07 -2.850566156640155e-07
Iteration counts: [0, 4, 18]

--- Iteration 22 ---
Qprime size   : 2307
max |ΔU|      : 6.949e-05
max |ΔU| norm  : 6.609e-04
max |Δn|      : 2.207e-03
max |Δn| norm  : 1.545e-02
max |ΔILDOS|  : 3.700e+01
last Poisson  : 13.728 s
last Quantum  : 6.512 s
-2.6903628112295616e-06 8.02255167677598e-07
Iteration counts: [0, 4, 19]

--- Iteration 23 ---
Qprime size   : 2307
max |ΔU|      : 7.075e-05
max |ΔU| norm  : 7.797e-04
max |Δn|      : 1.978e-03
max |Δn| norm  : 1.476e-02
max |ΔILDOS|  : 3.518e+01
last Poisson  : 13.513 s
last Quantum  : 6.483 s
1.569652363325115e-06 -4.4591876989679766e-07
Iteration counts: [0, 4, 20]

--- Iteration 24 ---
Qprime size   : 2307
max |ΔU|      : 8.528e-05
max |ΔU| norm  : 7.752e-04
max |Δn|      : 1.995e-03
max |Δn| norm  : 1.474e-02
max |ΔILDOS|  : 5.641e+01
last Poisson  : 13.760 s
last Quantum  : 6.973 s
3.294341989133707e-07 -9.580256601459092e-08
Iteration counts: [0, 4, 21]

--- Iteration 25 ---
Qprime size   : 2307
max |ΔU|      : 7.808e-05
max |ΔU| norm  : 7.172e-04
max |Δn|      : 1.990e-03
max |Δn| norm  : 1.629e-02
max |ΔILDOS|  : 4.974e+01
last Poisson  : 12.590 s
last Quantum  : 4.073 s
5.99660047890336e-07 -2.0098468879245676e-07
Iteration counts: [0, 4, 22]

--- Iteration 26 ---
Qprime size   : 2307
max |ΔU|      : 6.361e-05
max |ΔU| norm  : 7.204e-04
max |Δn|      : 2.403e-03
max |Δn| norm  : 1.528e-02
max |ΔILDOS|  : 3.898e+01
last Poisson  : 14.687 s
last Quantum  : 4.165 s
-1.4281099468584283e-06 4.521676995393919e-07
Iteration counts: [0, 4, 23]

--- Iteration 27 ---
Qprime size   : 2307
max |ΔU|      : 7.376e-05
max |ΔU| norm  : 7.031e-04
max |Δn|      : 1.998e-03
max |Δn| norm  : 1.458e-02
max |ΔILDOS|  : 4.475e+01
last Poisson  : 14.627 s
last Quantum  : 4.553 s
2.3126184537714676e-07 -1.0509800933865286e-07
Iteration counts: [0, 4, 24]

--- Iteration 28 ---
Qprime size   : 2307
max |ΔU|      : 6.679e-05
max |ΔU| norm  : 7.017e-04
max |Δn|      : 2.024e-03
max |Δn| norm  : 1.499e-02
max |ΔILDOS|  : 3.967e+01
last Poisson  : 13.412 s
last Quantum  : 6.016 s
-5.824110566400126e-08 3.548104562757826e-08
Iteration counts: [0, 4, 25]

--- Iteration 29 ---
Qprime size   : 2307
max |ΔU|      : 6.326e-05
max |ΔU| norm  : 6.640e-04
max |Δn|      : 2.019e-03
max |Δn| norm  : 1.583e-02
max |ΔILDOS|  : 3.551e+01
last Poisson  : 13.384 s
last Quantum  : 5.395 s
2.3277849445895197e-06 -6.756494580222214e-07
Iteration counts: [0, 4, 26]

--- Iteration 30 ---
Qprime size   : 2307
max |ΔU|      : 9.640e-05
max |ΔU| norm  : 8.243e-04
max |Δn|      : 2.128e-03
max |Δn| norm  : 1.552e-02
max |ΔILDOS|  : 6.654e+01
last Poisson  : 13.503 s
last Quantum  : 4.680 s
-2.358326826172921e-06 6.84346744993583e-07
FSC converged / stopped.
✔ Logged phi=0.0889, Vbg=1.0000

=== Running phi=0.0889, Vbg=1.1667 ===
🔄 Full Hamiltonian rebuild (qparams change)
The poisson problem has been initialized.
Iteration counts: [0, 0, 0]

--- Iteration 0 ---
Qprime size   : 2307
-0.0007272569933034376 0.0002526049682626053
Iteration counts: [0, 1, 0]

--- Iteration 1 ---
Qprime size   : 2307
max |ΔU|      : 1.027e-03
max |ΔU| norm  : 7.703e-02
max |Δn|      : 4.109e-03
max |Δn| norm  : 3.572e-02
last Poisson  : 13.335 s
-0.0005815772559388968 0.00020228335545681943
Iteration counts: [0, 2, 0]

--- Iteration 2 ---
Qprime size   : 2307
max |ΔU|      : 8.207e-04
max |ΔU| norm  : 6.163e-02
max |Δn|      : 3.187e-03
max |Δn| norm  : 2.856e-02
last Poisson  : 13.103 s
-0.00046550003191495894 0.00016209638611948063
Iteration counts: [0, 2, 1]

--- Iteration 3 ---
Qprime size   : 2307
max |ΔU|      : 6.557e-04
max |ΔU| norm  : 4.937e-02
max |Δn|      : 2.539e-03
max |Δn| norm  : 2.371e-02
max |ΔILDOS|  : 4.876e+02
last Poisson  : 13.253 s
last Quantum  : 5.708 s
-0.0010624011791572038 0.00038916864261218516
Iteration counts: [0, 2, 2]

--- Iteration 4 ---
Qprime size   : 2307
max |ΔU|      : 1.327e-03
max |ΔU| norm  : 1.095e-01
max |Δn|      : 4.335e-03
max |Δn| norm  : 4.436e-02
max |ΔILDOS|  : 5.353e+02
last Poisson  : 13.499 s
last Quantum  : 5.390 s
-0.0006326313227679509 0.00023187447075599546
Iteration counts: [0, 3, 2]

--- Iteration 5 ---
Qprime size   : 2307
max |ΔU|      : 7.953e-04
max |ΔU| norm  : 6.544e-02
max |Δn|      : 3.045e-03
max |Δn| norm  : 3.240e-02
max |ΔILDOS|  : 5.353e+02
last Poisson  : 13.725 s
last Quantum  : 5.390 s
-0.0005018651210978572 0.0001843615316648569
Iteration counts: [0, 4, 2]

--- Iteration 6 ---
Qprime size   : 2307
max |ΔU|      : 6.438e-04
max |ΔU| norm  : 5.202e-02
max |Δn|      : 2.072e-03
max |Δn| norm  : 2.258e-02
max |ΔILDOS|  : 5.353e+02
last Poisson  : 13.664 s
last Quantum  : 5.390 s
-0.0003996728508623442 0.00014702539853097752
Iteration counts: [0, 4, 3]

--- Iteration 7 ---
Qprime size   : 2307
max |ΔU|      : 5.124e-04
max |ΔU| norm  : 4.146e-02
max |Δn|      : 1.961e-03
max |Δn| norm  : 1.732e-02
max |ΔILDOS|  : 5.312e+02
last Poisson  : 13.480 s
last Quantum  : 5.568 s
-1.9663226716788417e-05 7.2126924830488615e-06
Iteration counts: [0, 4, 4]

--- Iteration 8 ---
Qprime size   : 2307
max |ΔU|      : 1.735e-04
max |ΔU| norm  : 3.248e-03
max |Δn|      : 2.888e-03
max |Δn| norm  : 3.215e-02
max |ΔILDOS|  : 1.828e+02
last Poisson  : 13.703 s
last Quantum  : 5.228 s
-9.200133803100276e-06 3.779996509061169e-06
Iteration counts: [0, 5, 4]

--- Iteration 9 ---
Qprime size   : 2307
max |ΔU|      : 9.218e-05
max |ΔU| norm  : 1.727e-03
max |Δn|      : 2.791e-03
max |Δn| norm  : 1.909e-02
max |ΔILDOS|  : 1.828e+02
last Poisson  : 13.793 s
last Quantum  : 5.228 s
-5.3499072961937025e-06 2.4523814682306527e-06
Iteration counts: [0, 5, 5]

--- Iteration 10 ---
Qprime size   : 2307
max |ΔU|      : 8.101e-05
max |ΔU| norm  : 1.420e-03
max |Δn|      : 2.143e-03
max |Δn| norm  : 1.214e-02
max |ΔILDOS|  : 1.971e+02
last Poisson  : 13.787 s
last Quantum  : 5.307 s
-6.8783554503693725e-06 2.2834719276969376e-06
Iteration counts: [0, 5, 6]

--- Iteration 11 ---
Qprime size   : 2307
max |ΔU|      : 1.310e-04
max |ΔU| norm  : 1.707e-03
max |Δn|      : 2.696e-03
max |Δn| norm  : 2.383e-02
max |ΔILDOS|  : 1.513e+02
last Poisson  : 13.818 s
last Quantum  : 5.440 s
-2.37064951837119e-06 9.110810931716256e-07
Iteration counts: [0, 5, 7]

--- Iteration 12 ---
Qprime size   : 2307
max |ΔU|      : 9.169e-05
max |ΔU| norm  : 1.030e-03
max |Δn|      : 2.747e-03
max |Δn| norm  : 2.000e-02
max |ΔILDOS|  : 8.201e+01
last Poisson  : 13.892 s
last Quantum  : 5.405 s
-1.171615003864313e-06 4.506325986304007e-07
Iteration counts: [0, 5, 8]

--- Iteration 13 ---
Qprime size   : 2307
max |ΔU|      : 7.906e-05
max |ΔU| norm  : 8.205e-04
max |Δn|      : 2.683e-03
max |Δn| norm  : 2.105e-02
max |ΔILDOS|  : 6.833e+01
last Poisson  : 13.807 s
last Quantum  : 5.459 s
7.622490420235078e-07 -1.2231843476388214e-07
Iteration counts: [0, 5, 9]

--- Iteration 14 ---
Qprime size   : 2307
max |ΔU|      : 8.251e-05
max |ΔU| norm  : 9.418e-04
max |Δn|      : 2.799e-03
max |Δn| norm  : 2.354e-02
max |ΔILDOS|  : 6.517e+01
last Poisson  : 14.082 s
last Quantum  : 5.052 s
-2.603748002416263e-08 5.100411215434876e-08
Iteration counts: [0, 5, 10]

--- Iteration 15 ---
Qprime size   : 2307
max |ΔU|      : 9.182e-05
max |ΔU| norm  : 8.545e-04
max |Δn|      : 2.597e-03
max |Δn| norm  : 2.131e-02
max |ΔILDOS|  : 5.784e+01
last Poisson  : 14.460 s
last Quantum  : 4.256 s
3.817322155261017e-07 -5.682094232938898e-08
Iteration counts: [0, 5, 11]

--- Iteration 16 ---
Qprime size   : 2307
max |ΔU|      : 9.357e-05
max |ΔU| norm  : 9.499e-04
max |Δn|      : 2.695e-03
max |Δn| norm  : 2.087e-02
max |ΔILDOS|  : 7.705e+01
last Poisson  : 14.756 s
last Quantum  : 4.148 s
2.5763576586919563e-07 -8.326839045072444e-08
Iteration counts: [0, 5, 12]

--- Iteration 17 ---
Qprime size   : 2307
max |ΔU|      : 1.075e-04
max |ΔU| norm  : 1.057e-03
max |Δn|      : 2.482e-03
max |Δn| norm  : 2.163e-02
max |ΔILDOS|  : 8.497e+01
last Poisson  : 14.432 s
last Quantum  : 5.958 s
-1.5779689048411207e-06 4.7093778472072267e-07
Iteration counts: [0, 5, 13]

--- Iteration 18 ---
Qprime size   : 2307
max |ΔU|      : 1.095e-04
max |ΔU| norm  : 9.776e-04
max |Δn|      : 2.613e-03
max |Δn| norm  : 2.148e-02
max |ΔILDOS|  : 8.453e+01
last Poisson  : 13.778 s
last Quantum  : 4.605 s
-2.002374838468021e-06 5.843797989595886e-07
Iteration counts: [0, 5, 14]

--- Iteration 19 ---
Qprime size   : 2307
max |ΔU|      : 1.002e-04
max |ΔU| norm  : 9.168e-04
max |Δn|      : 2.676e-03
max |Δn| norm  : 2.073e-02
max |ΔILDOS|  : 8.053e+01
last Poisson  : 13.859 s
last Quantum  : 4.607 s
2.8365236072696183e-06 -8.118786446579468e-07
Iteration counts: [0, 5, 15]

--- Iteration 20 ---
Qprime size   : 2307
max |ΔU|      : 9.206e-05
max |ΔU| norm  : 9.501e-04
max |Δn|      : 2.718e-03
max |Δn| norm  : 2.286e-02
max |ΔILDOS|  : 6.490e+01
last Poisson  : 13.900 s
last Quantum  : 4.466 s
-1.027974958222623e-06 2.821751005636145e-07
Iteration counts: [0, 5, 16]

--- Iteration 21 ---
Qprime size   : 2307
max |ΔU|      : 9.760e-05
max |ΔU| norm  : 8.923e-04
max |Δn|      : 2.553e-03
max |Δn| norm  : 2.128e-02
max |ΔILDOS|  : 6.671e+01
last Poisson  : 13.970 s
last Quantum  : 4.652 s
-2.380813464131553e-06 7.093271982703915e-07
Iteration counts: [0, 5, 17]

--- Iteration 22 ---
Qprime size   : 2307
max |ΔU|      : 1.031e-04
max |ΔU| norm  : 9.969e-04
max |Δn|      : 2.696e-03
max |Δn| norm  : 2.211e-02
max |ΔILDOS|  : 6.215e+01
last Poisson  : 13.721 s
last Quantum  : 6.433 s
6.618688793319878e-07 -2.023876488702821e-07
Iteration counts: [0, 5, 18]

--- Iteration 23 ---
Qprime size   : 2307
max |ΔU|      : 1.056e-04
max |ΔU| norm  : 1.019e-03
max |Δn|      : 2.616e-03
max |Δn| norm  : 2.132e-02
max |ΔILDOS|  : 7.965e+01
last Poisson  : 13.823 s
last Quantum  : 6.337 s
1.8100236535446138e-06 -5.08977566215421e-07
Iteration counts: [0, 5, 19]

--- Iteration 24 ---
Qprime size   : 2307
max |ΔU|      : 8.963e-05
max |ΔU| norm  : 1.054e-03
max |Δn|      : 2.676e-03
max |Δn| norm  : 2.122e-02
max |ΔILDOS|  : 7.350e+01
last Poisson  : 13.799 s
last Quantum  : 6.224 s
-8.918521857059654e-08 1.4881039635132667e-08
Iteration counts: [0, 5, 20]

--- Iteration 25 ---
Qprime size   : 2307
max |ΔU|      : 7.461e-05
max |ΔU| norm  : 8.107e-04
max |Δn|      : 2.622e-03
max |Δn| norm  : 1.969e-02
max |ΔILDOS|  : 5.756e+01
last Poisson  : 13.887 s
last Quantum  : 5.860 s
5.9298045273400296e-08 -1.999578645534607e-08
Iteration counts: [0, 5, 21]

--- Iteration 26 ---
Qprime size   : 2307
max |ΔU|      : 9.527e-05
max |ΔU| norm  : 8.934e-04
max |Δn|      : 2.586e-03
max |Δn| norm  : 2.316e-02
max |ΔILDOS|  : 6.578e+01
last Poisson  : 13.910 s
last Quantum  : 5.888 s
-8.93952311045271e-07 2.5186150044451407e-07
Iteration counts: [0, 5, 22]

--- Iteration 27 ---
Qprime size   : 2307
max |ΔU|      : 9.382e-05
max |ΔU| norm  : 8.605e-04
max |Δn|      : 2.610e-03
max |Δn| norm  : 2.199e-02
max |ΔILDOS|  : 6.458e+01
last Poisson  : 13.795 s
last Quantum  : 5.831 s
-1.0537781374390125e-06 3.2418905231944344e-07
Iteration counts: [0, 5, 23]

--- Iteration 28 ---
Qprime size   : 2307
max |ΔU|      : 9.801e-05
max |ΔU| norm  : 9.581e-04
max |Δn|      : 2.601e-03
max |Δn| norm  : 2.182e-02
max |ΔILDOS|  : 6.450e+01
last Poisson  : 13.923 s
last Quantum  : 5.515 s
5.419782781598682e-07 -1.7874739800966694e-07
Iteration counts: [0, 5, 24]

--- Iteration 29 ---
Qprime size   : 2307
max |ΔU|      : 1.057e-04
max |ΔU| norm  : 1.015e-03
max |Δn|      : 2.652e-03
max |Δn| norm  : 2.232e-02
max |ΔILDOS|  : 7.799e+01
last Poisson  : 13.858 s
last Quantum  : 5.361 s
1.0042278873993323e-06 -2.7549862641842405e-07
Iteration counts: [0, 5, 25]

--- Iteration 30 ---
Qprime size   : 2307
max |ΔU|      : 8.948e-05
max |ΔU| norm  : 1.020e-03
max |Δn|      : 2.768e-03
max |Δn| norm  : 2.001e-02
max |ΔILDOS|  : 7.509e+01
last Poisson  : 13.889 s
last Quantum  : 5.288 s
-3.8027708437037503e-07 1.0436238327547003e-07
FSC converged / stopped.
✔ Logged phi=0.0889, Vbg=1.1667

=== Running phi=0.0889, Vbg=1.3333 ===
🔄 Full Hamiltonian rebuild (qparams change)
The poisson problem has been initialized.
Iteration counts: [0, 0, 0]

--- Iteration 0 ---
Qprime size   : 2302
max |ΔU|      : 3.086e-14
max |ΔU| norm  : 1.169e-12
max |Δn|      : 1.399e-13
max |Δn| norm  : 9.457e-13
-0.0006450906180874563 0.00021647222835056203
Iteration counts: [0, 0, 1]

--- Iteration 1 ---
Qprime size   : 2302
max |ΔU|      : 9.474e-04
max |ΔU| norm  : 6.809e-02
max |Δn|      : 5.755e-03
max |Δn| norm  : 3.559e-02
max |ΔILDOS|  : 5.281e+02
last Poisson  : 14.961 s
last Quantum  : 5.858 s
-0.0012690915764531439 0.00044870363957454947
Iteration counts: [0, 1, 1]

--- Iteration 2 ---
Qprime size   : 2302
max |ΔU|      : 1.704e-03
max |ΔU| norm  : 1.315e-01
max |Δn|      : 5.513e-03
max |Δn| norm  : 5.246e-02
max |ΔILDOS|  : 5.281e+02
last Poisson  : 14.823 s
last Quantum  : 5.858 s
-0.0010135728282485378 0.00035871120480702426
Iteration counts: [0, 2, 1]

--- Iteration 3 ---
Qprime size   : 2302
max |ΔU|      : 1.361e-03
max |ΔU| norm  : 1.052e-01
max |Δn|      : 4.305e-03
max |Δn| norm  : 4.104e-02
max |ΔILDOS|  : 5.281e+02
last Poisson  : 14.951 s
last Quantum  : 5.858 s
-0.0008103626821164242 0.0002870590206609027
Iteration counts: [0, 3, 1]

--- Iteration 4 ---
Qprime size   : 2302
max |ΔU|      : 1.086e-03
max |ΔU| norm  : 8.410e-02
max |Δn|      : 3.365e-03
max |Δn| norm  : 3.235e-02
max |ΔILDOS|  : 5.281e+02
last Poisson  : 14.919 s
last Quantum  : 5.858 s
-0.0006480671574279577 0.00022976775291069906
Iteration counts: [0, 4, 1]

--- Iteration 5 ---
Qprime size   : 2302
max |ΔU|      : 8.676e-04
max |ΔU| norm  : 6.729e-02
max |Δn|      : 2.631e-03
max |Δn| norm  : 2.558e-02
max |ΔILDOS|  : 5.281e+02
last Poisson  : 14.886 s
last Quantum  : 5.858 s
-0.0005178133665202255 0.00018375721391252327
Iteration counts: [0, 4, 2]

--- Iteration 6 ---
Qprime size   : 2302
max |ΔU|      : 6.916e-04
max |ΔU| norm  : 5.379e-02
max |Δn|      : 2.058e-03
max |Δn| norm  : 2.030e-02
max |ΔILDOS|  : 5.648e+02
last Poisson  : 14.874 s
last Quantum  : 6.197 s
0.0004330738100040464 -0.00015339700066891322
Iteration counts: [0, 4, 3]

--- Iteration 7 ---
Qprime size   : 2302
max |ΔU|      : 5.989e-04
max |ΔU| norm  : 4.449e-02
max |Δn|      : 4.249e-03
max |Δn| norm  : 3.301e-02
max |ΔILDOS|  : 5.648e+02
last Poisson  : 14.905 s
last Quantum  : 5.844 s
0.00026192414832450217 -9.271500001922268e-05
Iteration counts: [0, 5, 3]

--- Iteration 8 ---
Qprime size   : 2302
max |ΔU|      : 3.598e-04
max |ΔU| norm  : 2.692e-02
max |Δn|      : 2.402e-03
max |Δn| norm  : 1.716e-02
max |ΔILDOS|  : 5.648e+02
last Poisson  : 14.922 s
last Quantum  : 5.844 s
0.0002097526125520338 -7.429249091483083e-05
Iteration counts: [0, 5, 4]

--- Iteration 9 ---
Qprime size   : 2302
max |ΔU|      : 2.875e-04
max |ΔU| norm  : 2.156e-02
max |Δn|      : 1.654e-03
max |Δn| norm  : 1.299e-02
max |ΔILDOS|  : 5.081e+02
last Poisson  : 14.900 s
last Quantum  : 5.706 s
6.764655620359706e-05 -2.3860456000781055e-05
Iteration counts: [0, 5, 5]

--- Iteration 10 ---
Qprime size   : 2302
max |ΔU|      : 1.178e-04
max |ΔU| norm  : 7.093e-03
max |Δn|      : 2.113e-03
max |Δn| norm  : 1.271e-02
max |ΔILDOS|  : 1.735e+02
last Poisson  : 14.966 s
last Quantum  : 5.334 s
4.2994685876968775e-05 -1.4948194877989876e-05
Iteration counts: [0, 5, 6]

--- Iteration 11 ---
Qprime size   : 2302
max |ΔU|      : 9.105e-05
max |ΔU| norm  : 4.512e-03
max |Δn|      : 2.272e-03
max |Δn| norm  : 8.879e-03
max |ΔILDOS|  : 1.490e+02
last Poisson  : 14.931 s
last Quantum  : 6.046 s
2.7317175831798258e-05 -9.417785398659464e-06
Iteration counts: [0, 5, 7]

--- Iteration 12 ---
Qprime size   : 2302
max |ΔU|      : 1.013e-04
max |ΔU| norm  : 2.878e-03
max |Δn|      : 2.248e-03
max |Δn| norm  : 7.951e-03
max |ΔILDOS|  : 6.632e+01
last Poisson  : 14.852 s
last Quantum  : 5.818 s
1.4698701204839617e-05 -5.072261429962112e-06
Iteration counts: [0, 5, 8]

--- Iteration 13 ---
Qprime size   : 2302
max |ΔU|      : 6.756e-05
max |ΔU| norm  : 1.630e-03
max |Δn|      : 1.499e-03
max |Δn| norm  : 6.983e-03
max |ΔILDOS|  : 8.099e+01
last Poisson  : 14.878 s
last Quantum  : 5.761 s
8.77971321659255e-06 -3.0043745501718014e-06
Iteration counts: [0, 5, 9]

--- Iteration 14 ---
Qprime size   : 2302
max |ΔU|      : 7.727e-05
max |ΔU| norm  : 1.035e-03
max |Δn|      : 2.025e-03
max |Δn| norm  : 8.275e-03
max |ΔILDOS|  : 3.629e+01
last Poisson  : 14.896 s
last Quantum  : 5.266 s
5.3522046218678495e-06 -1.8154815332193407e-06
Iteration counts: [0, 5, 10]

--- Iteration 15 ---
Qprime size   : 2302
max |ΔU|      : 5.818e-05
max |ΔU| norm  : 6.850e-04
max |Δn|      : 2.100e-03
max |Δn| norm  : 8.018e-03
max |ΔILDOS|  : 5.164e+01
last Poisson  : 15.029 s
last Quantum  : 5.108 s
3.3933535725827008e-06 -1.1605820855536109e-06
Iteration counts: [0, 5, 11]

--- Iteration 16 ---
Qprime size   : 2302
max |ΔU|      : 8.114e-05
max |ΔU| norm  : 5.620e-04
max |Δn|      : 2.312e-03
max |Δn| norm  : 8.662e-03
max |ΔILDOS|  : 4.009e+01
last Poisson  : 15.018 s
last Quantum  : 5.298 s
1.8488459977307913e-06 -5.960866623909418e-07
Iteration counts: [0, 5, 12]

--- Iteration 17 ---
Qprime size   : 2302
max |ΔU|      : 6.205e-05
max |ΔU| norm  : 4.894e-04
max |Δn|      : 2.032e-03
max |Δn| norm  : 8.016e-03
max |ΔILDOS|  : 4.042e+01
last Poisson  : 15.027 s
last Quantum  : 5.306 s
1.911719128427846e-06 -6.133884597539824e-07
Iteration counts: [0, 5, 13]

--- Iteration 18 ---
Qprime size   : 2302
max |ΔU|      : 7.485e-05
max |ΔU| norm  : 4.855e-04
max |Δn|      : 2.315e-03
max |Δn| norm  : 8.032e-03
max |ΔILDOS|  : 3.418e+01
last Poisson  : 14.938 s
last Quantum  : 5.288 s
-1.5676241779806647e-08 -1.0731219764426812e-08
Iteration counts: [0, 5, 14]

--- Iteration 19 ---
Qprime size   : 2302
max |ΔU|      : 6.762e-05
max |ΔU| norm  : 4.191e-04
max |Δn|      : 2.337e-03
max |Δn| norm  : 8.425e-03
max |ΔILDOS|  : 3.731e+01
last Poisson  : 14.994 s
last Quantum  : 5.221 s
2.443856238542708e-07 -7.683641067390221e-08
Iteration counts: [0, 5, 15]

--- Iteration 20 ---
Qprime size   : 2302
max |ΔU|      : 6.337e-05
max |ΔU| norm  : 4.078e-04
max |Δn|      : 2.503e-03
max |Δn| norm  : 8.969e-03
max |ΔILDOS|  : 3.354e+01
last Poisson  : 14.990 s
last Quantum  : 5.105 s
4.768261931067595e-07 -1.3769330693129172e-07
Iteration counts: [0, 5, 16]

--- Iteration 21 ---
Qprime size   : 2302
max |ΔU|      : 5.877e-05
max |ΔU| norm  : 3.680e-04
max |Δn|      : 2.236e-03
max |Δn| norm  : 8.591e-03
max |ΔILDOS|  : 3.594e+01
last Poisson  : 15.063 s
last Quantum  : 5.199 s
3.305344102572219e-07 -1.1651477995981902e-07
Iteration counts: [0, 5, 17]

--- Iteration 22 ---
Qprime size   : 2302
max |ΔU|      : 7.313e-05
max |ΔU| norm  : 4.517e-04
max |Δn|      : 1.895e-03
max |Δn| norm  : 8.699e-03
max |ΔILDOS|  : 3.511e+01
last Poisson  : 15.191 s
last Quantum  : 5.023 s
-7.200810497107907e-07 2.413540717787828e-07
Iteration counts: [0, 5, 18]

--- Iteration 23 ---
Qprime size   : 2302
max |ΔU|      : 8.611e-05
max |ΔU| norm  : 4.804e-04
max |Δn|      : 1.782e-03
max |Δn| norm  : 8.000e-03
max |ΔILDOS|  : 3.913e+01
last Poisson  : 14.997 s
last Quantum  : 4.847 s
6.904650018989814e-07 -2.1793499648565305e-07
Iteration counts: [0, 5, 19]

--- Iteration 24 ---
Qprime size   : 2302
max |ΔU|      : 7.391e-05
max |ΔU| norm  : 5.123e-04
max |Δn|      : 1.924e-03
max |Δn| norm  : 8.417e-03
max |ΔILDOS|  : 3.807e+01
last Poisson  : 14.958 s
last Quantum  : 4.825 s
-2.979506898565894e-08 -2.4885981796323017e-09
Iteration counts: [0, 5, 20]

--- Iteration 25 ---
Qprime size   : 2302
max |ΔU|      : 6.638e-05
max |ΔU| norm  : 3.770e-04
max |Δn|      : 2.246e-03
max |Δn| norm  : 8.796e-03
max |ΔILDOS|  : 3.510e+01
last Poisson  : 15.008 s
last Quantum  : 4.546 s
-3.7464494473648584e-07 1.3050632792329126e-07
Iteration counts: [0, 5, 21]

--- Iteration 26 ---
Qprime size   : 2302
max |ΔU|      : 6.406e-05
max |ΔU| norm  : 4.304e-04
max |Δn|      : 2.299e-03
max |Δn| norm  : 9.007e-03
max |ΔILDOS|  : 3.632e+01
last Poisson  : 14.907 s
last Quantum  : 4.571 s
-5.53189382579163e-08 1.8787367168912378e-08
Iteration counts: [0, 5, 22]

--- Iteration 27 ---
Qprime size   : 2302
max |ΔU|      : 6.843e-05
max |ΔU| norm  : 3.878e-04
max |Δn|      : 2.070e-03
max |Δn| norm  : 7.687e-03
max |ΔILDOS|  : 3.510e+01
last Poisson  : 14.973 s
last Quantum  : 4.484 s
1.4676845332503737e-06 -4.7132230315237694e-07
Iteration counts: [0, 5, 23]

--- Iteration 28 ---
Qprime size   : 2302
max |ΔU|      : 7.204e-05
max |ΔU| norm  : 5.388e-04
max |Δn|      : 2.371e-03
max |Δn| norm  : 8.449e-03
max |ΔILDOS|  : 3.499e+01
last Poisson  : 14.982 s
last Quantum  : 4.617 s
-3.9332279865594927e-07 1.3377714826125837e-07
Iteration counts: [0, 5, 24]

--- Iteration 29 ---
Qprime size   : 2302
max |ΔU|      : 5.557e-05
max |ΔU| norm  : 3.685e-04
max |Δn|      : 1.835e-03
max |Δn| norm  : 7.800e-03
max |ΔILDOS|  : 3.494e+01
last Poisson  : 14.903 s
last Quantum  : 4.734 s
-3.1967058822362905e-07 1.0074473126594768e-07
Iteration counts: [0, 5, 25]

--- Iteration 30 ---
Qprime size   : 2302
max |ΔU|      : 6.588e-05
max |ΔU| norm  : 3.625e-04
max |Δn|      : 2.019e-03
max |Δn| norm  : 8.811e-03
max |ΔILDOS|  : 3.498e+01
last Poisson  : 14.842 s
last Quantum  : 5.029 s
-9.199849553130531e-07 2.828573935748545e-07
FSC converged / stopped.
✔ Logged phi=0.0889, Vbg=1.3333

=== Running phi=0.0889, Vbg=1.5000 ===
🔄 Full Hamiltonian rebuild (qparams change)
The poisson problem has been initialized.
Iteration counts: [0, 0, 0]

--- Iteration 0 ---
Qprime size   : 2288
max |ΔU|      : 4.108e-14
max |ΔU| norm  : 1.476e-12
max |Δn|      : 1.557e-13
max |Δn| norm  : 1.082e-12
-0.0005581171742355085 0.0001788825790438862
Iteration counts: [0, 0, 1]

--- Iteration 1 ---
Qprime size   : 2288
max |ΔU|      : 8.766e-04
max |ΔU| norm  : 6.031e-02
max |Δn|      : 5.395e-03
max |Δn| norm  : 3.458e-02
max |ΔILDOS|  : 4.918e+02
last Poisson  : 14.058 s
last Quantum  : 5.943 s
-0.0011288166611156678 0.00038828496270473155
Iteration counts: [0, 1, 1]

--- Iteration 2 ---
Qprime size   : 2288
max |ΔU|      : 1.558e-03
max |ΔU| norm  : 1.170e-01
max |Δn|      : 5.448e-03
max |Δn| norm  : 4.940e-02
max |ΔILDOS|  : 4.918e+02
last Poisson  : 14.043 s
last Quantum  : 5.943 s
-0.0009027161562459932 0.0003107913486673233
Iteration counts: [0, 2, 1]

--- Iteration 3 ---
Qprime size   : 2288
max |ΔU|      : 1.246e-03
max |ΔU| norm  : 9.358e-02
max |Δn|      : 4.216e-03
max |Δn| norm  : 3.897e-02
max |ΔILDOS|  : 4.918e+02
last Poisson  : 14.062 s
last Quantum  : 5.943 s
-0.0007218275760106815 0.0002487358302673279
Iteration counts: [0, 3, 1]

--- Iteration 4 ---
Qprime size   : 2288
max |ΔU|      : 9.956e-04
max |ΔU| norm  : 7.488e-02
max |Δn|      : 3.272e-03
max |Δn| norm  : 3.076e-02
max |ΔILDOS|  : 4.918e+02
last Poisson  : 14.021 s
last Quantum  : 5.943 s
-0.0005771597581335523 0.0001990602726391824
Iteration counts: [0, 4, 1]

--- Iteration 5 ---
Qprime size   : 2288
max |ΔU|      : 7.956e-04
max |ΔU| norm  : 5.990e-02
max |Δn|      : 2.544e-03
max |Δn| norm  : 2.430e-02
max |ΔILDOS|  : 4.918e+02
last Poisson  : 14.025 s
last Quantum  : 5.943 s
-0.0004614967023106322 0.00015930672623002597
Iteration counts: [0, 4, 2]

--- Iteration 6 ---
Qprime size   : 2288
max |ΔU|      : 6.358e-04
max |ΔU| norm  : 4.793e-02
max |Δn|      : 1.981e-03
max |Δn| norm  : 1.920e-02
max |ΔILDOS|  : 6.462e+02
last Poisson  : 14.054 s
last Quantum  : 4.953 s
0.00040985892223281624 -0.0001368455403113
Iteration counts: [0, 4, 3]

--- Iteration 7 ---
Qprime size   : 2288
max |ΔU|      : 5.563e-04
max |ΔU| norm  : 4.158e-02
max |Δn|      : 3.082e-03
max |Δn| norm  : 3.002e-02
max |ΔILDOS|  : 4.089e+02
last Poisson  : 13.926 s
last Quantum  : 4.845 s
0.00024498310164499775 -8.234624160922801e-05
Iteration counts: [0, 5, 3]

--- Iteration 8 ---
Qprime size   : 2288
max |ΔU|      : 3.270e-04
max |ΔU| norm  : 2.483e-02
max |Δn|      : 2.202e-03
max |Δn| norm  : 1.638e-02
max |ΔILDOS|  : 4.089e+02
last Poisson  : 13.932 s
last Quantum  : 4.845 s
0.0001959947800187138 -6.594159775718144e-05
Iteration counts: [0, 5, 4]

--- Iteration 9 ---
Qprime size   : 2288
max |ΔU|      : 2.612e-04
max |ΔU| norm  : 1.988e-02
max |Δn|      : 1.494e-03
max |Δn| norm  : 1.256e-02
max |ΔILDOS|  : 4.330e+02
last Poisson  : 13.922 s
last Quantum  : 5.032 s
6.262942287640039e-05 -2.182890196885218e-05
Iteration counts: [0, 5, 5]

--- Iteration 10 ---
Qprime size   : 2288
max |ΔU|      : 1.165e-04
max |ΔU| norm  : 6.510e-03
max |Δn|      : 1.753e-03
max |Δn| norm  : 1.125e-02
max |ΔILDOS|  : 1.553e+02
last Poisson  : 14.051 s
last Quantum  : 5.110 s
3.817382851240264e-05 -1.3356683177922764e-05
Iteration counts: [0, 5, 6]

--- Iteration 11 ---
Qprime size   : 2288
max |ΔU|      : 7.393e-05
max |ΔU| norm  : 3.975e-03
max |Δn|      : 1.188e-03
max |Δn| norm  : 7.580e-03
max |ΔILDOS|  : 9.420e+01
last Poisson  : 14.112 s
last Quantum  : 5.337 s
2.212541412066421e-05 -7.837302840381624e-06
Iteration counts: [0, 5, 7]

--- Iteration 12 ---
Qprime size   : 2288
max |ΔU|      : 6.976e-05
max |ΔU| norm  : 2.342e-03
max |Δn|      : 1.275e-03
max |Δn| norm  : 7.561e-03
max |ΔILDOS|  : 5.605e+01
last Poisson  : 14.025 s
last Quantum  : 5.079 s
1.4155508869069716e-05 -4.962271758829024e-06
Iteration counts: [0, 5, 8]

--- Iteration 13 ---
Qprime size   : 2288
max |ΔU|      : 5.608e-05
max |ΔU| norm  : 1.499e-03
max |Δn|      : 1.513e-03
max |Δn| norm  : 7.924e-03
max |ΔILDOS|  : 3.550e+01
last Poisson  : 14.066 s
last Quantum  : 5.074 s
7.808537286254247e-06 -2.791006036718767e-06
Iteration counts: [0, 5, 9]

--- Iteration 14 ---
Qprime size   : 2288
max |ΔU|      : 5.700e-05
max |ΔU| norm  : 8.820e-04
max |Δn|      : 1.293e-03
max |Δn| norm  : 8.239e-03
max |ΔILDOS|  : 2.222e+01
last Poisson  : 14.030 s
last Quantum  : 5.029 s
5.826202300709689e-06 -2.017092982196431e-06
Iteration counts: [0, 5, 10]

--- Iteration 15 ---
Qprime size   : 2288
max |ΔU|      : 5.443e-05
max |ΔU| norm  : 6.787e-04
max |Δn|      : 1.307e-03
max |Δn| norm  : 8.736e-03
max |ΔILDOS|  : 2.070e+01
last Poisson  : 14.094 s
last Quantum  : 5.091 s
2.770632248963552e-06 -9.91133008834775e-07
Iteration counts: [0, 5, 11]

--- Iteration 16 ---
Qprime size   : 2288
max |ΔU|      : 4.621e-05
max |ΔU| norm  : 4.179e-04
max |Δn|      : 1.549e-03
max |Δn| norm  : 8.885e-03
max |ΔILDOS|  : 1.930e+01
last Poisson  : 14.159 s
last Quantum  : 5.139 s
1.3012580415059915e-06 -4.83253809245196e-07
Iteration counts: [0, 5, 12]

--- Iteration 17 ---
Qprime size   : 2288
max |ΔU|      : 4.640e-05
max |ΔU| norm  : 3.397e-04
max |Δn|      : 1.522e-03
max |Δn| norm  : 8.426e-03
max |ΔILDOS|  : 2.063e+01
last Poisson  : 14.057 s
last Quantum  : 4.958 s
6.04560834539431e-07 -2.4365881058814275e-07
Iteration counts: [0, 5, 13]

--- Iteration 18 ---
Qprime size   : 2288
max |ΔU|      : 4.686e-05
max |ΔU| norm  : 3.194e-04
max |Δn|      : 1.412e-03
max |Δn| norm  : 8.653e-03
max |ΔILDOS|  : 2.163e+01
last Poisson  : 14.014 s
last Quantum  : 5.009 s
1.5890825325831632e-06 -5.091393662847573e-07
Iteration counts: [0, 5, 14]

--- Iteration 19 ---
Qprime size   : 2288
max |ΔU|      : 4.613e-05
max |ΔU| norm  : 3.651e-04
max |Δn|      : 1.312e-03
max |Δn| norm  : 8.797e-03
max |ΔILDOS|  : 2.444e+01
last Poisson  : 14.021 s
last Quantum  : 5.099 s
-2.2602655786328666e-07 4.470842085216136e-08
Iteration counts: [0, 5, 15]

--- Iteration 20 ---
Qprime size   : 2288
max |ΔU|      : 5.179e-05
max |ΔU| norm  : 3.055e-04
max |Δn|      : 1.413e-03
max |Δn| norm  : 8.586e-03
max |ΔILDOS|  : 2.477e+01
last Poisson  : 13.956 s
last Quantum  : 5.171 s
5.312908433968333e-07 -1.770657286157575e-07
Iteration counts: [0, 5, 16]

--- Iteration 21 ---
Qprime size   : 2288
max |ΔU|      : 4.379e-05
max |ΔU| norm  : 3.007e-04
max |Δn|      : 1.320e-03
max |Δn| norm  : 8.784e-03
max |ΔILDOS|  : 2.332e+01
last Poisson  : 13.959 s
last Quantum  : 5.174 s
-1.7633391885485563e-07 5.5825933911783846e-08
Iteration counts: [0, 5, 17]

--- Iteration 22 ---
Qprime size   : 2288
max |ΔU|      : 4.115e-05
max |ΔU| norm  : 2.892e-04
max |Δn|      : 1.647e-03
max |Δn| norm  : 9.454e-03
max |ΔILDOS|  : 2.111e+01
last Poisson  : 13.993 s
last Quantum  : 5.065 s
3.515428264099872e-07 -1.0956171217164972e-07
Iteration counts: [0, 5, 18]

--- Iteration 23 ---
Qprime size   : 2288
max |ΔU|      : 3.920e-05
max |ΔU| norm  : 3.015e-04
max |Δn|      : 1.544e-03
max |Δn| norm  : 8.930e-03
max |ΔILDOS|  : 2.657e+01
last Poisson  : 14.093 s
last Quantum  : 4.742 s
-1.384363349315348e-07 3.459863170015501e-08
Iteration counts: [0, 5, 19]

--- Iteration 24 ---
Qprime size   : 2288
max |ΔU|      : 3.252e-05
max |ΔU| norm  : 2.867e-04
max |Δn|      : 1.414e-03
max |Δn| norm  : 9.185e-03
max |ΔILDOS|  : 2.438e+01
last Poisson  : 13.963 s
last Quantum  : 4.930 s
3.8322160912678953e-07 -1.1539622357423259e-07
Iteration counts: [0, 5, 20]

--- Iteration 25 ---
Qprime size   : 2288
max |ΔU|      : 4.656e-05
max |ΔU| norm  : 3.019e-04
max |Δn|      : 1.445e-03
max |Δn| norm  : 9.160e-03
max |ΔILDOS|  : 2.354e+01
last Poisson  : 14.056 s
last Quantum  : 4.853 s
-5.605192405608066e-07 1.7207934526956392e-07
Iteration counts: [0, 5, 21]

--- Iteration 26 ---
Qprime size   : 2288
max |ΔU|      : 4.729e-05
max |ΔU| norm  : 3.063e-04
max |Δn|      : 1.587e-03
max |Δn| norm  : 9.056e-03
max |ΔILDOS|  : 2.064e+01
last Poisson  : 14.065 s
last Quantum  : 4.762 s
5.122636024294849e-07 -1.6096873411534043e-07
Iteration counts: [0, 5, 22]

--- Iteration 27 ---
Qprime size   : 2288
max |ΔU|      : 4.344e-05
max |ΔU| norm  : 3.144e-04
max |Δn|      : 1.390e-03
max |Δn| norm  : 9.148e-03
max |ΔILDOS|  : 2.595e+01
last Poisson  : 14.088 s
last Quantum  : 4.742 s
2.652241883825251e-07 -7.389017287912542e-08
Iteration counts: [0, 5, 23]

--- Iteration 28 ---
Qprime size   : 2288
max |ΔU|      : 4.223e-05
max |ΔU| norm  : 3.069e-04
max |Δn|      : 1.361e-03
max |Δn| norm  : 9.181e-03
max |ΔILDOS|  : 2.361e+01
last Poisson  : 14.292 s
last Quantum  : 4.704 s
-2.5189182457374276e-07 7.426738969083943e-08
Iteration counts: [0, 5, 24]

--- Iteration 29 ---
Qprime size   : 2288
max |ΔU|      : 3.935e-05
max |ΔU| norm  : 3.302e-04
max |Δn|      : 1.679e-03
max |Δn| norm  : 8.819e-03
max |ΔILDOS|  : 2.447e+01
last Poisson  : 13.439 s
last Quantum  : 4.365 s
-3.666891157120046e-07 1.092556306092742e-07
Iteration counts: [0, 5, 25]

--- Iteration 30 ---
Qprime size   : 2288
max |ΔU|      : 4.117e-05
max |ΔU| norm  : 3.178e-04
max |Δn|      : 1.638e-03
max |Δn| norm  : 9.070e-03
max |ΔILDOS|  : 2.543e+01
last Poisson  : 12.535 s
last Quantum  : 4.636 s
2.3244969820403407e-07 -6.950202231294017e-08
FSC converged / stopped.
✔ Logged phi=0.0889, Vbg=1.5000

=== Running phi=0.0889, Vbg=1.6667 ===
🔄 Full Hamiltonian rebuild (qparams change)
The poisson problem has been initialized.
Iteration counts: [0, 0, 0]

--- Iteration 0 ---
Qprime size   : 2268
max |ΔU|      : 4.907e-14
max |ΔU| norm  : 1.849e-12
max |Δn|      : 2.123e-13
max |Δn| norm  : 1.079e-12
-0.0004329461944856778 0.00012975183171474452
Iteration counts: [0, 0, 1]

--- Iteration 1 ---
Qprime size   : 2268
max |ΔU|      : 7.993e-04
max |ΔU| norm  : 4.981e-02
max |Δn|      : 5.368e-03
max |Δn| norm  : 3.588e-02
max |ΔILDOS|  : 4.875e+02
last Poisson  : 11.164 s
last Quantum  : 4.520 s
-0.0009356221197013796 0.0003123434027454946
Iteration counts: [0, 1, 1]

--- Iteration 2 ---
Qprime size   : 2268
max |ΔU|      : 1.439e-03
max |ΔU| norm  : 9.930e-02
max |Δn|      : 5.800e-03
max |Δn| norm  : 5.102e-02
max |ΔILDOS|  : 4.875e+02
last Poisson  : 11.540 s
last Quantum  : 4.520 s
-0.0007487343128396548 0.00025022485655676715
Iteration counts: [0, 2, 1]

--- Iteration 3 ---
Qprime size   : 2268
max |ΔU|      : 1.149e-03
max |ΔU| norm  : 7.949e-02
max |Δn|      : 4.500e-03
max |Δn| norm  : 4.031e-02
max |ΔILDOS|  : 4.875e+02
last Poisson  : 11.418 s
last Quantum  : 4.520 s
-0.0005996313756138624 0.0002005808828098274
Iteration counts: [0, 3, 1]

--- Iteration 4 ---
Qprime size   : 2268
max |ΔU|      : 9.176e-04
max |ΔU| norm  : 6.368e-02
max |Δn|      : 3.496e-03
max |Δn| norm  : 3.218e-02
max |ΔILDOS|  : 4.875e+02
last Poisson  : 11.380 s
last Quantum  : 4.520 s
-0.0004789512051869569 0.00016042668394245698
Iteration counts: [0, 4, 1]

--- Iteration 5 ---
Qprime size   : 2268
max |ΔU|      : 7.330e-04
max |ΔU| norm  : 5.089e-02
max |Δn|      : 2.719e-03
max |Δn| norm  : 2.611e-02
max |ΔILDOS|  : 4.875e+02
last Poisson  : 11.422 s
last Quantum  : 4.520 s
-0.0003840651746419679 0.00012873554531190841
Iteration counts: [0, 4, 2]

--- Iteration 6 ---
Qprime size   : 2268
max |ΔU|      : 5.856e-04
max |ΔU| norm  : 4.081e-02
max |Δn|      : 2.117e-03
max |Δn| norm  : 2.145e-02
max |ΔILDOS|  : 7.390e+02
last Poisson  : 11.579 s
last Quantum  : 4.308 s
0.00031177004291108566 -9.975276104934234e-05
Iteration counts: [0, 4, 3]

--- Iteration 7 ---
Qprime size   : 2268
max |ΔU|      : 5.273e-04
max |ΔU| norm  : 3.384e-02
max |Δn|      : 4.364e-03
max |Δn| norm  : 3.863e-02
max |ΔILDOS|  : 6.455e+02
last Poisson  : 11.667 s
last Quantum  : 4.249 s
0.00019037158491439814 -6.125984591326816e-05
Iteration counts: [0, 5, 3]

--- Iteration 8 ---
Qprime size   : 2268
max |ΔU|      : 3.025e-04
max |ΔU| norm  : 2.030e-02
max |Δn|      : 2.175e-03
max |Δn| norm  : 2.142e-02
max |ΔILDOS|  : 6.455e+02
last Poisson  : 12.026 s
last Quantum  : 4.249 s
0.00015221359123052908 -4.9030132125322425e-05
Iteration counts: [0, 5, 4]

--- Iteration 9 ---
Qprime size   : 2268
max |ΔU|      : 2.412e-04
max |ΔU| norm  : 1.623e-02
max |Δn|      : 1.635e-03
max |Δn| norm  : 1.586e-02
max |ΔILDOS|  : 4.775e+02
last Poisson  : 11.679 s
last Quantum  : 4.844 s
4.809135155900091e-05 -1.660100996442244e-05
Iteration counts: [0, 5, 5]

--- Iteration 10 ---
Qprime size   : 2268
max |ΔU|      : 1.055e-04
max |ΔU| norm  : 5.222e-03
max |Δn|      : 2.069e-03
max |Δn| norm  : 1.685e-02
max |ΔILDOS|  : 1.187e+02
last Poisson  : 12.489 s
last Quantum  : 4.230 s
3.456162479386219e-05 -1.1709643692379922e-05
Iteration counts: [0, 5, 6]

--- Iteration 11 ---
Qprime size   : 2268
max |ΔU|      : 9.363e-05
max |ΔU| norm  : 3.618e-03
max |Δn|      : 2.248e-03
max |Δn| norm  : 1.710e-02
max |ΔILDOS|  : 9.413e+01
last Poisson  : 12.836 s
last Quantum  : 4.389 s
2.106393144618606e-05 -7.15828956445488e-06
Iteration counts: [0, 5, 7]

--- Iteration 12 ---
Qprime size   : 2268
max |ΔU|      : 8.430e-05
max |ΔU| norm  : 2.267e-03
max |Δn|      : 2.128e-03
max |Δn| norm  : 1.641e-02
max |ΔILDOS|  : 8.194e+01
last Poisson  : 13.149 s
last Quantum  : 4.123 s
1.0716128073439046e-05 -3.7727833528100806e-06
Iteration counts: [0, 5, 8]

--- Iteration 13 ---
Qprime size   : 2268
max |ΔU|      : 7.321e-05
max |ΔU| norm  : 1.315e-03
max |Δn|      : 2.136e-03
max |Δn| norm  : 1.805e-02
max |ΔILDOS|  : 6.048e+01
last Poisson  : 12.787 s
last Quantum  : 4.850 s
6.842666929811095e-06 -2.3954277767914997e-06
Iteration counts: [0, 5, 9]

--- Iteration 14 ---
Qprime size   : 2268
max |ΔU|      : 7.844e-05
max |ΔU| norm  : 9.976e-04
max |Δn|      : 2.173e-03
max |Δn| norm  : 1.898e-02
max |ΔILDOS|  : 7.446e+01
last Poisson  : 13.022 s
last Quantum  : 4.308 s
6.522526794313518e-06 -2.1359103656081273e-06
Iteration counts: [0, 5, 10]

--- Iteration 15 ---
Qprime size   : 2268
max |ΔU|      : 7.545e-05
max |ΔU| norm  : 9.297e-04
max |Δn|      : 2.224e-03
max |Δn| norm  : 1.835e-02
max |ΔILDOS|  : 6.851e+01
last Poisson  : 13.017 s
last Quantum  : 4.129 s
3.0370202955560546e-06 -1.0393723534485918e-06
Iteration counts: [0, 5, 11]

--- Iteration 16 ---
Qprime size   : 2268
max |ΔU|      : 6.186e-05
max |ΔU| norm  : 6.375e-04
max |Δn|      : 2.101e-03
max |Δn| norm  : 1.776e-02
max |ΔILDOS|  : 5.448e+01
last Poisson  : 13.090 s
last Quantum  : 4.195 s
1.8991550471821687e-06 -6.43645714035091e-07
Iteration counts: [0, 5, 12]

--- Iteration 17 ---
Qprime size   : 2268
max |ΔU|      : 7.376e-05
max |ΔU| norm  : 6.936e-04
max |Δn|      : 2.212e-03
max |Δn| norm  : 1.746e-02
max |ΔILDOS|  : 6.964e+01
last Poisson  : 13.109 s
last Quantum  : 4.283 s
-2.959220631832847e-07 2.307876232761678e-08
Iteration counts: [0, 5, 13]

--- Iteration 18 ---
Qprime size   : 2268
max |ΔU|      : 6.904e-05
max |ΔU| norm  : 6.109e-04
max |Δn|      : 2.106e-03
max |Δn| norm  : 1.754e-02
max |ΔILDOS|  : 6.685e+01
last Poisson  : 13.045 s
last Quantum  : 4.730 s
1.0629790902303154e-06 -3.4337970413471364e-07
Iteration counts: [0, 5, 14]

--- Iteration 19 ---
Qprime size   : 2268
max |ΔU|      : 7.155e-05
max |ΔU| norm  : 6.758e-04
max |Δn|      : 2.213e-03
max |Δn| norm  : 1.765e-02
max |ΔILDOS|  : 7.188e+01
last Poisson  : 13.225 s
last Quantum  : 4.205 s
2.4592284841566297e-07 -9.488138497238182e-08
Iteration counts: [0, 5, 15]

--- Iteration 20 ---
Qprime size   : 2268
max |ΔU|      : 8.592e-05
max |ΔU| norm  : 7.381e-04
max |Δn|      : 2.171e-03
max |Δn| norm  : 1.779e-02
max |ΔILDOS|  : 8.929e+01
last Poisson  : 13.243 s
last Quantum  : 4.380 s
9.589868742195654e-07 -2.80774294842923e-07
Iteration counts: [0, 5, 16]

--- Iteration 21 ---
Qprime size   : 2268
max |ΔU|      : 7.039e-05
max |ΔU| norm  : 7.175e-04
max |Δn|      : 2.158e-03
max |Δn| norm  : 1.758e-02
max |ΔILDOS|  : 7.247e+01
last Poisson  : 13.200 s
last Quantum  : 4.259 s
-1.2560726317000777e-06 3.45720906301457e-07
Iteration counts: [0, 5, 17]

--- Iteration 22 ---
Qprime size   : 2268
max |ΔU|      : 8.173e-05
max |ΔU| norm  : 7.173e-04
max |Δn|      : 2.115e-03
max |Δn| norm  : 1.764e-02
max |ΔILDOS|  : 9.104e+01
last Poisson  : 12.848 s
last Quantum  : 3.894 s
7.607299626721083e-07 -2.2074430463829083e-07
Iteration counts: [0, 5, 18]

--- Iteration 23 ---
Qprime size   : 2268
max |ΔU|      : 8.239e-05
max |ΔU| norm  : 6.856e-04
max |Δn|      : 2.286e-03
max |Δn| norm  : 1.835e-02
max |ΔILDOS|  : 6.814e+01
last Poisson  : 12.966 s
last Quantum  : 3.846 s
-4.6623022764347117e-07 1.3445613254983066e-07
Iteration counts: [0, 5, 19]

--- Iteration 24 ---
Qprime size   : 2268
max |ΔU|      : 6.521e-05
max |ΔU| norm  : 6.287e-04
max |Δn|      : 2.155e-03
max |Δn| norm  : 1.663e-02
max |ΔILDOS|  : 6.439e+01
last Poisson  : 13.159 s
last Quantum  : 3.997 s
7.554784735737337e-07 -2.2088377600947037e-07
Iteration counts: [0, 5, 20]

--- Iteration 25 ---
Qprime size   : 2268
max |ΔU|      : 6.223e-05
max |ΔU| norm  : 6.306e-04
max |Δn|      : 2.081e-03
max |Δn| norm  : 1.767e-02
max |ΔILDOS|  : 5.882e+01
last Poisson  : 13.044 s
last Quantum  : 4.538 s
-1.4024784227037603e-06 3.9317794505776504e-07
Iteration counts: [0, 5, 21]

--- Iteration 26 ---
Qprime size   : 2268
max |ΔU|      : 7.250e-05
max |ΔU| norm  : 7.430e-04
max |Δn|      : 2.209e-03
max |Δn| norm  : 1.836e-02
max |ΔILDOS|  : 7.376e+01
last Poisson  : 13.262 s
last Quantum  : 4.021 s
1.548354933213389e-06 -4.3502465865561504e-07
Iteration counts: [0, 5, 22]

--- Iteration 27 ---
Qprime size   : 2268
max |ΔU|      : 6.548e-05
max |ΔU| norm  : 6.969e-04
max |Δn|      : 2.150e-03
max |Δn| norm  : 1.801e-02
max |ΔILDOS|  : 6.201e+01
last Poisson  : 13.130 s
last Quantum  : 4.205 s
-7.79534827387864e-07 2.230715018487893e-07
Iteration counts: [0, 5, 23]

--- Iteration 28 ---
Qprime size   : 2268
max |ΔU|      : 8.535e-05
max |ΔU| norm  : 6.780e-04
max |Δn|      : 2.112e-03
max |Δn| norm  : 1.778e-02
max |ΔILDOS|  : 7.512e+01
last Poisson  : 13.016 s
last Quantum  : 5.804 s
-2.874061449427599e-08 5.620140359040385e-09
Iteration counts: [0, 5, 24]

--- Iteration 29 ---
Qprime size   : 2268
max |ΔU|      : 7.233e-05
max |ΔU| norm  : 7.723e-04
max |Δn|      : 2.181e-03
max |Δn| norm  : 1.682e-02
max |ΔILDOS|  : 7.892e+01
last Poisson  : 11.600 s
last Quantum  : 4.127 s
-1.1326850780250442e-07 3.006386707237178e-08
Iteration counts: [0, 5, 25]

--- Iteration 30 ---
Qprime size   : 2268
max |ΔU|      : 6.707e-05
max |ΔU| norm  : 6.056e-04
max |Δn|      : 2.087e-03
max |Δn| norm  : 1.715e-02
max |ΔILDOS|  : 7.249e+01
last Poisson  : 12.216 s
last Quantum  : 4.674 s
2.207410698868716e-06 -6.287015611335247e-07
FSC converged / stopped.
✔ Logged phi=0.0889, Vbg=1.6667

=== Running phi=0.0889, Vbg=1.8333 ===
🔄 Full Hamiltonian rebuild (qparams change)
The poisson problem has been initialized.
Iteration counts: [0, 0, 0]

--- Iteration 0 ---
Qprime size   : 2244
max |ΔU|      : 3.486e-14
max |ΔU| norm  : 1.191e-12
max |Δn|      : 1.759e-13
max |Δn| norm  : 1.138e-12
-0.0003161566457465609 7.748538088757873e-05
Iteration counts: [0, 0, 1]

--- Iteration 1 ---
Qprime size   : 2244
max |ΔU|      : 7.389e-04
max |ΔU| norm  : 4.211e-02
max |Δn|      : 5.416e-03
max |Δn| norm  : 3.996e-02
max |ΔILDOS|  : 5.208e+02
last Poisson  : 14.575 s
last Quantum  : 4.524 s
-0.0007548170402605324 0.00023805898244339885
Iteration counts: [0, 1, 1]

--- Iteration 2 ---
Qprime size   : 2244
max |ΔU|      : 1.302e-03
max |ΔU| norm  : 8.284e-02
max |Δn|      : 4.914e-03
max |Δn| norm  : 5.000e-02
max |ΔILDOS|  : 5.208e+02
last Poisson  : 14.907 s
last Quantum  : 4.524 s
-0.000603306208623999 0.0001906798515900601
Iteration counts: [0, 2, 1]

--- Iteration 3 ---
Qprime size   : 2244
max |ΔU|      : 1.040e-03
max |ΔU| norm  : 6.622e-02
max |Δn|      : 3.847e-03
max |Δn| norm  : 3.912e-02
max |ΔILDOS|  : 5.208e+02
last Poisson  : 14.490 s
last Quantum  : 4.524 s
-0.0004824118753733151 0.00015277863675363187
Iteration counts: [0, 3, 1]

--- Iteration 4 ---
Qprime size   : 2244
max |ΔU|      : 8.321e-04
max |ΔU| norm  : 5.296e-02
max |Δn|      : 3.012e-03
max |Δn| norm  : 3.073e-02
max |ΔILDOS|  : 5.208e+02
last Poisson  : 14.549 s
last Quantum  : 4.524 s
-0.0003859801986381835 0.00012247673091229884
Iteration counts: [0, 4, 1]

--- Iteration 5 ---
Qprime size   : 2244
max |ΔU|      : 6.654e-04
max |ΔU| norm  : 4.238e-02
max |Δn|      : 2.360e-03
max |Δn| norm  : 2.419e-02
max |ΔILDOS|  : 5.208e+02
last Poisson  : 13.652 s
last Quantum  : 4.524 s
-0.00030870251688222994 9.814124147937605e-05
Iteration counts: [0, 4, 2]

--- Iteration 6 ---
Qprime size   : 2244
max |ΔU|      : 5.322e-04
max |ΔU| norm  : 3.390e-02
max |Δn|      : 1.849e-03
max |Δn| norm  : 1.905e-02
max |ΔILDOS|  : 9.105e+02
last Poisson  : 13.636 s
last Quantum  : 4.363 s
0.00024959251655171815 -7.342503044915063e-05
Iteration counts: [0, 4, 3]

--- Iteration 7 ---
Qprime size   : 2244
max |ΔU|      : 4.823e-04
max |ΔU| norm  : 2.766e-02
max |Δn|      : 3.331e-03
max |Δn| norm  : 3.369e-02
max |ΔILDOS|  : 7.810e+02
last Poisson  : 14.657 s
last Quantum  : 4.798 s
0.0001525260900094281 -4.571136672525485e-05
Iteration counts: [0, 5, 3]

--- Iteration 8 ---
Qprime size   : 2244
max |ΔU|      : 2.947e-04
max |ΔU| norm  : 1.687e-02
max |Δn|      : 2.004e-03
max |Δn| norm  : 1.725e-02
max |ΔILDOS|  : 7.810e+02
last Poisson  : 14.477 s
last Quantum  : 4.798 s
0.00012223965858056826 -3.6733484822714976e-05
Iteration counts: [0, 5, 4]

--- Iteration 9 ---
Qprime size   : 2244
max |ΔU|      : 2.346e-04
max |ΔU| norm  : 1.351e-02
max |Δn|      : 1.576e-03
max |Δn| norm  : 1.340e-02
max |ΔILDOS|  : 7.045e+02
last Poisson  : 14.243 s
last Quantum  : 3.954 s
4.202235718205126e-05 -1.369761144659111e-05
Iteration counts: [0, 5, 5]

--- Iteration 10 ---
Qprime size   : 2244
max |ΔU|      : 8.731e-05
max |ΔU| norm  : 4.668e-03
max |Δn|      : 2.153e-03
max |Δn| norm  : 9.944e-03
max |ΔILDOS|  : 1.226e+02
last Poisson  : 14.380 s
last Quantum  : 3.873 s
2.6447598826731277e-05 -8.673672481772252e-06
Iteration counts: [0, 5, 6]

--- Iteration 11 ---
Qprime size   : 2244
max |ΔU|      : 8.224e-05
max |ΔU| norm  : 2.916e-03
max |Δn|      : 1.722e-03
max |Δn| norm  : 6.581e-03
max |ΔILDOS|  : 7.832e+01
last Poisson  : 14.438 s
last Quantum  : 5.917 s
1.659514234897548e-05 -5.471034010974484e-06
Iteration counts: [0, 5, 7]

--- Iteration 12 ---
Qprime size   : 2244
max |ΔU|      : 6.654e-05
max |ΔU| norm  : 1.831e-03
max |Δn|      : 1.540e-03
max |Δn| norm  : 6.788e-03
max |ΔILDOS|  : 4.738e+01
last Poisson  : 14.147 s
last Quantum  : 5.912 s
9.772322550937891e-06 -3.303137572023169e-06
Iteration counts: [0, 5, 8]

--- Iteration 13 ---
Qprime size   : 2244
max |ΔU|      : 4.556e-05
max |ΔU| norm  : 1.084e-03
max |Δn|      : 1.663e-03
max |Δn| norm  : 6.990e-03
max |ΔILDOS|  : 3.371e+01
last Poisson  : 14.132 s
last Quantum  : 6.189 s
6.406833749604948e-06 -2.14565363525051e-06
Iteration counts: [0, 5, 9]

--- Iteration 14 ---
Qprime size   : 2244
max |ΔU|      : 4.838e-05
max |ΔU| norm  : 7.335e-04
max |Δn|      : 1.691e-03
max |Δn| norm  : 6.792e-03
max |ΔILDOS|  : 2.677e+01
last Poisson  : 14.142 s
last Quantum  : 5.713 s
3.5212174341193048e-06 -1.2259708273983388e-06
Iteration counts: [0, 5, 10]

--- Iteration 15 ---
Qprime size   : 2244
max |ΔU|      : 5.630e-05
max |ΔU| norm  : 4.910e-04
max |Δn|      : 1.870e-03
max |Δn| norm  : 6.983e-03
max |ΔILDOS|  : 3.738e+01
last Poisson  : 14.127 s
last Quantum  : 5.947 s
2.2873860201565063e-06 -7.690058935015391e-07
Iteration counts: [0, 5, 11]

--- Iteration 16 ---
Qprime size   : 2244
max |ΔU|      : 3.975e-05
max |ΔU| norm  : 3.382e-04
max |Δn|      : 1.624e-03
max |Δn| norm  : 6.975e-03
max |ΔILDOS|  : 2.500e+01
last Poisson  : 14.143 s
last Quantum  : 6.129 s
9.595400797950752e-07 -3.669574622416674e-07
Iteration counts: [0, 5, 12]

--- Iteration 17 ---
Qprime size   : 2244
max |ΔU|      : 4.662e-05
max |ΔU| norm  : 2.630e-04
max |Δn|      : 1.886e-03
max |Δn| norm  : 7.117e-03
max |ΔILDOS|  : 2.712e+01
last Poisson  : 14.094 s
last Quantum  : 6.014 s
5.311804168194533e-07 -1.848955893569062e-07
Iteration counts: [0, 5, 13]

--- Iteration 18 ---
Qprime size   : 2244
max |ΔU|      : 4.776e-05
max |ΔU| norm  : 2.652e-04
max |Δn|      : 1.810e-03
max |Δn| norm  : 7.396e-03
max |ΔILDOS|  : 2.880e+01
last Poisson  : 13.913 s
last Quantum  : 5.931 s
6.191138200578847e-07 -2.247541263416611e-07
Iteration counts: [0, 5, 14]

--- Iteration 19 ---
Qprime size   : 2244
max |ΔU|      : 4.751e-05
max |ΔU| norm  : 2.751e-04
max |Δn|      : 1.912e-03
max |Δn| norm  : 7.304e-03
max |ΔILDOS|  : 2.956e+01
last Poisson  : 13.965 s
last Quantum  : 5.384 s
3.901139506793184e-07 -1.1884976097493144e-07
Iteration counts: [0, 5, 15]

--- Iteration 20 ---
Qprime size   : 2244
max |ΔU|      : 4.382e-05
max |ΔU| norm  : 2.357e-04
max |Δn|      : 1.643e-03
max |Δn| norm  : 6.801e-03
max |ΔILDOS|  : 3.165e+01
last Poisson  : 13.851 s
last Quantum  : 5.498 s
-1.0851988848046082e-07 1.222710954183625e-08
Iteration counts: [0, 5, 16]

--- Iteration 21 ---
Qprime size   : 2244
max |ΔU|      : 4.761e-05
max |ΔU| norm  : 2.538e-04
max |Δn|      : 1.865e-03
max |Δn| norm  : 7.215e-03
max |ΔILDOS|  : 3.440e+01
last Poisson  : 13.910 s
last Quantum  : 4.886 s
4.0843346546516115e-07 -1.1328870846164115e-07
Iteration counts: [0, 5, 17]

--- Iteration 22 ---
Qprime size   : 2244
max |ΔU|      : 4.074e-05
max |ΔU| norm  : 2.369e-04
max |Δn|      : 1.664e-03
max |Δn| norm  : 7.013e-03
max |ΔILDOS|  : 2.576e+01
last Poisson  : 13.902 s
last Quantum  : 5.491 s
2.884764231996263e-07 -1.0667956311938698e-07
Iteration counts: [0, 5, 18]

--- Iteration 23 ---
Qprime size   : 2244
max |ΔU|      : 4.303e-05
max |ΔU| norm  : 2.393e-04
max |Δn|      : 1.706e-03
max |Δn| norm  : 6.413e-03
max |ΔILDOS|  : 3.010e+01
last Poisson  : 13.809 s
last Quantum  : 5.493 s
3.192610030901189e-07 -9.433779685199841e-08
Iteration counts: [0, 5, 19]

--- Iteration 24 ---
Qprime size   : 2244
max |ΔU|      : 4.286e-05
max |ΔU| norm  : 2.276e-04
max |Δn|      : 1.674e-03
max |Δn| norm  : 6.976e-03
max |ΔILDOS|  : 2.215e+01
last Poisson  : 13.963 s
last Quantum  : 5.884 s
-4.0881849254608565e-07 1.0920317180460823e-07
Iteration counts: [0, 5, 20]

--- Iteration 25 ---
Qprime size   : 2244
max |ΔU|      : 5.417e-05
max |ΔU| norm  : 2.719e-04
max |Δn|      : 1.836e-03
max |Δn| norm  : 7.775e-03
max |ΔILDOS|  : 3.092e+01
last Poisson  : 13.938 s
last Quantum  : 6.237 s
-1.1564860555905846e-07 5.1746650327038337e-08
Iteration counts: [0, 5, 21]

--- Iteration 26 ---
Qprime size   : 2244
max |ΔU|      : 4.133e-05
max |ΔU| norm  : 2.238e-04
max |Δn|      : 1.949e-03
max |Δn| norm  : 7.682e-03
max |ΔILDOS|  : 2.563e+01
last Poisson  : 13.888 s
last Quantum  : 6.163 s
6.016586967417729e-07 -1.9503052696678702e-07
Iteration counts: [0, 5, 22]

--- Iteration 27 ---
Qprime size   : 2244
max |ΔU|      : 5.232e-05
max |ΔU| norm  : 2.751e-04
max |Δn|      : 1.822e-03
max |Δn| norm  : 7.089e-03
max |ΔILDOS|  : 3.551e+01
last Poisson  : 13.993 s
last Quantum  : 6.167 s
-3.620894430985628e-07 1.2483187859602166e-07
Iteration counts: [0, 5, 23]

--- Iteration 28 ---
Qprime size   : 2244
max |ΔU|      : 4.659e-05
max |ΔU| norm  : 2.489e-04
max |Δn|      : 1.875e-03
max |Δn| norm  : 7.064e-03
max |ΔILDOS|  : 3.170e+01
last Poisson  : 13.991 s
last Quantum  : 5.865 s
-2.5555345391971284e-07 6.020020132312392e-08
Iteration counts: [0, 5, 24]

--- Iteration 29 ---
Qprime size   : 2244
max |ΔU|      : 6.214e-05
max |ΔU| norm  : 2.838e-04
max |Δn|      : 1.835e-03
max |Δn| norm  : 7.415e-03
max |ΔILDOS|  : 3.949e+01
last Poisson  : 13.997 s
last Quantum  : 5.347 s
3.94015924470428e-09 6.58197091565875e-09
Iteration counts: [0, 5, 25]

--- Iteration 30 ---
Qprime size   : 2244
max |ΔU|      : 4.780e-05
max |ΔU| norm  : 2.474e-04
max |Δn|      : 1.778e-03
max |Δn| norm  : 7.338e-03
max |ΔILDOS|  : 3.384e+01
last Poisson  : 13.877 s
last Quantum  : 5.897 s
1.7846718553404558e-07 -7.08304846594382e-08
FSC converged / stopped.
✔ Logged phi=0.0889, Vbg=1.8333

=== Running phi=0.0889, Vbg=2.0000 ===
🔄 Full Hamiltonian rebuild (qparams change)
The poisson problem has been initialized.
Iteration counts: [0, 0, 0]

--- Iteration 0 ---
Qprime size   : 2182
max |ΔU|      : 4.019e-14
max |ΔU| norm  : 1.493e-12
max |Δn|      : 1.705e-13
max |Δn| norm  : 1.290e-12
-0.000266878480037703 5.6362607307379224e-05
Iteration counts: [0, 0, 1]

--- Iteration 1 ---
Qprime size   : 2182
max |ΔU|      : 8.210e-04
max |ΔU| norm  : 3.760e-02
max |Δn|      : 6.697e-03
max |Δn| norm  : 4.031e-02
max |ΔILDOS|  : 5.188e+02
last Poisson  : 13.333 s
last Quantum  : 5.708 s
-0.0006501311538897666 0.00020246888734993658
Iteration counts: [0, 1, 1]

--- Iteration 2 ---
Qprime size   : 2182
max |ΔU|      : 1.215e-03
max |ΔU| norm  : 7.201e-02
max |Δn|      : 4.711e-03
max |Δn| norm  : 4.506e-02
max |ΔILDOS|  : 5.188e+02
last Poisson  : 13.707 s
last Quantum  : 5.708 s
-0.0005200725532949864 0.00016233690727485213
Iteration counts: [0, 2, 1]

--- Iteration 3 ---
Qprime size   : 2182
max |ΔU|      : 9.709e-04
max |ΔU| norm  : 5.759e-02
max |Δn|      : 3.707e-03
max |Δn| norm  : 3.542e-02
max |ΔILDOS|  : 5.188e+02
last Poisson  : 13.563 s
last Quantum  : 5.708 s
-0.00041603159301671747 0.00013015198226862119
Iteration counts: [0, 3, 1]

--- Iteration 4 ---
Qprime size   : 2182
max |ΔU|      : 7.756e-04
max |ΔU| norm  : 4.605e-02
max |Δn|      : 2.918e-03
max |Δn| norm  : 2.784e-02
max |ΔILDOS|  : 5.188e+02
last Poisson  : 13.304 s
last Quantum  : 5.708 s
-0.0003328010575053428 0.00010434113394079954
Iteration counts: [0, 3, 2]

--- Iteration 5 ---
Qprime size   : 2182
max |ΔU|      : 6.196e-04
max |ΔU| norm  : 3.683e-02
max |Δn|      : 2.297e-03
max |Δn| norm  : 2.189e-02
max |ΔILDOS|  : 9.358e+02
last Poisson  : 13.378 s
last Quantum  : 5.080 s
0.00012664423218754686 -3.783246102775094e-05
Iteration counts: [0, 3, 3]

--- Iteration 6 ---
Qprime size   : 2182
max |ΔU|      : 2.708e-04
max |ΔU| norm  : 1.346e-02
max |Δn|      : 4.727e-03
max |Δn| norm  : 2.142e-02
max |ΔILDOS|  : 6.506e+02
last Poisson  : 13.589 s
last Quantum  : 5.098 s
7.312479624906679e-05 -2.192685198766787e-05
Iteration counts: [0, 3, 4]

--- Iteration 7 ---
Qprime size   : 2182
max |ΔU|      : 1.680e-04
max |ΔU| norm  : 7.893e-03
max |Δn|      : 1.407e-03
max |Δn| norm  : 1.032e-02
max |ΔILDOS|  : 4.210e+02
last Poisson  : 13.671 s
last Quantum  : 5.126 s
4.170012118561927e-05 -1.2596893107683387e-05
Iteration counts: [0, 3, 5]

--- Iteration 8 ---
Qprime size   : 2182
max |ΔU|      : 1.026e-04
max |ΔU| norm  : 4.603e-03
max |Δn|      : 7.762e-04
max |Δn| norm  : 5.178e-03
max |ΔILDOS|  : 2.483e+02
last Poisson  : 13.633 s
last Quantum  : 5.036 s
2.444842410157955e-05 -7.409222323905418e-06
Iteration counts: [0, 3, 6]

--- Iteration 9 ---
Qprime size   : 2182
max |ΔU|      : 6.274e-05
max |ΔU| norm  : 2.719e-03
max |Δn|      : 5.024e-04
max |Δn| norm  : 2.874e-03
max |ΔILDOS|  : 1.491e+02
last Poisson  : 13.628 s
last Quantum  : 5.191 s
1.446137121542523e-05 -4.397035823336686e-06
Iteration counts: [0, 3, 7]

--- Iteration 10 ---
Qprime size   : 2182
max |ΔU|      : 3.883e-05
max |ΔU| norm  : 1.631e-03
max |Δn|      : 5.135e-04
max |Δn| norm  : 2.007e-03
max |ΔILDOS|  : 8.621e+01
last Poisson  : 13.696 s
last Quantum  : 5.128 s
8.607533949719845e-06 -2.619819038068733e-06
Iteration counts: [0, 3, 8]

--- Iteration 11 ---
Qprime size   : 2182
max |ΔU|      : 2.438e-05
max |ΔU| norm  : 9.784e-04
max |Δn|      : 6.972e-04
max |Δn| norm  : 1.879e-03
max |ΔILDOS|  : 5.317e+01
last Poisson  : 13.785 s
last Quantum  : 5.276 s
5.078453642536431e-06 -1.5463360545405077e-06
Iteration counts: [0, 3, 9]

--- Iteration 12 ---
Qprime size   : 2182
max |ΔU|      : 1.713e-05
max |ΔU| norm  : 5.912e-04
max |Δn|      : 6.794e-04
max |Δn| norm  : 1.940e-03
max |ΔILDOS|  : 3.164e+01
last Poisson  : 13.759 s
last Quantum  : 5.201 s
3.0668949212615116e-06 -9.361126186534526e-07
Iteration counts: [0, 3, 10]

--- Iteration 13 ---
Qprime size   : 2182
max |ΔU|      : 1.633e-05
max |ΔU| norm  : 3.599e-04
max |Δn|      : 6.309e-04
max |Δn| norm  : 1.905e-03
max |ΔILDOS|  : 1.825e+01
last Poisson  : 13.811 s
last Quantum  : 5.204 s
1.8265731661492687e-06 -5.563159791784992e-07
Iteration counts: [0, 3, 11]

--- Iteration 14 ---
Qprime size   : 2182
max |ΔU|      : 1.546e-05
max |ΔU| norm  : 2.245e-04
max |Δn|      : 6.424e-04
max |Δn| norm  : 1.864e-03
max |ΔILDOS|  : 1.093e+01
last Poisson  : 13.891 s
last Quantum  : 5.197 s
1.0926988573311921e-06 -3.3343307868099806e-07
Iteration counts: [0, 3, 12]

--- Iteration 15 ---
Qprime size   : 2182
max |ΔU|      : 1.222e-05
max |ΔU| norm  : 1.382e-04
max |Δn|      : 6.914e-04
max |Δn| norm  : 1.977e-03
max |ΔILDOS|  : 8.560e+00
last Poisson  : 13.803 s
last Quantum  : 5.152 s
6.312628149336641e-07 -1.9077437262918016e-07
Iteration counts: [0, 3, 13]

--- Iteration 16 ---
Qprime size   : 2182
max |ΔU|      : 1.961e-05
max |ΔU| norm  : 9.589e-05
max |Δn|      : 6.947e-04
max |Δn| norm  : 2.132e-03
max |ΔILDOS|  : 8.019e+00
last Poisson  : 13.771 s
last Quantum  : 5.244 s
4.1076158084275053e-07 -1.258781210711732e-07
Iteration counts: [0, 3, 14]

--- Iteration 17 ---
Qprime size   : 2182
max |ΔU|      : 1.425e-05
max |ΔU| norm  : 6.916e-05
max |Δn|      : 6.263e-04
max |Δn| norm  : 2.057e-03
max |ΔILDOS|  : 8.025e+00
last Poisson  : 13.939 s
last Quantum  : 5.146 s
2.6277426342354784e-07 -8.033486820382253e-08
Iteration counts: [0, 3, 15]

--- Iteration 18 ---
Qprime size   : 2182
max |ΔU|      : 1.479e-05
max |ΔU| norm  : 6.113e-05
max |Δn|      : 6.367e-04
max |Δn| norm  : 1.967e-03
max |ΔILDOS|  : 7.838e+00
last Poisson  : 13.832 s
last Quantum  : 4.994 s
1.067237497861457e-07 -3.2441484573575694e-08
Iteration counts: [0, 3, 16]

--- Iteration 19 ---
Qprime size   : 2182
max |ΔU|      : 1.319e-05
max |ΔU| norm  : 5.049e-05
max |Δn|      : 6.944e-04
max |Δn| norm  : 2.058e-03
max |ΔILDOS|  : 8.209e+00
last Poisson  : 13.800 s
last Quantum  : 5.254 s
1.0930220897216439e-07 -3.2378765923567763e-08
Iteration counts: [0, 3, 17]

--- Iteration 20 ---
Qprime size   : 2182
max |ΔU|      : 1.216e-05
max |ΔU| norm  : 5.020e-05
max |Δn|      : 6.818e-04
max |Δn| norm  : 2.107e-03
max |ΔILDOS|  : 8.214e+00
last Poisson  : 13.880 s
last Quantum  : 5.135 s
8.170142663264908e-08 -2.605969321647805e-08
Iteration counts: [0, 3, 18]

--- Iteration 21 ---
Qprime size   : 2182
max |ΔU|      : 1.227e-05
max |ΔU| norm  : 4.805e-05
max |Δn|      : 6.165e-04
max |Δn| norm  : 2.075e-03
max |ΔILDOS|  : 7.952e+00
last Poisson  : 13.854 s
last Quantum  : 5.205 s
-3.625122188259093e-08 1.2462948848193522e-08
Iteration counts: [0, 3, 19]

--- Iteration 22 ---
Qprime size   : 2182
max |ΔU|      : 2.089e-05
max |ΔU| norm  : 5.491e-05
max |Δn|      : 6.705e-04
max |Δn| norm  : 2.145e-03
max |ΔILDOS|  : 7.979e+00
last Poisson  : 13.786 s
last Quantum  : 5.253 s
1.13351362555998e-08 -3.418386752676413e-09
Iteration counts: [0, 3, 20]

--- Iteration 23 ---
Qprime size   : 2182
max |ΔU|      : 1.400e-05
max |ΔU| norm  : 5.145e-05
max |Δn|      : 6.742e-04
max |Δn| norm  : 2.162e-03
max |ΔILDOS|  : 8.048e+00
last Poisson  : 13.906 s
last Quantum  : 5.060 s
6.037927060386043e-08 -1.850207951018554e-08
Iteration counts: [0, 3, 21]

--- Iteration 24 ---
Qprime size   : 2182
max |ΔU|      : 1.418e-05
max |ΔU| norm  : 5.191e-05
max |Δn|      : 6.708e-04
max |Δn| norm  : 2.150e-03
max |ΔILDOS|  : 8.143e+00
last Poisson  : 13.930 s
last Quantum  : 4.951 s
2.9898015697372644e-08 -9.71056057655318e-09
Iteration counts: [0, 3, 22]

--- Iteration 25 ---
Qprime size   : 2182
max |ΔU|      : 1.206e-05
max |ΔU| norm  : 4.800e-05
max |Δn|      : 6.425e-04
max |Δn| norm  : 2.131e-03
max |ΔILDOS|  : 8.079e+00
last Poisson  : 13.954 s
last Quantum  : 4.770 s
-2.7193462457907734e-08 8.623400092455718e-09
Iteration counts: [0, 3, 23]

--- Iteration 26 ---
Qprime size   : 2182
max |ΔU|      : 1.220e-05
max |ΔU| norm  : 4.980e-05
max |Δn|      : 6.487e-04
max |Δn| norm  : 2.096e-03
max |ΔILDOS|  : 8.014e+00
last Poisson  : 13.937 s
last Quantum  : 5.055 s
-1.495969084717912e-09 2.456408328981007e-10
Iteration counts: [0, 3, 24]

--- Iteration 27 ---
Qprime size   : 2182
max |ΔU|      : 1.333e-05
max |ΔU| norm  : 5.163e-05
max |Δn|      : 6.931e-04
max |Δn| norm  : 2.159e-03
max |ΔILDOS|  : 8.181e+00
last Poisson  : 14.011 s
last Quantum  : 4.911 s
-3.6337660514226425e-08 1.2566503726404753e-08
Iteration counts: [0, 3, 25]

--- Iteration 28 ---
Qprime size   : 2182
max |ΔU|      : 2.103e-05
max |ΔU| norm  : 5.704e-05
max |Δn|      : 6.815e-04
max |Δn| norm  : 2.299e-03
max |ΔILDOS|  : 8.239e+00
last Poisson  : 14.006 s
last Quantum  : 4.923 s
5.201513834600073e-08 -1.6608501578857856e-08
Iteration counts: [0, 3, 26]

--- Iteration 29 ---
Qprime size   : 2182
max |ΔU|      : 1.402e-05
max |ΔU| norm  : 5.178e-05
max |Δn|      : 6.175e-04
max |Δn| norm  : 2.220e-03
max |ΔILDOS|  : 7.956e+00
last Poisson  : 13.994 s
last Quantum  : 4.902 s
3.489433645788283e-09 -1.6796032426361076e-09
Iteration counts: [0, 3, 27]

--- Iteration 30 ---
Qprime size   : 2182
max |ΔU|      : 1.418e-05
max |ΔU| norm  : 5.325e-05
max |Δn|      : 6.263e-04
max |Δn| norm  : 2.096e-03
max |ΔILDOS|  : 7.862e+00
last Poisson  : 13.955 s
last Quantum  : 4.989 s
-1.8486314354555374e-08 5.666320510635097e-09
FSC converged / stopped.
✔ Logged phi=0.0889, Vbg=2.0000

=== Running phi=0.0889, Vbg=2.1667 ===
🔄 Full Hamiltonian rebuild (qparams change)
The poisson problem has been initialized.
Iteration counts: [0, 0, 0]

--- Iteration 0 ---
Qprime size   : 2069
max |ΔU|      : 9.259e-14
max |ΔU| norm  : 1.480e-12
max |Δn|      : 1.736e-13
max |Δn| norm  : 1.406e-12
-0.0002138415356264063 4.8128045677725366e-05
Iteration counts: [0, 0, 1]

--- Iteration 1 ---
Qprime size   : 2069
max |ΔU|      : 7.573e-04
max |ΔU| norm  : 2.890e-02
max |Δn|      : 7.522e-03
max |Δn| norm  : 3.392e-02
max |ΔILDOS|  : 4.598e+02
last Poisson  : 14.505 s
last Quantum  : 4.913 s
-0.0005754713948162245 0.00018896483137959919
Iteration counts: [0, 1, 1]

--- Iteration 2 ---
Qprime size   : 2069
max |ΔU|      : 1.126e-03
max |ΔU| norm  : 6.004e-02
max |Δn|      : 5.576e-03
max |Δn| norm  : 3.371e-02
max |ΔILDOS|  : 4.598e+02
last Poisson  : 14.669 s
last Quantum  : 4.913 s
-0.0004611937412672737 0.00015161630605219745
Iteration counts: [0, 2, 1]

--- Iteration 3 ---
Qprime size   : 2069
max |ΔU|      : 8.970e-04
max |ΔU| norm  : 4.811e-02
max |Δn|      : 4.316e-03
max |Δn| norm  : 2.614e-02
max |ΔILDOS|  : 4.598e+02
last Poisson  : 14.525 s
last Quantum  : 4.913 s
-0.00036938203338715445 0.00012157934756752329
Iteration counts: [0, 2, 2]

--- Iteration 4 ---
Qprime size   : 2069
max |ΔU|      : 7.141e-04
max |ΔU| norm  : 3.853e-02
max |Δn|      : 3.343e-03
max |Δn| norm  : 2.036e-02
max |ΔILDOS|  : 6.096e+02
last Poisson  : 14.503 s
last Quantum  : 4.446 s
1.6556048961343892e-06 1.1883792147517385e-06
Iteration counts: [0, 2, 3]

--- Iteration 5 ---
Qprime size   : 2069
max |ΔU|      : 1.140e-04
max |ΔU| norm  : 2.384e-03
max |Δn|      : 2.061e-03
max |Δn| norm  : 1.682e-02
max |ΔILDOS|  : 1.902e+02
last Poisson  : 14.578 s
last Quantum  : 3.676 s
7.297788732485982e-07 7.580494253596007e-07
Iteration counts: [0, 2, 4]

--- Iteration 6 ---
Qprime size   : 2069
max |ΔU|      : 6.394e-05
max |ΔU| norm  : 1.348e-03
max |Δn|      : 1.227e-03
max |Δn| norm  : 8.599e-03
max |ΔILDOS|  : 9.247e+01
last Poisson  : 14.304 s
last Quantum  : 4.514 s
-2.11377019331884e-06 1.2075139596415038e-06
Iteration counts: [0, 2, 5]

--- Iteration 7 ---
Qprime size   : 2069
max |ΔU|      : 3.201e-05
max |ΔU| norm  : 7.062e-04
max |Δn|      : 1.340e-03
max |Δn| norm  : 7.996e-03
max |ΔILDOS|  : 3.393e+01
last Poisson  : 14.670 s
last Quantum  : 4.408 s
-1.3828527532248258e-06 7.649047291321687e-07
Iteration counts: [0, 2, 6]

--- Iteration 8 ---
Qprime size   : 2069
max |ΔU|      : 3.490e-05
max |ΔU| norm  : 4.765e-04
max |Δn|      : 1.337e-03
max |Δn| norm  : 9.193e-03
max |ΔILDOS|  : 3.509e+01
last Poisson  : 14.562 s
last Quantum  : 4.572 s
-2.228604064943278e-06 8.598490745170345e-07
Iteration counts: [0, 2, 7]

--- Iteration 9 ---
Qprime size   : 2069
max |ΔU|      : 3.614e-05
max |ΔU| norm  : 3.851e-04
max |Δn|      : 1.298e-03
max |Δn| norm  : 9.704e-03
max |ΔILDOS|  : 3.926e+01
last Poisson  : 14.615 s
last Quantum  : 4.585 s
-8.03657555587612e-07 3.604170751322106e-07
Iteration counts: [0, 2, 8]

--- Iteration 10 ---
Qprime size   : 2069
max |ΔU|      : 3.122e-05
max |ΔU| norm  : 3.036e-04
max |Δn|      : 1.338e-03
max |Δn| norm  : 9.711e-03
max |ΔILDOS|  : 3.267e+01
last Poisson  : 14.712 s
last Quantum  : 4.612 s
-1.0890536950476555e-06 3.880675602858081e-07
Iteration counts: [0, 2, 9]

--- Iteration 11 ---
Qprime size   : 2069
max |ΔU|      : 3.720e-05
max |ΔU| norm  : 2.968e-04
max |Δn|      : 1.363e-03
max |Δn| norm  : 9.763e-03
max |ΔILDOS|  : 3.778e+01
last Poisson  : 14.654 s
last Quantum  : 4.527 s
7.661542610774622e-07 -1.7658163543442246e-07
Iteration counts: [0, 2, 10]

--- Iteration 12 ---
Qprime size   : 2069
max |ΔU|      : 3.833e-05
max |ΔU| norm  : 3.156e-04
max |Δn|      : 1.315e-03
max |Δn| norm  : 9.737e-03
max |ΔILDOS|  : 4.310e+01
last Poisson  : 14.603 s
last Quantum  : 4.587 s
-1.3810399298157132e-06 4.237983003675334e-07
Iteration counts: [0, 2, 11]

--- Iteration 13 ---
Qprime size   : 2069
max |ΔU|      : 3.983e-05
max |ΔU| norm  : 3.207e-04
max |Δn|      : 1.387e-03
max |Δn| norm  : 9.926e-03
max |ΔILDOS|  : 3.931e+01
last Poisson  : 14.619 s
last Quantum  : 4.607 s
1.5692336529367006e-07 -3.005357649006364e-08
Iteration counts: [0, 2, 12]

--- Iteration 14 ---
Qprime size   : 2069
max |ΔU|      : 3.433e-05
max |ΔU| norm  : 2.704e-04
max |Δn|      : 1.352e-03
max |Δn| norm  : 9.784e-03
max |ΔILDOS|  : 3.275e+01
last Poisson  : 14.749 s
last Quantum  : 4.522 s
-4.4553097302876776e-07 1.360238759730203e-07
Iteration counts: [0, 2, 13]

--- Iteration 15 ---
Qprime size   : 2069
max |ΔU|      : 3.441e-05
max |ΔU| norm  : 2.547e-04
max |Δn|      : 1.312e-03
max |Δn| norm  : 9.566e-03
max |ΔILDOS|  : 3.514e+01
last Poisson  : 12.385 s
last Quantum  : 3.553 s
1.067776220869338e-06 -3.0346161635252164e-07
Iteration counts: [0, 2, 14]

--- Iteration 16 ---
Qprime size   : 2069
max |ΔU|      : 4.056e-05
max |ΔU| norm  : 2.900e-04
max |Δn|      : 1.260e-03
max |Δn| norm  : 9.245e-03
max |ΔILDOS|  : 4.409e+01
last Poisson  : 12.601 s
last Quantum  : 3.337 s
-1.2747551558695068e-06 3.705558136351274e-07
Iteration counts: [0, 2, 15]

--- Iteration 17 ---
Qprime size   : 2069
max |ΔU|      : 4.102e-05
max |ΔU| norm  : 3.295e-04
max |Δn|      : 1.391e-03
max |Δn| norm  : 9.593e-03
max |ΔILDOS|  : 4.428e+01
last Poisson  : 12.784 s
last Quantum  : 3.487 s
6.060428252286539e-07 -1.7167896334095385e-07
Iteration counts: [0, 2, 16]

--- Iteration 18 ---
Qprime size   : 2069
max |ΔU|      : 3.584e-05
max |ΔU| norm  : 2.819e-04
max |Δn|      : 1.409e-03
max |Δn| norm  : 1.043e-02
max |ΔILDOS|  : 3.878e+01
last Poisson  : 13.081 s
last Quantum  : 3.539 s
-5.501831602381787e-07 1.584143084176871e-07
Iteration counts: [0, 2, 17]

--- Iteration 19 ---
Qprime size   : 2069
max |ΔU|      : 3.940e-05
max |ΔU| norm  : 2.962e-04
max |Δn|      : 1.342e-03
max |Δn| norm  : 1.018e-02
max |ΔILDOS|  : 4.277e+01
last Poisson  : 13.302 s
last Quantum  : 3.698 s
9.950102830061759e-07 -2.8659757485123886e-07
Iteration counts: [0, 2, 18]

--- Iteration 20 ---
Qprime size   : 2069
max |ΔU|      : 4.209e-05
max |ΔU| norm  : 2.776e-04
max |Δn|      : 1.297e-03
max |Δn| norm  : 9.794e-03
max |ΔILDOS|  : 4.629e+01
last Poisson  : 12.727 s
last Quantum  : 3.410 s
-5.560469260885358e-07 1.6053052111907672e-07
Iteration counts: [0, 2, 19]

--- Iteration 21 ---
Qprime size   : 2069
max |ΔU|      : 3.651e-05
max |ΔU| norm  : 2.717e-04
max |Δn|      : 1.323e-03
max |Δn| norm  : 1.009e-02
max |ΔILDOS|  : 3.900e+01
last Poisson  : 12.950 s
last Quantum  : 3.381 s
3.3200088638704153e-07 -9.398451513943492e-08
Iteration counts: [0, 2, 20]

--- Iteration 22 ---
Qprime size   : 2069
max |ΔU|      : 3.725e-05
max |ΔU| norm  : 2.812e-04
max |Δn|      : 1.371e-03
max |Δn| norm  : 1.028e-02
max |ΔILDOS|  : 4.095e+01
last Poisson  : 13.075 s
last Quantum  : 3.383 s
-9.127547479298551e-07 2.63002494357837e-07
Iteration counts: [0, 2, 21]

--- Iteration 23 ---
Qprime size   : 2069
max |ΔU|      : 3.666e-05
max |ΔU| norm  : 2.838e-04
max |Δn|      : 1.325e-03
max |Δn| norm  : 1.009e-02
max |ΔILDOS|  : 3.690e+01
last Poisson  : 13.265 s
last Quantum  : 3.562 s
1.2953574925644376e-06 -3.740518938233803e-07
Iteration counts: [0, 2, 22]

--- Iteration 24 ---
Qprime size   : 2069
max |ΔU|      : 3.684e-05
max |ΔU| norm  : 3.270e-04
max |Δn|      : 1.286e-03
max |Δn| norm  : 9.800e-03
max |ΔILDOS|  : 3.901e+01
last Poisson  : 13.309 s
last Quantum  : 3.441 s
-7.815366005151445e-07 2.2505504012938803e-07
Iteration counts: [0, 2, 23]

--- Iteration 25 ---
Qprime size   : 2069
max |ΔU|      : 3.963e-05
max |ΔU| norm  : 2.859e-04
max |Δn|      : 1.299e-03
max |Δn| norm  : 9.918e-03
max |ΔILDOS|  : 4.466e+01
last Poisson  : 14.525 s
last Quantum  : 3.829 s
5.824809740939414e-07 -1.6780386735112018e-07
Iteration counts: [0, 2, 24]

--- Iteration 26 ---
Qprime size   : 2069
max |ΔU|      : 3.975e-05
max |ΔU| norm  : 3.038e-04
max |Δn|      : 1.372e-03
max |Δn| norm  : 9.836e-03
max |ΔILDOS|  : 4.748e+01
last Poisson  : 13.121 s
last Quantum  : 3.372 s
-8.085305855538287e-07 2.3228361777918712e-07
Iteration counts: [0, 2, 25]

--- Iteration 27 ---
Qprime size   : 2069
max |ΔU|      : 4.192e-05
max |ΔU| norm  : 2.836e-04
max |Δn|      : 1.350e-03
max |Δn| norm  : 9.798e-03
max |ΔILDOS|  : 4.680e+01
last Poisson  : 13.115 s
last Quantum  : 3.343 s
8.712730305867915e-07 -2.5092761523179127e-07
Iteration counts: [0, 2, 26]

--- Iteration 28 ---
Qprime size   : 2069
max |ΔU|      : 3.742e-05
max |ΔU| norm  : 2.938e-04
max |Δn|      : 1.298e-03
max |Δn| norm  : 9.776e-03
max |ΔILDOS|  : 3.974e+01
last Poisson  : 13.961 s
last Quantum  : 4.578 s
-9.509397438753884e-07 2.7438193494830333e-07
Iteration counts: [0, 2, 27]

--- Iteration 29 ---
Qprime size   : 2069
max |ΔU|      : 3.576e-05
max |ΔU| norm  : 2.820e-04
max |Δn|      : 1.294e-03
max |Δn| norm  : 1.008e-02
max |ΔILDOS|  : 4.079e+01
last Poisson  : 14.843 s
last Quantum  : 4.557 s
2.7020280832461187e-07 -7.580596187564522e-08
Iteration counts: [0, 2, 28]

--- Iteration 30 ---
Qprime size   : 2069
max |ΔU|      : 3.825e-05
max |ΔU| norm  : 2.598e-04
max |Δn|      : 1.390e-03
max |Δn| norm  : 1.030e-02
max |ΔILDOS|  : 4.054e+01
last Poisson  : 14.822 s
last Quantum  : 4.567 s
-2.931600082106231e-07 8.424828942017728e-08
FSC converged / stopped.
✔ Logged phi=0.0889, Vbg=2.1667

=== Running phi=0.0889, Vbg=2.3333 ===
🔄 Full Hamiltonian rebuild (qparams change)
The poisson problem has been initialized.
Iteration counts: [0, 0, 0]

--- Iteration 0 ---
Qprime size   : 1947
max |ΔU|      : 5.373e-14
max |ΔU| norm  : 1.427e-12
max |Δn|      : 1.923e-13
max |Δn| norm  : 1.396e-12
-0.00011789393965072366 8.840572544009363e-06
Iteration counts: [0, 0, 1]

--- Iteration 1 ---
Qprime size   : 1947
max |ΔU|      : 7.396e-04
max |ΔU| norm  : 2.260e-02
max |Δn|      : 7.954e-03
max |Δn| norm  : 3.154e-02
max |ΔILDOS|  : 6.152e+02
last Poisson  : 14.268 s
last Quantum  : 4.756 s
-0.00043061023113621244 0.00013440102803599174
Iteration counts: [0, 1, 1]

--- Iteration 2 ---
Qprime size   : 1947
max |ΔU|      : 9.847e-04
max |ΔU| norm  : 4.695e-02
max |Δn|      : 4.289e-03
max |Δn| norm  : 3.147e-02
max |ΔILDOS|  : 6.152e+02
last Poisson  : 14.433 s
last Quantum  : 4.756 s
-0.000344228678944644 0.00010762356607782228
Iteration counts: [0, 2, 1]

--- Iteration 3 ---
Qprime size   : 1947
max |ΔU|      : 7.841e-04
max |ΔU| norm  : 3.756e-02
max |Δn|      : 3.342e-03
max |Δn| norm  : 2.453e-02
max |ΔILDOS|  : 6.152e+02
last Poisson  : 14.318 s
last Quantum  : 4.756 s
-0.00027515238368783966 8.616954254344671e-05
Iteration counts: [0, 2, 2]

--- Iteration 4 ---
Qprime size   : 1947
max |ΔU|      : 6.243e-04
max |ΔU| norm  : 3.004e-02
max |Δn|      : 2.604e-03
max |Δn| norm  : 1.915e-02
max |ΔILDOS|  : 6.167e+02
last Poisson  : 14.176 s
last Quantum  : 4.621 s
-7.466265308598789e-06 1.641904920906283e-06
Iteration counts: [0, 2, 3]

--- Iteration 5 ---
Qprime size   : 1947
max |ΔU|      : 1.277e-04
max |ΔU| norm  : 1.915e-03
max |Δn|      : 3.960e-03
max |Δn| norm  : 1.542e-02
max |ΔILDOS|  : 1.860e+02
last Poisson  : 14.452 s
last Quantum  : 4.598 s
-2.5269789563907892e-06 4.590650578779217e-07
Iteration counts: [0, 2, 4]

--- Iteration 6 ---
Qprime size   : 1947
max |ΔU|      : 6.912e-05
max |ΔU| norm  : 9.792e-04
max |Δn|      : 2.040e-03
max |Δn| norm  : 6.783e-03
max |ΔILDOS|  : 6.797e+01
last Poisson  : 14.485 s
last Quantum  : 4.626 s
-2.0457936966553104e-06 4.3347626868613523e-07
Iteration counts: [0, 2, 5]

--- Iteration 7 ---
Qprime size   : 1947
max |ΔU|      : 3.183e-05
max |ΔU| norm  : 5.764e-04
max |Δn|      : 7.774e-04
max |Δn| norm  : 3.580e-03
max |ΔILDOS|  : 3.419e+01
last Poisson  : 14.341 s
last Quantum  : 4.575 s
-1.7525924368065635e-06 3.9915185583711263e-07
Iteration counts: [0, 2, 6]

--- Iteration 8 ---
Qprime size   : 1947
max |ΔU|      : 2.787e-05
max |ΔU| norm  : 3.689e-04
max |Δn|      : 1.085e-03
max |Δn| norm  : 3.512e-03
max |ΔILDOS|  : 2.061e+01
last Poisson  : 14.533 s
last Quantum  : 4.608 s
-1.2923580623023107e-06 2.885770072850916e-07
Iteration counts: [0, 2, 7]

--- Iteration 9 ---
Qprime size   : 1947
max |ΔU|      : 3.429e-05
max |ΔU| norm  : 2.582e-04
max |Δn|      : 1.223e-03
max |Δn| norm  : 3.845e-03
max |ΔILDOS|  : 3.142e+01
last Poisson  : 14.534 s
last Quantum  : 4.587 s
-6.884418370349031e-07 1.3975837379798358e-07
Iteration counts: [0, 2, 8]

--- Iteration 10 ---
Qprime size   : 1947
max |ΔU|      : 2.953e-05
max |ΔU| norm  : 1.766e-04
max |Δn|      : 1.238e-03
max |Δn| norm  : 4.002e-03
max |ΔILDOS|  : 2.524e+01
last Poisson  : 14.514 s
last Quantum  : 4.582 s
-4.2674389430441397e-07 7.791409660902373e-08
Iteration counts: [0, 2, 9]

--- Iteration 11 ---
Qprime size   : 1947
max |ΔU|      : 3.202e-05
max |ΔU| norm  : 1.411e-04
max |Δn|      : 1.128e-03
max |Δn| norm  : 3.866e-03
max |ΔILDOS|  : 2.969e+01
last Poisson  : 14.528 s
last Quantum  : 4.696 s
-2.2342058917190615e-07 3.281858639494891e-08
Iteration counts: [0, 2, 10]

--- Iteration 12 ---
Qprime size   : 1947
max |ΔU|      : 2.899e-05
max |ΔU| norm  : 1.238e-04
max |Δn|      : 1.162e-03
max |Δn| norm  : 3.969e-03
max |ΔILDOS|  : 2.588e+01
last Poisson  : 14.462 s
last Quantum  : 4.551 s
-3.268238776818809e-07 7.274795018173028e-08
Iteration counts: [0, 2, 11]

--- Iteration 13 ---
Qprime size   : 1947
max |ΔU|      : 2.852e-05
max |ΔU| norm  : 1.187e-04
max |Δn|      : 1.212e-03
max |Δn| norm  : 4.258e-03
max |ΔILDOS|  : 2.535e+01
last Poisson  : 14.479 s
last Quantum  : 4.628 s
-6.386073759722989e-08 2.730490536862822e-09
Iteration counts: [0, 2, 12]

--- Iteration 14 ---
Qprime size   : 1947
max |ΔU|      : 3.188e-05
max |ΔU| norm  : 1.189e-04
max |Δn|      : 1.206e-03
max |Δn| norm  : 4.350e-03
max |ΔILDOS|  : 3.058e+01
last Poisson  : 14.535 s
last Quantum  : 4.588 s
-2.0999195719069657e-07 5.1850413199345624e-08
Iteration counts: [0, 2, 13]

--- Iteration 15 ---
Qprime size   : 1947
max |ΔU|      : 3.463e-05
max |ΔU| norm  : 1.323e-04
max |Δn|      : 1.163e-03
max |Δn| norm  : 4.267e-03
max |ΔILDOS|  : 3.524e+01
last Poisson  : 14.511 s
last Quantum  : 4.680 s
1.5254050705417438e-07 -5.298316692226284e-08
Iteration counts: [0, 2, 14]

--- Iteration 16 ---
Qprime size   : 1947
max |ΔU|      : 3.345e-05
max |ΔU| norm  : 1.318e-04
max |Δn|      : 1.171e-03
max |Δn| norm  : 4.143e-03
max |ΔILDOS|  : 3.414e+01
last Poisson  : 14.603 s
last Quantum  : 4.628 s
-9.898954734156195e-08 2.3640270609798512e-08
Iteration counts: [0, 2, 15]

--- Iteration 17 ---
Qprime size   : 1947
max |ΔU|      : 2.530e-05
max |ΔU| norm  : 1.015e-04
max |Δn|      : 1.179e-03
max |Δn| norm  : 4.406e-03
max |ΔILDOS|  : 2.076e+01
last Poisson  : 14.726 s
last Quantum  : 4.567 s
-6.291471200185953e-08 1.4668676235840419e-08
Iteration counts: [0, 2, 16]

--- Iteration 18 ---
Qprime size   : 1947
max |ΔU|      : 2.277e-05
max |ΔU| norm  : 9.678e-05
max |Δn|      : 1.132e-03
max |Δn| norm  : 4.601e-03
max |ΔILDOS|  : 1.756e+01
last Poisson  : 14.662 s
last Quantum  : 4.515 s
-6.781443843589312e-08 1.8507165669360628e-08
Iteration counts: [0, 2, 17]

--- Iteration 19 ---
Qprime size   : 1947
max |ΔU|      : 2.652e-05
max |ΔU| norm  : 1.075e-04
max |Δn|      : 1.173e-03
max |Δn| norm  : 4.827e-03
max |ΔILDOS|  : 1.956e+01
last Poisson  : 14.646 s
last Quantum  : 4.265 s
-3.300360694147094e-08 8.49620731075654e-09
Iteration counts: [0, 2, 18]

--- Iteration 20 ---
Qprime size   : 1947
max |ΔU|      : 2.163e-05
max |ΔU| norm  : 9.308e-05
max |Δn|      : 1.179e-03
max |Δn| norm  : 4.864e-03
max |ΔILDOS|  : 1.494e+01
last Poisson  : 14.685 s
last Quantum  : 3.963 s
9.487098863901848e-08 -2.8888459210337105e-08
Iteration counts: [0, 2, 19]

--- Iteration 21 ---
Qprime size   : 1947
max |ΔU|      : 2.001e-05
max |ΔU| norm  : 9.602e-05
max |Δn|      : 1.181e-03
max |Δn| norm  : 4.992e-03
max |ΔILDOS|  : 1.530e+01
last Poisson  : 14.601 s
last Quantum  : 4.510 s
-1.2408938705657462e-07 3.5116316450483564e-08
Iteration counts: [0, 2, 20]

--- Iteration 22 ---
Qprime size   : 1947
max |ΔU|      : 2.522e-05
max |ΔU| norm  : 9.301e-05
max |Δn|      : 1.117e-03
max |Δn| norm  : 5.047e-03
max |ΔILDOS|  : 1.741e+01
last Poisson  : 14.610 s
last Quantum  : 4.514 s
1.38869923948816e-08 -3.4591951399782886e-09
Iteration counts: [0, 2, 21]

--- Iteration 23 ---
Qprime size   : 1947
max |ΔU|      : 2.308e-05
max |ΔU| norm  : 9.995e-05
max |Δn|      : 1.315e-03
max |Δn| norm  : 5.292e-03
max |ΔILDOS|  : 1.418e+01
last Poisson  : 14.717 s
last Quantum  : 4.428 s
-1.4274720199953659e-07 4.168275522565184e-08
Iteration counts: [0, 2, 22]

--- Iteration 24 ---
Qprime size   : 1947
max |ΔU|      : 2.357e-05
max |ΔU| norm  : 9.664e-05
max |Δn|      : 1.306e-03
max |Δn| norm  : 5.395e-03
max |ΔILDOS|  : 1.542e+01
last Poisson  : 14.612 s
last Quantum  : 4.441 s
6.7509969486004e-08 -1.8801182790909023e-08
Iteration counts: [0, 2, 23]

--- Iteration 25 ---
Qprime size   : 1947
max |ΔU|      : 2.026e-05
max |ΔU| norm  : 9.704e-05
max |Δn|      : 1.195e-03
max |Δn| norm  : 5.247e-03
max |ΔILDOS|  : 1.608e+01
last Poisson  : 14.574 s
last Quantum  : 4.229 s
1.8711587293963634e-08 -6.298059366711364e-09
Iteration counts: [0, 2, 24]

--- Iteration 26 ---
Qprime size   : 1947
max |ΔU|      : 2.359e-05
max |ΔU| norm  : 1.003e-04
max |Δn|      : 1.141e-03
max |Δn| norm  : 5.058e-03
max |ΔILDOS|  : 1.577e+01
last Poisson  : 14.611 s
last Quantum  : 4.294 s
1.6235026431875095e-08 -4.51063797501437e-09
Iteration counts: [0, 2, 25]

--- Iteration 27 ---
Qprime size   : 1947
max |ΔU|      : 2.907e-05
max |ΔU| norm  : 1.108e-04
max |Δn|      : 1.298e-03
max |Δn| norm  : 5.092e-03
max |ΔILDOS|  : 2.267e+01
last Poisson  : 14.786 s
last Quantum  : 4.333 s
1.638582133598308e-08 -5.773634700869316e-09
Iteration counts: [0, 2, 26]

--- Iteration 28 ---
Qprime size   : 1947
max |ΔU|      : 2.468e-05
max |ΔU| norm  : 9.727e-05
max |Δn|      : 1.287e-03
max |Δn| norm  : 5.124e-03
max |ΔILDOS|  : 1.919e+01
last Poisson  : 14.751 s
last Quantum  : 3.330 s
2.780034139746975e-08 -7.869059854217662e-09
Iteration counts: [0, 2, 27]

--- Iteration 29 ---
Qprime size   : 1947
max |ΔU|      : 2.020e-05
max |ΔU| norm  : 9.391e-05
max |Δn|      : 1.194e-03
max |Δn| norm  : 5.174e-03
max |ΔILDOS|  : 1.592e+01
last Poisson  : 14.324 s
last Quantum  : 3.116 s
-1.0723131402635096e-07 3.118113243138385e-08
Iteration counts: [0, 2, 28]

--- Iteration 30 ---
Qprime size   : 1947
max |ΔU|      : 2.365e-05
max |ΔU| norm  : 9.651e-05
max |Δn|      : 1.136e-03
max |Δn| norm  : 5.135e-03
max |ΔILDOS|  : 1.594e+01
last Poisson  : 14.147 s
last Quantum  : 3.574 s
6.70091785967528e-08 -1.895152518698922e-08
FSC converged / stopped.
✔ Logged phi=0.0889, Vbg=2.3333

=== Running phi=0.0889, Vbg=2.5000 ===
🔄 Full Hamiltonian rebuild (qparams change)
The poisson problem has been initialized.
Iteration counts: [0, 0, 0]

--- Iteration 0 ---
Qprime size   : 1816
max |ΔU|      : 1.057e-13
max |ΔU| norm  : 1.259e-12
max |Δn|      : 2.778e-13
max |Δn| norm  : 1.640e-12
-6.02745013986689e-05 -1.5040379154546733e-05
Iteration counts: [0, 0, 1]

--- Iteration 1 ---
Qprime size   : 1816
max |ΔU|      : 7.022e-04
max |ΔU| norm  : 1.867e-02
max |Δn|      : 6.691e-03
max |Δn| norm  : 2.001e-02
max |ΔILDOS|  : 6.329e+02
last Poisson  : 15.122 s
last Quantum  : 2.633 s
-0.00031015142277534527 8.340243070628522e-05
Iteration counts: [0, 0, 2]

--- Iteration 2 ---
Qprime size   : 1816
max |ΔU|      : 8.553e-04
max |ΔU| norm  : 3.664e-02
max |Δn|      : 4.630e-03
max |Δn| norm  : 2.850e-02
max |ΔILDOS|  : 5.158e+02
last Poisson  : 14.678 s
last Quantum  : 2.600 s
-0.00018519341145723078 4.9962662024329115e-05
Iteration counts: [0, 0, 3]

--- Iteration 3 ---
Qprime size   : 1816
max |ΔU|      : 5.249e-04
max |ΔU| norm  : 2.195e-02
max |Δn|      : 2.107e-03
max |Δn| norm  : 1.492e-02
max |ΔILDOS|  : 5.644e+02
last Poisson  : 14.873 s
last Quantum  : 2.684 s
-0.00011029823196908548 2.970730277930744e-05
Iteration counts: [0, 0, 4]

--- Iteration 4 ---
Qprime size   : 1816
max |ΔU|      : 3.134e-04
max |ΔU| norm  : 1.307e-02
max |Δn|      : 1.540e-03
max |Δn| norm  : 8.498e-03
max |ΔILDOS|  : 5.527e+02
last Poisson  : 14.797 s
last Quantum  : 2.740 s
-6.602040856262795e-05 1.7814115970359766e-05
Iteration counts: [0, 0, 5]

--- Iteration 5 ---
Qprime size   : 1816
max |ΔU|      : 1.863e-04
max |ΔU| norm  : 7.846e-03
max |Δn|      : 8.544e-04
max |Δn| norm  : 4.906e-03
max |ΔILDOS|  : 4.465e+02
last Poisson  : 14.755 s
last Quantum  : 2.523 s
-3.967461828105109e-05 1.0745750010764912e-05
Iteration counts: [0, 0, 6]

--- Iteration 6 ---
Qprime size   : 1816
max |ΔU|      : 1.092e-04
max |ΔU| norm  : 4.731e-03
max |Δn|      : 4.861e-04
max |Δn| norm  : 2.959e-03
max |ΔILDOS|  : 3.026e+02
last Poisson  : 13.252 s
last Quantum  : 2.508 s
-2.3881023399084157e-05 6.477488303899987e-06
Iteration counts: [0, 0, 7]

--- Iteration 7 ---
Qprime size   : 1816
max |ΔU|      : 6.608e-05
max |ΔU| norm  : 2.856e-03
max |Δn|      : 2.775e-04
max |Δn| norm  : 1.821e-03
max |ΔILDOS|  : 1.900e+02
last Poisson  : 13.320 s
last Quantum  : 2.588 s
-1.4403821816452874e-05 3.908076897294009e-06
Iteration counts: [0, 0, 8]

--- Iteration 8 ---
Qprime size   : 1816
max |ΔU|      : 4.015e-05
max |ΔU| norm  : 1.730e-03
max |Δn|      : 1.744e-04
max |Δn| norm  : 1.139e-03
max |ΔILDOS|  : 1.176e+02
last Poisson  : 13.315 s
last Quantum  : 2.552 s
-8.695340830889972e-06 2.3582681315731936e-06
Iteration counts: [0, 0, 9]

--- Iteration 9 ---
Qprime size   : 1816
max |ΔU|      : 2.447e-05
max |ΔU| norm  : 1.049e-03
max |Δn|      : 1.075e-04
max |Δn| norm  : 7.211e-04
max |ΔILDOS|  : 7.271e+01
last Poisson  : 13.276 s
last Quantum  : 2.569 s
-5.272942719985265e-06 1.431214367395717e-06
Iteration counts: [0, 0, 10]

--- Iteration 10 ---
Qprime size   : 1816
max |ΔU|      : 1.492e-05
max |ΔU| norm  : 6.385e-04
max |Δn|      : 6.572e-05
max |Δn| norm  : 4.612e-04
max |ΔILDOS|  : 4.314e+01
last Poisson  : 13.205 s
last Quantum  : 2.811 s
-3.1812438251364555e-06 8.629176838077204e-07
Iteration counts: [0, 0, 11]

--- Iteration 11 ---
Qprime size   : 1816
max |ΔU|      : 9.095e-06
max |ΔU| norm  : 3.881e-04
max |Δn|      : 4.125e-05
max |Δn| norm  : 2.967e-04
max |ΔILDOS|  : 2.535e+01
last Poisson  : 14.640 s
last Quantum  : 2.654 s
-1.93950290378245e-06 5.265889162532923e-07
Iteration counts: [0, 0, 12]

--- Iteration 12 ---
Qprime size   : 1816
max |ΔU|      : 5.546e-06
max |ΔU| norm  : 2.370e-04
max |Δn|      : 2.814e-05
max |Δn| norm  : 1.917e-04
max |ΔILDOS|  : 1.519e+01
last Poisson  : 14.557 s
last Quantum  : 2.669 s
-1.1737415514437298e-06 3.177478828533911e-07
Iteration counts: [0, 0, 13]

--- Iteration 13 ---
Qprime size   : 1816
max |ΔU|      : 3.390e-06
max |ΔU| norm  : 1.448e-04
max |Δn|      : 1.907e-05
max |Δn| norm  : 1.247e-04
max |ΔILDOS|  : 9.087e+00
last Poisson  : 15.053 s
last Quantum  : 2.966 s
-7.137072026159642e-07 1.930757866058842e-07
Iteration counts: [0, 0, 14]

--- Iteration 14 ---
Qprime size   : 1816
max |ΔU|      : 2.130e-06
max |ΔU| norm  : 8.867e-05
max |Δn|      : 1.284e-05
max |Δn| norm  : 8.113e-05
max |ΔILDOS|  : 5.385e+00
last Poisson  : 14.694 s
last Quantum  : 2.931 s
-4.338751538930564e-07 1.1722959506385985e-07
Iteration counts: [0, 0, 15]

--- Iteration 15 ---
Qprime size   : 1816
max |ΔU|      : 1.365e-06
max |ΔU| norm  : 5.438e-05
max |Δn|      : 8.607e-06
max |Δn| norm  : 5.292e-05
max |ΔILDOS|  : 3.197e+00
last Poisson  : 14.410 s
last Quantum  : 2.874 s
-2.632200798833124e-07 7.082800076488195e-08
Iteration counts: [0, 0, 16]

--- Iteration 16 ---
Qprime size   : 1816
max |ΔU|      : 8.756e-07
max |ΔU| norm  : 3.340e-05
max |Δn|      : 5.751e-06
max |Δn| norm  : 3.461e-05
max |ΔILDOS|  : 1.903e+00
last Poisson  : 14.416 s
last Quantum  : 2.887 s
-1.5979912785663735e-07 4.279971056127805e-08
Iteration counts: [0, 0, 17]

--- Iteration 17 ---
Qprime size   : 1816
max |ΔU|      : 5.624e-07
max |ΔU| norm  : 2.054e-05
max |Δn|      : 3.820e-06
max |Δn| norm  : 2.265e-05
max |ΔILDOS|  : 1.135e+00
last Poisson  : 14.447 s
last Quantum  : 2.840 s
-9.723529861234029e-08 2.592541127109698e-08
Iteration counts: [0, 0, 18]

--- Iteration 18 ---
Qprime size   : 1816
max |ΔU|      : 3.611e-07
max |ΔU| norm  : 1.266e-05
max |Δn|      : 2.528e-06
max |Δn| norm  : 1.488e-05
max |ΔILDOS|  : 6.778e-01
last Poisson  : 14.390 s
last Quantum  : 2.802 s
-5.907979640315473e-08 1.5657271783088057e-08
Iteration counts: [0, 0, 19]

--- Iteration 19 ---
Qprime size   : 1816
max |ΔU|      : 2.324e-07
max |ΔU| norm  : 7.816e-06
max |Δn|      : 1.673e-06
max |Δn| norm  : 9.793e-06
max |ΔILDOS|  : 4.051e-01
last Poisson  : 14.373 s
last Quantum  : 3.118 s
-3.585698765988353e-08 9.433621865129926e-09
Iteration counts: [0, 0, 20]

--- Iteration 20 ---
Qprime size   : 1816
max |ΔU|      : 1.498e-07
max |ΔU| norm  : 4.835e-06
max |Δn|      : 1.105e-06
max |Δn| norm  : 6.463e-06
max |ΔILDOS|  : 2.423e-01
last Poisson  : 14.463 s
last Quantum  : 2.554 s
-2.1738556262797403e-08 5.672383345537548e-09
Iteration counts: [0, 0, 21]

--- Iteration 21 ---
Qprime size   : 1816
max |ΔU|      : 9.686e-08
max |ΔU| norm  : 2.997e-06
max |Δn|      : 7.290e-07
max |Δn| norm  : 4.275e-06
max |ΔILDOS|  : 1.449e-01
last Poisson  : 13.681 s
last Quantum  : 2.455 s
-1.316297163568272e-08 3.40244832486026e-09
Iteration counts: [0, 0, 22]

--- Iteration 22 ---
Qprime size   : 1816
max |ΔU|      : 6.280e-08
max |ΔU| norm  : 1.864e-06
max |Δn|      : 4.800e-07
max |Δn| norm  : 2.833e-06
max |ΔILDOS|  : 8.657e-02
last Poisson  : 13.758 s
last Quantum  : 2.719 s
-7.974064778216223e-09 2.0400485665371786e-09
Iteration counts: [0, 0, 23]

--- Iteration 23 ---
Qprime size   : 1816
max |ΔU|      : 4.080e-08
max |ΔU| norm  : 1.163e-06
max |Δn|      : 3.160e-07
max |Δn| norm  : 1.882e-06
max |ΔILDOS|  : 5.174e-02
last Poisson  : 13.741 s
last Quantum  : 2.822 s
-4.8323282517459825e-09 1.2226195298012407e-09
Iteration counts: [0, 0, 24]

--- Iteration 24 ---
Qprime size   : 1816
max |ΔU|      : 2.655e-08
max |ΔU| norm  : 7.283e-07
max |Δn|      : 2.080e-07
max |Δn| norm  : 1.253e-06
max |ΔILDOS|  : 3.319e-02
last Poisson  : 13.383 s
last Quantum  : 2.406 s
-2.929424346509355e-09 7.323892617083637e-10
Iteration counts: [0, 0, 25]

--- Iteration 25 ---
Qprime size   : 1816
max |ΔU|      : 1.731e-08
max |ΔU| norm  : 4.579e-07
max |Δn|      : 1.386e-07
max |Δn| norm  : 8.360e-07
max |ΔILDOS|  : 2.187e-02
last Poisson  : 13.230 s
last Quantum  : 2.454 s
-1.776590095239166e-09 4.3854980792458004e-10
Iteration counts: [0, 0, 26]

--- Iteration 26 ---
Qprime size   : 1816
max |ΔU|      : 1.131e-08
max |ΔU| norm  : 2.891e-07
max |Δn|      : 9.262e-08
max |Δn| norm  : 5.591e-07
max |ΔILDOS|  : 1.444e-02
last Poisson  : 13.324 s
last Quantum  : 2.645 s
-1.077986567228329e-09 2.625274546320013e-10
Iteration counts: [0, 0, 27]

--- Iteration 27 ---
Qprime size   : 1816
max |ΔU|      : 7.396e-09
max |ΔU| norm  : 1.834e-07
max |Δn|      : 6.222e-08
max |Δn| norm  : 3.747e-07
max |ΔILDOS|  : 9.564e-03
last Poisson  : 13.027 s
last Quantum  : 2.314 s
-6.544938055398779e-10 1.5713261259784452e-10
Iteration counts: [0, 0, 28]

--- Iteration 28 ---
Qprime size   : 1816
max |ΔU|      : 4.845e-09
max |ΔU| norm  : 1.169e-07
max |Δn|      : 4.309e-08
max |Δn| norm  : 2.517e-07
max |ΔILDOS|  : 6.350e-03
last Poisson  : 12.810 s
last Quantum  : 2.265 s
-3.976436909959982e-10 9.404621022508186e-11
Iteration counts: [0, 0, 29]

--- Iteration 29 ---
Qprime size   : 1816
max |ΔU|      : 3.177e-09
max |ΔU| norm  : 7.490e-08
max |Δn|      : 2.986e-08
max |Δn| norm  : 1.695e-07
max |ΔILDOS|  : 4.645e-03
last Poisson  : 12.872 s
last Quantum  : 2.274 s
-2.4177820371084163e-10 5.6294032332243764e-11
Iteration counts: [0, 0, 30]

--- Iteration 30 ---
Qprime size   : 1816
max |ΔU|      : 2.086e-09
max |ΔU| norm  : 4.825e-08
max |Δn|      : 2.070e-08
max |Δn| norm  : 1.143e-07
max |ΔILDOS|  : 3.380e-03
last Poisson  : 12.301 s
last Quantum  : 2.526 s
-1.4713123149784613e-10 3.3704800205442424e-11
FSC converged / stopped.
✔ Logged phi=0.0889, Vbg=2.5000

=== Running phi=0.0933, Vbg=1.0000 ===
🔄 Full Hamiltonian rebuild (qparams change)
The poisson problem has been initialized.
Iteration counts: [0, 0, 0]

--- Iteration 0 ---
Qprime size   : 1804
max |ΔU|      : 4.119e-14
max |ΔU| norm  : 6.368e-13
max |Δn|      : 9.659e-14
max |Δn| norm  : 6.961e-13
-0.00189353794981819 0.0007538640879658291
Iteration counts: [0, 0, 1]

--- Iteration 1 ---
Qprime size   : 1804
max |ΔU|      : 2.016e-03
max |ΔU| norm  : 1.672e-01
max |Δn|      : 6.353e-03
max |Δn| norm  : 5.924e-02
max |ΔILDOS|  : 4.068e+02
last Poisson  : 12.299 s
last Quantum  : 2.901 s
-0.0013395006715637436 0.0005118382005230432
Iteration counts: [0, 1, 1]

--- Iteration 2 ---
Qprime size   : 1804
max |ΔU|      : 1.709e-03
max |ΔU| norm  : 1.208e-01
max |Δn|      : 4.175e-03
max |Δn| norm  : 4.278e-02
max |ΔILDOS|  : 4.068e+02
last Poisson  : 12.421 s
last Quantum  : 2.901 s
-0.0010708182157761678 0.000409475693702222
Iteration counts: [0, 2, 1]

--- Iteration 3 ---
Qprime size   : 1804
max |ΔU|      : 1.360e-03
max |ΔU| norm  : 9.664e-02
max |Δn|      : 3.309e-03
max |Δn| norm  : 3.379e-02
max |ΔILDOS|  : 4.068e+02
last Poisson  : 12.300 s
last Quantum  : 2.901 s
-0.0008559823060437091 0.0003275426812404733
Iteration counts: [0, 3, 1]

--- Iteration 4 ---
Qprime size   : 1804
max |ΔU|      : 1.084e-03
max |ΔU| norm  : 7.729e-02
max |Δn|      : 2.623e-03
max |Δn| norm  : 2.676e-02
max |ΔILDOS|  : 4.068e+02
last Poisson  : 12.287 s
last Quantum  : 2.901 s
-0.0006843739380152288 0.0002620606879723263
Iteration counts: [0, 3, 2]

--- Iteration 5 ---
Qprime size   : 1804
max |ΔU|      : 8.655e-04
max |ΔU| norm  : 6.182e-02
max |Δn|      : 2.079e-03
max |Δn| norm  : 2.127e-02
max |ΔILDOS|  : 4.229e+02
last Poisson  : 12.292 s
last Quantum  : 2.454 s
0.0002730205674166428 -0.00010148404845252474
Iteration counts: [0, 3, 3]

--- Iteration 6 ---
Qprime size   : 1804
max |ΔU|      : 3.874e-04
max |ΔU| norm  : 2.395e-02
max |Δn|      : 3.069e-03
max |Δn| norm  : 2.812e-02
max |ΔILDOS|  : 4.165e+02
last Poisson  : 12.392 s
last Quantum  : 2.676 s
0.000159096320018743 -5.961457473102403e-05
Iteration counts: [0, 3, 4]

--- Iteration 7 ---
Qprime size   : 1804
max |ΔU|      : 2.449e-04
max |ΔU| norm  : 1.406e-02
max |Δn|      : 2.696e-03
max |Δn| norm  : 1.501e-02
max |ΔILDOS|  : 3.110e+02
last Poisson  : 12.455 s
last Quantum  : 2.832 s
9.034413538164731e-05 -3.413508121560686e-05
Iteration counts: [0, 3, 5]

--- Iteration 8 ---
Qprime size   : 1804
max |ΔU|      : 1.370e-04
max |ΔU| norm  : 8.057e-03
max |Δn|      : 1.594e-03
max |Δn| norm  : 1.067e-02
max |ΔILDOS|  : 1.854e+02
last Poisson  : 12.448 s
last Quantum  : 2.604 s
5.3510021890417146e-05 -2.0274129903714622e-05
Iteration counts: [0, 3, 6]

--- Iteration 9 ---
Qprime size   : 1804
max |ΔU|      : 1.255e-04
max |ΔU| norm  : 4.827e-03
max |Δn|      : 2.067e-03
max |Δn| norm  : 1.120e-02
max |ΔILDOS|  : 1.380e+02
last Poisson  : 12.449 s
last Quantum  : 2.496 s
3.0291939317331987e-05 -1.1617490863094247e-05
Iteration counts: [0, 3, 7]

--- Iteration 10 ---
Qprime size   : 1804
max |ΔU|      : 7.287e-05
max |ΔU| norm  : 2.760e-03
max |Δn|      : 1.789e-03
max |Δn| norm  : 1.027e-02
max |ΔILDOS|  : 6.762e+01
last Poisson  : 12.447 s
last Quantum  : 2.571 s
2.0176304897706015e-05 -7.577300373190959e-06
Iteration counts: [0, 3, 8]

--- Iteration 11 ---
Qprime size   : 1804
max |ΔU|      : 9.184e-05
max |ΔU| norm  : 1.881e-03
max |Δn|      : 1.856e-03
max |Δn| norm  : 1.118e-02
max |ΔILDOS|  : 6.097e+01
last Poisson  : 12.443 s
last Quantum  : 2.743 s
1.160297031183386e-05 -4.400700488863763e-06
Iteration counts: [0, 3, 9]

--- Iteration 12 ---
Qprime size   : 1804
max |ΔU|      : 6.967e-05
max |ΔU| norm  : 1.107e-03
max |Δn|      : 1.881e-03
max |Δn| norm  : 1.079e-02
max |ΔILDOS|  : 3.267e+01
last Poisson  : 12.397 s
last Quantum  : 2.769 s
6.789196376456689e-06 -2.5523623661109003e-06
Iteration counts: [0, 3, 10]

--- Iteration 13 ---
Qprime size   : 1804
max |ΔU|      : 6.475e-05
max |ΔU| norm  : 7.653e-04
max |Δn|      : 1.915e-03
max |Δn| norm  : 1.102e-02
max |ΔILDOS|  : 3.548e+01
last Poisson  : 12.482 s
last Quantum  : 2.559 s
3.982195812522074e-06 -1.5178755440735372e-06
Iteration counts: [0, 3, 11]

--- Iteration 14 ---
Qprime size   : 1804
max |ΔU|      : 9.568e-05
max |ΔU| norm  : 6.328e-04
max |Δn|      : 1.670e-03
max |Δn| norm  : 1.066e-02
max |ΔILDOS|  : 3.726e+01
last Poisson  : 12.543 s
last Quantum  : 2.617 s
2.4216485610505777e-06 -8.981210447934334e-07
Iteration counts: [0, 3, 12]

--- Iteration 15 ---
Qprime size   : 1804
max |ΔU|      : 8.296e-05
max |ΔU| norm  : 6.023e-04
max |Δn|      : 1.914e-03
max |Δn| norm  : 1.022e-02
max |ΔILDOS|  : 4.382e+01
last Poisson  : 12.459 s
last Quantum  : 2.523 s
8.808318076272541e-07 -3.9460433650954554e-07
Iteration counts: [0, 3, 13]

--- Iteration 16 ---
Qprime size   : 1804
max |ΔU|      : 6.054e-05
max |ΔU| norm  : 4.594e-04
max |Δn|      : 1.829e-03
max |Δn| norm  : 1.072e-02
max |ΔILDOS|  : 2.579e+01
last Poisson  : 12.498 s
last Quantum  : 2.522 s
2.1592897412355787e-06 -7.060486268872109e-07
Iteration counts: [0, 3, 14]

--- Iteration 17 ---
Qprime size   : 1804
max |ΔU|      : 6.662e-05
max |ΔU| norm  : 5.114e-04
max |Δn|      : 2.194e-03
max |Δn| norm  : 1.136e-02
max |ΔILDOS|  : 3.285e+01
last Poisson  : 12.502 s
last Quantum  : 2.536 s
-2.820705798738219e-07 6.171990302694804e-08
Iteration counts: [0, 3, 15]

--- Iteration 18 ---
Qprime size   : 1804
max |ΔU|      : 9.412e-05
max |ΔU| norm  : 4.880e-04
max |Δn|      : 1.778e-03
max |Δn| norm  : 1.125e-02
max |ΔILDOS|  : 3.973e+01
last Poisson  : 12.526 s
last Quantum  : 2.564 s
1.9188734944970075e-07 -6.392545826756566e-08
Iteration counts: [0, 3, 16]

--- Iteration 19 ---
Qprime size   : 1804
max |ΔU|      : 7.579e-05
max |ΔU| norm  : 4.927e-04
max |Δn|      : 1.697e-03
max |Δn| norm  : 1.049e-02
max |ΔILDOS|  : 3.875e+01
last Poisson  : 12.480 s
last Quantum  : 2.757 s
7.955043997589193e-07 -2.694471558642038e-07
Iteration counts: [0, 3, 17]

--- Iteration 20 ---
Qprime size   : 1804
max |ΔU|      : 6.177e-05
max |ΔU| norm  : 4.854e-04
max |Δn|      : 1.867e-03
max |Δn| norm  : 1.087e-02
max |ΔILDOS|  : 3.206e+01
last Poisson  : 12.515 s
last Quantum  : 2.725 s
4.013043546780293e-07 -1.2465821542294527e-07
Iteration counts: [0, 3, 18]

--- Iteration 21 ---
Qprime size   : 1804
max |ΔU|      : 6.216e-05
max |ΔU| norm  : 4.643e-04
max |Δn|      : 1.820e-03
max |Δn| norm  : 1.092e-02
max |ΔILDOS|  : 2.926e+01
last Poisson  : 12.523 s
last Quantum  : 2.523 s
-1.1483235953173297e-06 3.4812848604460417e-07
Iteration counts: [0, 3, 19]

--- Iteration 22 ---
Qprime size   : 1804
max |ΔU|      : 9.364e-05
max |ΔU| norm  : 5.273e-04
max |Δn|      : 1.956e-03
max |Δn| norm  : 1.083e-02
max |ΔILDOS|  : 3.880e+01
last Poisson  : 12.500 s
last Quantum  : 2.471 s
8.160093148832941e-07 -2.347527241832847e-07
Iteration counts: [0, 3, 20]

--- Iteration 23 ---
Qprime size   : 1804
max |ΔU|      : 7.971e-05
max |ΔU| norm  : 4.898e-04
max |Δn|      : 2.153e-03
max |Δn| norm  : 1.072e-02
max |ΔILDOS|  : 4.059e+01
last Poisson  : 12.473 s
last Quantum  : 2.694 s
-6.519065572412803e-08 -7.539751955619403e-09
Iteration counts: [0, 3, 21]

--- Iteration 24 ---
Qprime size   : 1804
max |ΔU|      : 6.777e-05
max |ΔU| norm  : 5.026e-04
max |Δn|      : 1.520e-03
max |Δn| norm  : 1.094e-02
max |ΔILDOS|  : 2.979e+01
last Poisson  : 12.484 s
last Quantum  : 2.552 s
6.445622930987875e-08 -1.0645006446717405e-08
Iteration counts: [0, 3, 22]

--- Iteration 25 ---
Qprime size   : 1804
max |ΔU|      : 6.711e-05
max |ΔU| norm  : 5.126e-04
max |Δn|      : 1.916e-03
max |Δn| norm  : 1.079e-02
max |ΔILDOS|  : 3.161e+01
last Poisson  : 12.460 s
last Quantum  : 2.601 s
2.3763959445932602e-08 -3.5764086285922465e-09
Iteration counts: [0, 3, 23]

--- Iteration 26 ---
Qprime size   : 1804
max |ΔU|      : 9.215e-05
max |ΔU| norm  : 5.137e-04
max |Δn|      : 1.732e-03
max |Δn| norm  : 1.103e-02
max |ΔILDOS|  : 3.914e+01
last Poisson  : 12.527 s
last Quantum  : 2.494 s
-3.379911358428117e-07 1.1539221033969805e-07
Iteration counts: [0, 3, 24]

--- Iteration 27 ---
Qprime size   : 1804
max |ΔU|      : 7.453e-05
max |ΔU| norm  : 4.760e-04
max |Δn|      : 1.974e-03
max |Δn| norm  : 1.052e-02
max |ΔILDOS|  : 3.777e+01
last Poisson  : 12.491 s
last Quantum  : 2.677 s
-4.223500782590405e-07 1.2096554622179078e-07
Iteration counts: [0, 3, 25]

--- Iteration 28 ---
Qprime size   : 1804
max |ΔU|      : 6.497e-05
max |ΔU| norm  : 4.651e-04
max |Δn|      : 1.759e-03
max |Δn| norm  : 1.065e-02
max |ΔILDOS|  : 2.969e+01
last Poisson  : 12.498 s
last Quantum  : 2.584 s
8.799343390712456e-07 -2.539605285559606e-07
Iteration counts: [0, 3, 26]

--- Iteration 29 ---
Qprime size   : 1804
max |ΔU|      : 6.320e-05
max |ΔU| norm  : 4.862e-04
max |Δn|      : 1.658e-03
max |Δn| norm  : 1.110e-02
max |ΔILDOS|  : 3.129e+01
last Poisson  : 12.467 s
last Quantum  : 2.502 s
-5.202107457305408e-08 -1.3800461403816487e-08
Iteration counts: [0, 3, 27]

--- Iteration 30 ---
Qprime size   : 1804
max |ΔU|      : 6.927e-05
max |ΔU| norm  : 4.485e-04
max |Δn|      : 1.977e-03
max |Δn| norm  : 1.131e-02
max |ΔILDOS|  : 3.001e+01
last Poisson  : 12.499 s
last Quantum  : 2.465 s
-4.3235316102691787e-07 1.660137670033787e-07
FSC converged / stopped.
✔ Logged phi=0.0933, Vbg=1.0000

=== Running phi=0.0933, Vbg=1.1667 ===
🔄 Full Hamiltonian rebuild (qparams change)
The poisson problem has been initialized.
Iteration counts: [0, 0, 0]

--- Iteration 0 ---
Qprime size   : 1804
-0.0007369585767492542 0.0002611627424098519
Iteration counts: [0, 1, 0]

--- Iteration 1 ---
Qprime size   : 1804
max |ΔU|      : 1.005e-03
max |ΔU| norm  : 6.735e-02
max |Δn|      : 4.491e-03
max |Δn| norm  : 3.522e-02
last Poisson  : 13.490 s
-0.0005892245275644237 0.00020919049161213153
Iteration counts: [0, 2, 0]

--- Iteration 2 ---
Qprime size   : 1804
max |ΔU|      : 8.033e-04
max |ΔU| norm  : 5.388e-02
max |Δn|      : 3.488e-03
max |Δn| norm  : 2.823e-02
last Poisson  : 12.359 s
-0.00047207489899203756 0.00016784488611713196
Iteration counts: [0, 2, 1]

--- Iteration 3 ---
Qprime size   : 1804
max |ΔU|      : 6.441e-04
max |ΔU| norm  : 4.318e-02
max |Δn|      : 2.712e-03
max |Δn| norm  : 2.292e-02
max |ΔILDOS|  : 4.733e+02
last Poisson  : 13.526 s
last Quantum  : 2.313 s
-0.0010555836418445878 0.0004093465263185402
Iteration counts: [0, 2, 2]

--- Iteration 4 ---
Qprime size   : 1804
max |ΔU|      : 1.315e-03
max |ΔU| norm  : 9.462e-02
max |Δn|      : 3.198e-03
max |Δn| norm  : 4.297e-02
max |ΔILDOS|  : 4.926e+02
last Poisson  : 13.883 s
last Quantum  : 2.331 s
-0.000632045028849182 0.00024478215366064636
Iteration counts: [0, 3, 2]

--- Iteration 5 ---
Qprime size   : 1804
max |ΔU|      : 7.558e-04
max |ΔU| norm  : 5.672e-02
max |Δn|      : 3.124e-03
max |Δn| norm  : 3.022e-02
max |ΔILDOS|  : 4.926e+02
last Poisson  : 14.040 s
last Quantum  : 2.331 s
-0.0005067340850024904 0.00019622394658017946
Iteration counts: [0, 4, 2]

--- Iteration 6 ---
Qprime size   : 1804
max |ΔU|      : 6.044e-04
max |ΔU| norm  : 4.548e-02
max |Δn|      : 2.222e-03
max |Δn| norm  : 1.985e-02
max |ΔILDOS|  : 4.926e+02
last Poisson  : 14.055 s
last Quantum  : 2.331 s
-0.0004058619577565881 0.0001571721039418209
Iteration counts: [0, 4, 3]

--- Iteration 7 ---
Qprime size   : 1804
max |ΔU|      : 4.969e-04
max |ΔU| norm  : 3.642e-02
max |Δn|      : 1.775e-03
max |Δn| norm  : 1.519e-02
max |ΔILDOS|  : 5.199e+02
last Poisson  : 13.927 s
last Quantum  : 2.703 s
-1.1899874177787355e-05 4.798284282552377e-06
Iteration counts: [0, 4, 4]

--- Iteration 8 ---
Qprime size   : 1804
max |ΔU|      : 1.459e-04
max |ΔU| norm  : 2.554e-03
max |Δn|      : 3.700e-03
max |Δn| norm  : 2.944e-02
max |ΔILDOS|  : 1.508e+02
last Poisson  : 13.778 s
last Quantum  : 2.479 s
9.248497058730411e-07 5.651100860667393e-07
Iteration counts: [0, 4, 5]

--- Iteration 9 ---
Qprime size   : 1804
max |ΔU|      : 1.088e-04
max |ΔU| norm  : 1.318e-03
max |Δn|      : 2.679e-03
max |Δn| norm  : 1.592e-02
max |ΔILDOS|  : 9.092e+01
last Poisson  : 12.998 s
last Quantum  : 2.257 s
-9.399028181945156e-06 3.2691209448825252e-06
Iteration counts: [0, 4, 6]

--- Iteration 10 ---
Qprime size   : 1804
max |ΔU|      : 9.270e-05
max |ΔU| norm  : 1.134e-03
max |Δn|      : 2.685e-03
max |Δn| norm  : 1.818e-02
max |ΔILDOS|  : 6.495e+01
last Poisson  : 13.081 s
last Quantum  : 2.249 s
-2.2071023988867046e-06 9.584227422138103e-07
Iteration counts: [0, 4, 7]

--- Iteration 11 ---
Qprime size   : 1804
max |ΔU|      : 8.804e-05
max |ΔU| norm  : 8.109e-04
max |Δn|      : 2.669e-03
max |Δn| norm  : 1.901e-02
max |ΔILDOS|  : 5.938e+01
last Poisson  : 13.174 s
last Quantum  : 2.308 s
-5.2651346414733775e-06 1.766312422994659e-06
Iteration counts: [0, 4, 8]

--- Iteration 12 ---
Qprime size   : 1804
max |ΔU|      : 8.649e-05
max |ΔU| norm  : 8.685e-04
max |Δn|      : 2.508e-03
max |Δn| norm  : 1.794e-02
max |ΔILDOS|  : 5.570e+01
last Poisson  : 13.393 s
last Quantum  : 2.984 s
-5.86136058788424e-07 2.9194097500580074e-07
Iteration counts: [0, 4, 9]

--- Iteration 13 ---
Qprime size   : 1804
max |ΔU|      : 1.028e-04
max |ΔU| norm  : 8.532e-04
max |Δn|      : 2.572e-03
max |Δn| norm  : 2.034e-02
max |ΔILDOS|  : 7.054e+01
last Poisson  : 14.381 s
last Quantum  : 2.434 s
-2.8017427364629207e-06 9.059532215340848e-07
Iteration counts: [0, 4, 10]

--- Iteration 14 ---
Qprime size   : 1804
max |ΔU|      : 8.750e-05
max |ΔU| norm  : 8.185e-04
max |Δn|      : 2.582e-03
max |Δn| norm  : 1.996e-02
max |ΔILDOS|  : 6.208e+01
last Poisson  : 14.821 s
last Quantum  : 2.576 s
1.5924071383480211e-06 -4.3325441925018927e-07
Iteration counts: [0, 4, 11]

--- Iteration 15 ---
Qprime size   : 1804
max |ΔU|      : 8.026e-05
max |ΔU| norm  : 7.333e-04
max |Δn|      : 2.556e-03
max |Δn| norm  : 1.899e-02
max |ΔILDOS|  : 5.094e+01
last Poisson  : 14.805 s
last Quantum  : 2.386 s
-4.091893190104269e-06 1.25509115371142e-06
Iteration counts: [0, 4, 12]

--- Iteration 16 ---
Qprime size   : 1804
max |ΔU|      : 1.043e-04
max |ΔU| norm  : 9.462e-04
max |Δn|      : 2.592e-03
max |Δn| norm  : 1.963e-02
max |ΔILDOS|  : 6.851e+01
last Poisson  : 14.147 s
last Quantum  : 2.950 s
1.623170173243276e-06 -4.6433050019665176e-07
Iteration counts: [0, 4, 13]

--- Iteration 17 ---
Qprime size   : 1804
max |ΔU|      : 9.455e-05
max |ΔU| norm  : 7.776e-04
max |Δn|      : 2.670e-03
max |Δn| norm  : 1.863e-02
max |ΔILDOS|  : 6.815e+01
last Poisson  : 14.007 s
last Quantum  : 2.933 s
-7.454883352506404e-07 2.2646229791732712e-07
Iteration counts: [0, 4, 14]

--- Iteration 18 ---
Qprime size   : 1804
max |ΔU|      : 7.926e-05
max |ΔU| norm  : 7.118e-04
max |Δn|      : 2.536e-03
max |Δn| norm  : 1.845e-02
max |ΔILDOS|  : 6.334e+01
last Poisson  : 14.225 s
last Quantum  : 2.464 s
3.0833822760932326e-06 -9.350850327412882e-07
Iteration counts: [0, 4, 15]

--- Iteration 19 ---
Qprime size   : 1804
max |ΔU|      : 9.679e-05
max |ΔU| norm  : 9.252e-04
max |Δn|      : 2.708e-03
max |Δn| norm  : 2.030e-02
max |ΔILDOS|  : 7.066e+01
last Poisson  : 14.073 s
last Quantum  : 2.489 s
-3.886884622616436e-06 1.1570139752465246e-06
Iteration counts: [0, 4, 16]

--- Iteration 20 ---
Qprime size   : 1804
max |ΔU|      : 9.559e-05
max |ΔU| norm  : 8.533e-04
max |Δn|      : 2.536e-03
max |Δn| norm  : 1.954e-02
max |ΔILDOS|  : 6.889e+01
last Poisson  : 14.239 s
last Quantum  : 2.694 s
2.970797129774461e-06 -8.7231842611468e-07
Iteration counts: [0, 4, 17]

--- Iteration 21 ---
Qprime size   : 1804
max |ΔU|      : 8.741e-05
max |ΔU| norm  : 8.396e-04
max |Δn|      : 2.450e-03
max |Δn| norm  : 1.824e-02
max |ΔILDOS|  : 6.800e+01
last Poisson  : 14.110 s
last Quantum  : 2.943 s
-2.8108072709102696e-06 8.481061649136166e-07
Iteration counts: [0, 4, 18]

--- Iteration 22 ---
Qprime size   : 1804
max |ΔU|      : 8.783e-05
max |ΔU| norm  : 8.869e-04
max |Δn|      : 2.688e-03
max |Δn| norm  : 1.841e-02
max |ΔILDOS|  : 6.690e+01
last Poisson  : 14.025 s
last Quantum  : 3.011 s
1.160290521241925e-06 -3.6249421594627207e-07
Iteration counts: [0, 4, 19]

--- Iteration 23 ---
Qprime size   : 1804
max |ΔU|      : 8.138e-05
max |ΔU| norm  : 7.971e-04
max |Δn|      : 2.533e-03
max |Δn| norm  : 1.940e-02
max |ΔILDOS|  : 7.380e+01
last Poisson  : 13.884 s
last Quantum  : 2.689 s
-1.5652638808285224e-06 4.742664035498221e-07
Iteration counts: [0, 4, 20]

--- Iteration 24 ---
Qprime size   : 1804
max |ΔU|      : 8.803e-05
max |ΔU| norm  : 8.326e-04
max |Δn|      : 2.649e-03
max |Δn| norm  : 1.932e-02
max |ΔILDOS|  : 5.956e+01
last Poisson  : 13.911 s
last Quantum  : 2.861 s
1.2622052643635554e-06 -3.769406429084732e-07
Iteration counts: [0, 4, 21]

--- Iteration 25 ---
Qprime size   : 1804
max |ΔU|      : 9.273e-05
max |ΔU| norm  : 7.717e-04
max |Δn|      : 2.460e-03
max |Δn| norm  : 1.923e-02
max |ΔILDOS|  : 7.412e+01
last Poisson  : 13.867 s
last Quantum  : 2.801 s
-2.5630591328427343e-06 7.687514802000744e-07
Iteration counts: [0, 4, 22]

--- Iteration 26 ---
Qprime size   : 1804
max |ΔU|      : 8.822e-05
max |ΔU| norm  : 8.307e-04
max |Δn|      : 2.670e-03
max |Δn| norm  : 1.848e-02
max |ΔILDOS|  : 6.424e+01
last Poisson  : 13.969 s
last Quantum  : 2.742 s
4.567990787532375e-06 -1.3552775856469353e-06
Iteration counts: [0, 4, 23]

--- Iteration 27 ---
Qprime size   : 1804
max |ΔU|      : 9.132e-05
max |ΔU| norm  : 8.861e-04
max |Δn|      : 2.457e-03
max |Δn| norm  : 1.809e-02
max |ΔILDOS|  : 6.424e+01
last Poisson  : 14.064 s
last Quantum  : 2.618 s
-1.9614044706833988e-06 5.738545379006087e-07
Iteration counts: [0, 4, 24]

--- Iteration 28 ---
Qprime size   : 1804
max |ΔU|      : 8.695e-05
max |ΔU| norm  : 8.637e-04
max |Δn|      : 2.668e-03
max |Δn| norm  : 2.014e-02
max |ΔILDOS|  : 6.863e+01
last Poisson  : 14.058 s
last Quantum  : 2.710 s
1.587518516525564e-07 -5.295615394836023e-08
Iteration counts: [0, 4, 25]

--- Iteration 29 ---
Qprime size   : 1804
max |ΔU|      : 8.683e-05
max |ΔU| norm  : 7.129e-04
max |Δn|      : 2.561e-03
max |Δn| norm  : 1.957e-02
max |ΔILDOS|  : 6.535e+01
last Poisson  : 14.020 s
last Quantum  : 2.772 s
-9.682314437030222e-07 2.912141526601724e-07
Iteration counts: [0, 4, 26]

--- Iteration 30 ---
Qprime size   : 1804
max |ΔU|      : 1.179e-04
max |ΔU| norm  : 8.382e-04
max |Δn|      : 2.776e-03
max |Δn| norm  : 1.822e-02
max |ΔILDOS|  : 8.573e+01
last Poisson  : 14.104 s
last Quantum  : 2.674 s
9.083307178544101e-07 -2.7897851180120293e-07
FSC converged / stopped.
✔ Logged phi=0.0933, Vbg=1.1667

=== Running phi=0.0933, Vbg=1.3333 ===
🔄 Full Hamiltonian rebuild (qparams change)
The poisson problem has been initialized.
Iteration counts: [0, 0, 0]

--- Iteration 0 ---
Qprime size   : 1798
max |ΔU|      : 3.486e-14
max |ΔU| norm  : 9.900e-13
max |Δn|      : 1.477e-13
max |Δn| norm  : 8.859e-13
-0.0006138853620252942 0.00021283719891640617
Iteration counts: [0, 0, 1]

--- Iteration 1 ---
Qprime size   : 1798
max |ΔU|      : 9.230e-04
max |ΔU| norm  : 5.684e-02
max |Δn|      : 5.773e-03
max |Δn| norm  : 3.357e-02
max |ΔILDOS|  : 5.424e+02
last Poisson  : 14.144 s
last Quantum  : 2.951 s
-0.0012579559250079319 0.00046357940334746934
Iteration counts: [0, 1, 1]

--- Iteration 2 ---
Qprime size   : 1798
max |ΔU|      : 1.689e-03
max |ΔU| norm  : 1.132e-01
max |Δn|      : 5.508e-03
max |Δn| norm  : 5.195e-02
max |ΔILDOS|  : 5.424e+02
last Poisson  : 14.290 s
last Quantum  : 2.951 s
-0.0010031639433547763 0.00037024720422642937
Iteration counts: [0, 2, 1]

--- Iteration 3 ---
Qprime size   : 1798
max |ΔU|      : 1.346e-03
max |ΔU| norm  : 9.031e-02
max |Δn|      : 4.291e-03
max |Δn| norm  : 4.042e-02
max |ΔILDOS|  : 5.424e+02
last Poisson  : 14.136 s
last Quantum  : 2.951 s
-0.0008007937981338084 0.0002959285008194104
Iteration counts: [0, 3, 1]

--- Iteration 4 ---
Qprime size   : 1798
max |ΔU|      : 1.076e-03
max |ΔU| norm  : 7.218e-02
max |Δn|      : 3.345e-03
max |Δn| norm  : 3.148e-02
max |ΔILDOS|  : 5.424e+02
last Poisson  : 14.066 s
last Quantum  : 2.951 s
-0.0006390936362115963 0.0002364998292662272
Iteration counts: [0, 4, 1]

--- Iteration 5 ---
Qprime size   : 1798
max |ΔU|      : 8.549e-04
max |ΔU| norm  : 5.763e-02
max |Δn|      : 2.609e-03
max |Δn| norm  : 2.515e-02
max |ΔILDOS|  : 5.424e+02
last Poisson  : 14.029 s
last Quantum  : 2.951 s
-0.0005125747203899327 0.00018975991102739917
Iteration counts: [0, 4, 2]

--- Iteration 6 ---
Qprime size   : 1798
max |ΔU|      : 6.920e-04
max |ΔU| norm  : 4.625e-02
max |Δn|      : 2.037e-03
max |Δn| norm  : 2.027e-02
max |ΔILDOS|  : 6.883e+02
last Poisson  : 14.068 s
last Quantum  : 2.977 s
0.0004281586700551533 -0.0001577537325636464
Iteration counts: [0, 4, 3]

--- Iteration 7 ---
Qprime size   : 1798
max |ΔU|      : 6.161e-04
max |ΔU| norm  : 3.845e-02
max |Δn|      : 3.274e-03
max |Δn| norm  : 3.721e-02
max |ΔILDOS|  : 5.038e+02
last Poisson  : 14.359 s
last Quantum  : 2.845 s
0.0002595424864566793 -9.559748482670703e-05
Iteration counts: [0, 5, 3]

--- Iteration 8 ---
Qprime size   : 1798
max |ΔU|      : 3.657e-04
max |ΔU| norm  : 2.326e-02
max |Δn|      : 2.619e-03
max |Δn| norm  : 1.990e-02
max |ΔILDOS|  : 5.038e+02
last Poisson  : 14.369 s
last Quantum  : 2.845 s
0.00020798430519624112 -7.664930850456643e-05
Iteration counts: [0, 5, 4]

--- Iteration 9 ---
Qprime size   : 1798
max |ΔU|      : 2.929e-04
max |ΔU| norm  : 1.865e-02
max |Δn|      : 2.121e-03
max |Δn| norm  : 1.527e-02
max |ΔILDOS|  : 4.636e+02
last Poisson  : 14.086 s
last Quantum  : 2.895 s
6.790238933624276e-05 -2.5179854472428632e-05
Iteration counts: [0, 5, 5]

--- Iteration 10 ---
Qprime size   : 1798
max |ΔU|      : 1.441e-04
max |ΔU| norm  : 6.245e-03
max |Δn|      : 2.276e-03
max |Δn| norm  : 1.454e-02
max |ΔILDOS|  : 1.710e+02
last Poisson  : 14.394 s
last Quantum  : 2.943 s
4.439529262720514e-05 -1.6204404334726578e-05
Iteration counts: [0, 5, 6]

--- Iteration 11 ---
Qprime size   : 1798
max |ΔU|      : 1.050e-04
max |ΔU| norm  : 4.061e-03
max |Δn|      : 2.402e-03
max |Δn| norm  : 1.127e-02
max |ΔILDOS|  : 1.099e+02
last Poisson  : 14.453 s
last Quantum  : 2.994 s
2.94653370352457e-05 -1.0614769214420274e-05
Iteration counts: [0, 5, 7]

--- Iteration 12 ---
Qprime size   : 1798
max |ΔU|      : 1.079e-04
max |ΔU| norm  : 2.732e-03
max |Δn|      : 2.564e-03
max |Δn| norm  : 1.230e-02
max |ΔILDOS|  : 7.900e+01
last Poisson  : 14.319 s
last Quantum  : 2.958 s
1.3298540503416539e-05 -4.981439501963944e-06
Iteration counts: [0, 5, 8]

--- Iteration 13 ---
Qprime size   : 1798
max |ΔU|      : 8.594e-05
max |ΔU| norm  : 1.396e-03
max |Δn|      : 2.070e-03
max |Δn| norm  : 1.176e-02
max |ΔILDOS|  : 5.331e+01
last Poisson  : 14.476 s
last Quantum  : 2.998 s
8.451317974646587e-06 -3.135821111709629e-06
Iteration counts: [0, 5, 9]

--- Iteration 14 ---
Qprime size   : 1798
max |ΔU|      : 7.863e-05
max |ΔU| norm  : 9.665e-04
max |Δn|      : 2.456e-03
max |Δn| norm  : 1.259e-02
max |ΔILDOS|  : 4.509e+01
last Poisson  : 14.478 s
last Quantum  : 2.931 s
6.414656269204524e-06 -2.219576473612826e-06
Iteration counts: [0, 5, 10]

--- Iteration 15 ---
Qprime size   : 1798
max |ΔU|      : 8.152e-05
max |ΔU| norm  : 7.928e-04
max |Δn|      : 2.541e-03
max |Δn| norm  : 1.159e-02
max |ΔILDOS|  : 3.848e+01
last Poisson  : 14.619 s
last Quantum  : 2.592 s
3.791694462627176e-06 -1.3881605366939507e-06
Iteration counts: [0, 5, 11]

--- Iteration 16 ---
Qprime size   : 1798
max |ΔU|      : 8.963e-05
max |ΔU| norm  : 6.942e-04
max |Δn|      : 2.415e-03
max |Δn| norm  : 1.196e-02
max |ΔILDOS|  : 5.598e+01
last Poisson  : 14.344 s
last Quantum  : 2.560 s
6.151091294338086e-07 -2.3014017323090527e-07
Iteration counts: [0, 5, 12]

--- Iteration 17 ---
Qprime size   : 1798
max |ΔU|      : 7.979e-05
max |ΔU| norm  : 5.685e-04
max |Δn|      : 2.478e-03
max |Δn| norm  : 1.173e-02
max |ΔILDOS|  : 4.236e+01
last Poisson  : 14.273 s
last Quantum  : 2.382 s
1.57812472321147e-06 -5.683611506821455e-07
Iteration counts: [0, 5, 13]

--- Iteration 18 ---
Qprime size   : 1798
max |ΔU|      : 6.987e-05
max |ΔU| norm  : 5.620e-04
max |Δn|      : 2.413e-03
max |Δn| norm  : 1.290e-02
max |ΔILDOS|  : 3.868e+01
last Poisson  : 14.275 s
last Quantum  : 2.353 s
1.568772783663935e-07 -3.457466197016288e-08
Iteration counts: [0, 5, 14]

--- Iteration 19 ---
Qprime size   : 1798
max |ΔU|      : 7.618e-05
max |ΔU| norm  : 5.094e-04
max |Δn|      : 2.494e-03
max |Δn| norm  : 1.285e-02
max |ΔILDOS|  : 4.244e+01
last Poisson  : 14.302 s
last Quantum  : 2.340 s
2.687330316665254e-06 -8.765540919060731e-07
Iteration counts: [0, 5, 15]

--- Iteration 20 ---
Qprime size   : 1798
max |ΔU|      : 8.019e-05
max |ΔU| norm  : 6.580e-04
max |Δn|      : 2.420e-03
max |Δn| norm  : 1.118e-02
max |ΔILDOS|  : 4.446e+01
last Poisson  : 14.427 s
last Quantum  : 2.377 s
-1.2705541517457367e-07 6.64253447382029e-08
Iteration counts: [0, 5, 16]

--- Iteration 21 ---
Qprime size   : 1798
max |ΔU|      : 7.633e-05
max |ΔU| norm  : 5.768e-04
max |Δn|      : 2.309e-03
max |Δn| norm  : 1.119e-02
max |ΔILDOS|  : 4.119e+01
last Poisson  : 14.581 s
last Quantum  : 2.371 s
-2.1286726278073625e-06 6.054440634051181e-07
Iteration counts: [0, 5, 17]

--- Iteration 22 ---
Qprime size   : 1798
max |ΔU|      : 8.133e-05
max |ΔU| norm  : 6.513e-04
max |Δn|      : 2.481e-03
max |Δn| norm  : 1.306e-02
max |ΔILDOS|  : 5.260e+01
last Poisson  : 14.460 s
last Quantum  : 2.400 s
-3.0547531619000012e-09 5.8164840736317205e-08
Iteration counts: [0, 5, 18]

--- Iteration 23 ---
Qprime size   : 1798
max |ΔU|      : 6.070e-05
max |ΔU| norm  : 5.017e-04
max |Δn|      : 2.303e-03
max |Δn| norm  : 1.212e-02
max |ΔILDOS|  : 4.114e+01
last Poisson  : 14.536 s
last Quantum  : 2.419 s
2.916724955662483e-06 -9.375358073023247e-07
Iteration counts: [0, 5, 19]

--- Iteration 24 ---
Qprime size   : 1798
max |ΔU|      : 7.432e-05
max |ΔU| norm  : 6.536e-04
max |Δn|      : 2.449e-03
max |Δn| norm  : 1.157e-02
max |ΔILDOS|  : 3.826e+01
last Poisson  : 14.542 s
last Quantum  : 2.402 s
-1.6906122525196178e-06 5.385845962711928e-07
Iteration counts: [0, 5, 20]

--- Iteration 25 ---
Qprime size   : 1798
max |ΔU|      : 7.274e-05
max |ΔU| norm  : 5.849e-04
max |Δn|      : 2.042e-03
max |Δn| norm  : 1.191e-02
max |ΔILDOS|  : 4.257e+01
last Poisson  : 14.484 s
last Quantum  : 2.562 s
-4.2085555006315867e-07 1.0442599690632424e-07
Iteration counts: [0, 5, 21]

--- Iteration 26 ---
Qprime size   : 1798
max |ΔU|      : 7.705e-05
max |ΔU| norm  : 5.407e-04
max |Δn|      : 2.539e-03
max |Δn| norm  : 1.223e-02
max |ΔILDOS|  : 4.483e+01
last Poisson  : 14.795 s
last Quantum  : 2.264 s
1.2819055243779655e-07 8.680993195254589e-09
Iteration counts: [0, 5, 22]

--- Iteration 27 ---
Qprime size   : 1798
max |ΔU|      : 8.631e-05
max |ΔU| norm  : 5.726e-04
max |Δn|      : 2.388e-03
max |Δn| norm  : 1.199e-02
max |ΔILDOS|  : 4.423e+01
last Poisson  : 12.558 s
last Quantum  : 2.243 s
-1.3300158465696508e-08 -4.459369091215834e-08
Iteration counts: [0, 5, 23]

--- Iteration 28 ---
Qprime size   : 1798
max |ΔU|      : 8.832e-05
max |ΔU| norm  : 6.558e-04
max |Δn|      : 2.423e-03
max |Δn| norm  : 1.195e-02
max |ΔILDOS|  : 4.585e+01
last Poisson  : 14.583 s
last Quantum  : 2.422 s
4.6845718666578204e-07 -1.1561111176220434e-07
Iteration counts: [0, 5, 24]

--- Iteration 29 ---
Qprime size   : 1798
max |ΔU|      : 7.880e-05
max |ΔU| norm  : 5.376e-04
max |Δn|      : 2.601e-03
max |Δn| norm  : 1.197e-02
max |ΔILDOS|  : 5.515e+01
last Poisson  : 14.722 s
last Quantum  : 2.420 s
3.6855653209960624e-07 -1.4427850021320725e-07
Iteration counts: [0, 5, 25]

--- Iteration 30 ---
Qprime size   : 1798
max |ΔU|      : 8.356e-05
max |ΔU| norm  : 5.503e-04
max |Δn|      : 2.367e-03
max |Δn| norm  : 1.212e-02
max |ΔILDOS|  : 4.441e+01
last Poisson  : 12.398 s
last Quantum  : 2.266 s
-1.4013081211962454e-06 4.769419332453982e-07
FSC converged / stopped.
✔ Logged phi=0.0933, Vbg=1.3333

=== Running phi=0.0933, Vbg=1.5000 ===
🔄 Full Hamiltonian rebuild (qparams change)
The poisson problem has been initialized.
Iteration counts: [0, 0, 0]

--- Iteration 0 ---
Qprime size   : 1780
max |ΔU|      : 3.664e-14
max |ΔU| norm  : 1.178e-12
max |Δn|      : 1.257e-13
max |Δn| norm  : 1.048e-12
-0.000537830951692559 0.0001785203794614321
Iteration counts: [0, 0, 1]

--- Iteration 1 ---
Qprime size   : 1780
max |ΔU|      : 8.542e-04
max |ΔU| norm  : 5.008e-02
max |Δn|      : 5.361e-03
max |Δn| norm  : 3.253e-02
max |ΔILDOS|  : 4.752e+02
last Poisson  : 13.090 s
last Quantum  : 3.669 s
-0.0010975219017576618 0.00039611633567404614
Iteration counts: [0, 1, 1]

--- Iteration 2 ---
Qprime size   : 1780
max |ΔU|      : 1.525e-03
max |ΔU| norm  : 9.822e-02
max |Δn|      : 5.643e-03
max |Δn| norm  : 4.633e-02
max |ΔILDOS|  : 4.752e+02
last Poisson  : 13.315 s
last Quantum  : 3.669 s
-0.0008776192482222647 0.0003171044843946879
Iteration counts: [0, 2, 1]

--- Iteration 3 ---
Qprime size   : 1780
max |ΔU|      : 1.219e-03
max |ΔU| norm  : 7.859e-02
max |Δn|      : 4.366e-03
max |Δn| norm  : 3.649e-02
max |ΔILDOS|  : 4.752e+02
last Poisson  : 13.081 s
last Quantum  : 3.669 s
-0.0007015839081079934 0.0002537829270666604
Iteration counts: [0, 3, 1]

--- Iteration 4 ---
Qprime size   : 1780
max |ΔU|      : 9.740e-04
max |ΔU| norm  : 6.287e-02
max |Δn|      : 3.380e-03
max |Δn| norm  : 2.872e-02
max |ΔILDOS|  : 4.752e+02
last Poisson  : 13.115 s
last Quantum  : 3.669 s
-0.0005609071881601848 0.0002031168402986202
Iteration counts: [0, 3, 2]

--- Iteration 5 ---
Qprime size   : 1780
max |ΔU|      : 7.782e-04
max |ΔU| norm  : 5.030e-02
max |Δn|      : 2.619e-03
max |Δn| norm  : 2.265e-02
max |ΔILDOS|  : 5.846e+02
last Poisson  : 13.099 s
last Quantum  : 2.941 s
0.000209302887023581 -7.150127103479498e-05
Iteration counts: [0, 3, 3]

--- Iteration 6 ---
Qprime size   : 1780
max |ΔU|      : 2.971e-04
max |ΔU| norm  : 1.801e-02
max |Δn|      : 2.931e-03
max |Δn| norm  : 2.460e-02
max |ΔILDOS|  : 3.476e+02
last Poisson  : 13.273 s
last Quantum  : 3.324 s
0.00012059085212368766 -4.166998885274754e-05
Iteration counts: [0, 3, 4]

--- Iteration 7 ---
Qprime size   : 1780
max |ΔU|      : 1.862e-04
max |ΔU| norm  : 1.048e-02
max |Δn|      : 2.515e-03
max |Δn| norm  : 1.225e-02
max |ΔILDOS|  : 2.620e+02
last Poisson  : 13.309 s
last Quantum  : 2.837 s
6.907921726563094e-05 -2.412536434259159e-05
Iteration counts: [0, 3, 5]

--- Iteration 8 ---
Qprime size   : 1780
max |ΔU|      : 1.258e-04
max |ΔU| norm  : 6.100e-03
max |Δn|      : 1.682e-03
max |Δn| norm  : 7.077e-03
max |ΔILDOS|  : 1.711e+02
last Poisson  : 13.329 s
last Quantum  : 2.964 s
4.0990426467809044e-05 -1.449311003848928e-05
Iteration counts: [0, 3, 6]

--- Iteration 9 ---
Qprime size   : 1780
max |ΔU|      : 1.033e-04
max |ΔU| norm  : 3.639e-03
max |Δn|      : 1.572e-03
max |Δn| norm  : 6.020e-03
max |ΔILDOS|  : 1.030e+02
last Poisson  : 13.384 s
last Quantum  : 3.563 s
2.4055792344761128e-05 -8.580164714885434e-06
Iteration counts: [0, 3, 7]

--- Iteration 10 ---
Qprime size   : 1780
max |ΔU|      : 7.041e-05
max |ΔU| norm  : 2.153e-03
max |Δn|      : 1.836e-03
max |Δn| norm  : 6.590e-03
max |ΔILDOS|  : 6.482e+01
last Poisson  : 13.361 s
last Quantum  : 3.725 s
1.4615267731692856e-05 -5.252229074545643e-06
Iteration counts: [0, 3, 8]

--- Iteration 11 ---
Qprime size   : 1780
max |ΔU|      : 5.813e-05
max |ΔU| norm  : 1.319e-03
max |Δn|      : 2.071e-03
max |Δn| norm  : 6.219e-03
max |ΔILDOS|  : 3.752e+01
last Poisson  : 13.310 s
last Quantum  : 3.404 s
8.747708406746403e-06 -3.142958541374905e-06
Iteration counts: [0, 3, 9]

--- Iteration 12 ---
Qprime size   : 1780
max |ΔU|      : 5.391e-05
max |ΔU| norm  : 8.156e-04
max |Δn|      : 1.500e-03
max |Δn| norm  : 5.701e-03
max |ΔILDOS|  : 2.413e+01
last Poisson  : 13.250 s
last Quantum  : 3.696 s
5.329378020364149e-06 -1.935453348884578e-06
Iteration counts: [0, 3, 10]

--- Iteration 13 ---
Qprime size   : 1780
max |ΔU|      : 4.986e-05
max |ΔU| norm  : 5.202e-04
max |Δn|      : 1.795e-03
max |Δn| norm  : 6.407e-03
max |ΔILDOS|  : 2.626e+01
last Poisson  : 13.345 s
last Quantum  : 3.852 s
3.171151241463613e-06 -1.13727330680115e-06
Iteration counts: [0, 3, 11]

--- Iteration 14 ---
Qprime size   : 1780
max |ΔU|      : 4.665e-05
max |ΔU| norm  : 3.656e-04
max |Δn|      : 1.587e-03
max |Δn| norm  : 6.187e-03
max |ΔILDOS|  : 2.507e+01
last Poisson  : 13.354 s
last Quantum  : 3.719 s
2.147372203344841e-06 -7.860600503758345e-07
Iteration counts: [0, 3, 12]

--- Iteration 15 ---
Qprime size   : 1780
max |ΔU|      : 4.930e-05
max |ΔU| norm  : 2.931e-04
max |Δn|      : 1.901e-03
max |Δn| norm  : 6.209e-03
max |ΔILDOS|  : 2.128e+01
last Poisson  : 13.296 s
last Quantum  : 3.908 s
4.047470343330223e-07 -1.6410092469057536e-07
Iteration counts: [0, 3, 13]

--- Iteration 16 ---
Qprime size   : 1780
max |ΔU|      : 6.200e-05
max |ΔU| norm  : 2.607e-04
max |Δn|      : 1.861e-03
max |Δn| norm  : 6.762e-03
max |ΔILDOS|  : 3.026e+01
last Poisson  : 13.341 s
last Quantum  : 3.740 s
1.135226364085955e-06 -4.003037505085273e-07
Iteration counts: [0, 3, 14]

--- Iteration 17 ---
Qprime size   : 1780
max |ΔU|      : 5.369e-05
max |ΔU| norm  : 2.496e-04
max |Δn|      : 1.577e-03
max |Δn| norm  : 6.184e-03
max |ΔILDOS|  : 2.469e+01
last Poisson  : 13.280 s
last Quantum  : 3.747 s
7.327279775002007e-07 -2.5695557278184087e-07
Iteration counts: [0, 3, 15]

--- Iteration 18 ---
Qprime size   : 1780
max |ΔU|      : 5.252e-05
max |ΔU| norm  : 2.328e-04
max |Δn|      : 1.676e-03
max |Δn| norm  : 6.077e-03
max |ΔILDOS|  : 1.999e+01
last Poisson  : 13.293 s
last Quantum  : 3.599 s
-6.634846413479776e-08 1.0771509058173554e-08
Iteration counts: [0, 3, 16]

--- Iteration 19 ---
Qprime size   : 1780
max |ΔU|      : 6.669e-05
max |ΔU| norm  : 2.745e-04
max |Δn|      : 2.000e-03
max |Δn| norm  : 6.716e-03
max |ΔILDOS|  : 3.051e+01
last Poisson  : 13.276 s
last Quantum  : 3.724 s
-9.00390071703796e-09 1.0741430063522897e-08
Iteration counts: [0, 3, 17]

--- Iteration 20 ---
Qprime size   : 1780
max |ΔU|      : 5.403e-05
max |ΔU| norm  : 2.244e-04
max |Δn|      : 1.713e-03
max |Δn| norm  : 6.302e-03
max |ΔILDOS|  : 2.345e+01
last Poisson  : 13.289 s
last Quantum  : 3.707 s
5.327107226770692e-07 -1.9566725451581707e-07
Iteration counts: [0, 3, 18]

--- Iteration 21 ---
Qprime size   : 1780
max |ΔU|      : 5.495e-05
max |ΔU| norm  : 2.489e-04
max |Δn|      : 1.666e-03
max |Δn| norm  : 6.043e-03
max |ΔILDOS|  : 2.037e+01
last Poisson  : 13.342 s
last Quantum  : 3.762 s
-4.1011099824894174e-07 1.3837520894602453e-07
Iteration counts: [0, 3, 19]

--- Iteration 22 ---
Qprime size   : 1780
max |ΔU|      : 6.115e-05
max |ΔU| norm  : 2.552e-04
max |Δn|      : 2.064e-03
max |Δn| norm  : 6.653e-03
max |ΔILDOS|  : 2.848e+01
last Poisson  : 13.295 s
last Quantum  : 3.769 s
1.4569037024055754e-07 -5.162459844135678e-08
Iteration counts: [0, 3, 20]

--- Iteration 23 ---
Qprime size   : 1780
max |ΔU|      : 4.844e-05
max |ΔU| norm  : 2.162e-04
max |Δn|      : 1.998e-03
max |Δn| norm  : 6.869e-03
max |ΔILDOS|  : 2.543e+01
last Poisson  : 13.394 s
last Quantum  : 3.660 s
9.2251611534925e-08 -2.3089772410375982e-08
Iteration counts: [0, 3, 21]

--- Iteration 24 ---
Qprime size   : 1780
max |ΔU|      : 5.676e-05
max |ΔU| norm  : 2.373e-04
max |Δn|      : 1.842e-03
max |Δn| norm  : 6.449e-03
max |ΔILDOS|  : 2.250e+01
last Poisson  : 13.381 s
last Quantum  : 3.593 s
2.4568289491361743e-08 -1.7571321989124728e-08
Iteration counts: [0, 3, 22]

--- Iteration 25 ---
Qprime size   : 1780
max |ΔU|      : 5.498e-05
max |ΔU| norm  : 2.409e-04
max |Δn|      : 1.739e-03
max |Δn| norm  : 6.383e-03
max |ΔILDOS|  : 1.968e+01
last Poisson  : 13.350 s
last Quantum  : 3.624 s
-1.9541507159588694e-07 7.754096363817016e-08
Iteration counts: [0, 3, 23]

--- Iteration 26 ---
Qprime size   : 1780
max |ΔU|      : 5.103e-05
max |ΔU| norm  : 2.079e-04
max |Δn|      : 1.652e-03
max |Δn| norm  : 6.252e-03
max |ΔILDOS|  : 1.788e+01
last Poisson  : 13.291 s
last Quantum  : 3.734 s
5.285812331221655e-07 -1.854721048470913e-07
Iteration counts: [0, 3, 24]

--- Iteration 27 ---
Qprime size   : 1780
max |ΔU|      : 5.368e-05
max |ΔU| norm  : 2.348e-04
max |Δn|      : 1.906e-03
max |Δn| norm  : 6.540e-03
max |ΔILDOS|  : 2.213e+01
last Poisson  : 13.352 s
last Quantum  : 3.720 s
-6.23311826427901e-07 2.0911562809216717e-07
Iteration counts: [0, 3, 25]

--- Iteration 28 ---
Qprime size   : 1780
max |ΔU|      : 5.963e-05
max |ΔU| norm  : 2.642e-04
max |Δn|      : 2.084e-03
max |Δn| norm  : 7.165e-03
max |ΔILDOS|  : 2.861e+01
last Poisson  : 13.281 s
last Quantum  : 3.634 s
8.477945793375586e-08 -3.051508673184944e-08
Iteration counts: [0, 3, 26]

--- Iteration 29 ---
Qprime size   : 1780
max |ΔU|      : 5.251e-05
max |ΔU| norm  : 2.539e-04
max |Δn|      : 1.901e-03
max |Δn| norm  : 6.510e-03
max |ΔILDOS|  : 2.403e+01
last Poisson  : 14.879 s
last Quantum  : 2.527 s
2.5652540436515504e-07 -7.791698370101969e-08
Iteration counts: [0, 3, 27]

--- Iteration 30 ---
Qprime size   : 1780
max |ΔU|      : 5.239e-05
max |ΔU| norm  : 2.206e-04
max |Δn|      : 1.563e-03
max |Δn| norm  : 5.879e-03
max |ΔILDOS|  : 1.864e+01
last Poisson  : 14.733 s
last Quantum  : 2.318 s
9.380207304933491e-08 -3.602442640144627e-08
FSC converged / stopped.
✔ Logged phi=0.0933, Vbg=1.5000

=== Running phi=0.0933, Vbg=1.6667 ===
🔄 Full Hamiltonian rebuild (qparams change)
The poisson problem has been initialized.
Iteration counts: [0, 0, 0]

--- Iteration 0 ---
Qprime size   : 1755
max |ΔU|      : 1.570e-13
max |ΔU| norm  : 1.768e-12
max |Δn|      : 2.436e-13
max |Δn| norm  : 1.302e-12
-0.00042454994878810844 0.00012832168520031723
Iteration counts: [0, 0, 1]

--- Iteration 1 ---
Qprime size   : 1755
max |ΔU|      : 7.747e-04
max |ΔU| norm  : 4.289e-02
max |Δn|      : 4.534e-03
max |Δn| norm  : 3.479e-02
max |ΔILDOS|  : 5.571e+02
last Poisson  : 14.555 s
last Quantum  : 2.602 s
-0.0009396733303311008 0.0003272586886669985
Iteration counts: [0, 1, 1]

--- Iteration 2 ---
Qprime size   : 1755
max |ΔU|      : 1.407e-03
max |ΔU| norm  : 8.593e-02
max |Δn|      : 5.388e-03
max |Δn| norm  : 4.577e-02
max |ΔILDOS|  : 5.571e+02
last Poisson  : 13.917 s
last Quantum  : 2.602 s
-0.0007527386211476016 0.00026238856677367965
Iteration counts: [0, 2, 1]

--- Iteration 3 ---
Qprime size   : 1755
max |ΔU|      : 1.124e-03
max |ΔU| norm  : 6.885e-02
max |Δn|      : 4.199e-03
max |Δn| norm  : 3.556e-02
max |ΔILDOS|  : 5.571e+02
last Poisson  : 13.695 s
last Quantum  : 2.602 s
-0.0006020492801267306 0.00021009391701745165
Iteration counts: [0, 3, 1]

--- Iteration 4 ---
Qprime size   : 1755
max |ΔU|      : 8.976e-04
max |ΔU| norm  : 5.510e-02
max |Δn|      : 3.272e-03
max |Δn| norm  : 2.802e-02
max |ΔILDOS|  : 5.571e+02
last Poisson  : 14.042 s
last Quantum  : 2.602 s
-0.00048118210936608485 0.0001681150407482554
Iteration counts: [0, 3, 2]

--- Iteration 5 ---
Qprime size   : 1755
max |ΔU|      : 7.166e-04
max |ΔU| norm  : 4.408e-02
max |Δn|      : 2.549e-03
max |Δn| norm  : 2.218e-02
max |ΔILDOS|  : 6.636e+02
last Poisson  : 14.661 s
last Quantum  : 2.862 s
0.00018494789469685832 -5.833677933019073e-05
Iteration counts: [0, 3, 3]

--- Iteration 6 ---
Qprime size   : 1755
max |ΔU|      : 3.157e-04
max |ΔU| norm  : 1.699e-02
max |Δn|      : 5.530e-03
max |Δn| norm  : 2.631e-02
max |ΔILDOS|  : 4.678e+02
last Poisson  : 13.920 s
last Quantum  : 2.669 s
0.00010700945004882921 -3.4162001479332576e-05
Iteration counts: [0, 3, 4]

--- Iteration 7 ---
Qprime size   : 1755
max |ΔU|      : 1.773e-04
max |ΔU| norm  : 9.741e-03
max |Δn|      : 2.166e-03
max |Δn| norm  : 1.320e-02
max |ΔILDOS|  : 2.593e+02
last Poisson  : 14.264 s
last Quantum  : 2.662 s
6.055844102008039e-05 -1.9637601397816683e-05
Iteration counts: [0, 3, 5]

--- Iteration 8 ---
Qprime size   : 1755
max |ΔU|      : 1.004e-04
max |ΔU| norm  : 5.506e-03
max |Δn|      : 1.635e-03
max |Δn| norm  : 9.544e-03
max |ΔILDOS|  : 1.480e+02
last Poisson  : 13.483 s
last Quantum  : 2.800 s
3.706631543470569e-05 -1.2135269723709315e-05
Iteration counts: [0, 3, 6]

--- Iteration 9 ---
Qprime size   : 1755
max |ΔU|      : 7.637e-05
max |ΔU| norm  : 3.332e-03
max |Δn|      : 1.584e-03
max |Δn| norm  : 8.667e-03
max |ΔILDOS|  : 9.034e+01
last Poisson  : 13.610 s
last Quantum  : 3.147 s
1.9214962089434808e-05 -6.412198081865159e-06
Iteration counts: [0, 3, 7]

--- Iteration 10 ---
Qprime size   : 1755
max |ΔU|      : 5.700e-05
max |ΔU| norm  : 1.817e-03
max |Δn|      : 1.712e-03
max |Δn| norm  : 8.325e-03
max |ΔILDOS|  : 5.310e+01
last Poisson  : 13.573 s
last Quantum  : 3.408 s
1.2909147115211877e-05 -4.2801374840346715e-06
Iteration counts: [0, 3, 8]

--- Iteration 11 ---
Qprime size   : 1755
max |ΔU|      : 5.490e-05
max |ΔU| norm  : 1.183e-03
max |Δn|      : 1.521e-03
max |Δn| norm  : 9.213e-03
max |ΔILDOS|  : 4.136e+01
last Poisson  : 13.630 s
last Quantum  : 3.159 s
7.936379745099608e-06 -2.639074905707425e-06
Iteration counts: [0, 3, 9]

--- Iteration 12 ---
Qprime size   : 1755
max |ΔU|      : 5.957e-05
max |ΔU| norm  : 7.801e-04
max |Δn|      : 1.514e-03
max |Δn| norm  : 9.541e-03
max |ΔILDOS|  : 4.551e+01
last Poisson  : 13.613 s
last Quantum  : 3.163 s
4.505747451560957e-06 -1.5037118446093255e-06
Iteration counts: [0, 3, 10]

--- Iteration 13 ---
Qprime size   : 1755
max |ΔU|      : 5.404e-05
max |ΔU| norm  : 5.063e-04
max |Δn|      : 1.595e-03
max |Δn| norm  : 8.812e-03
max |ΔILDOS|  : 2.711e+01
last Poisson  : 13.675 s
last Quantum  : 3.312 s
3.3469173465370033e-06 -1.1111468876917449e-06
Iteration counts: [0, 3, 11]

--- Iteration 14 ---
Qprime size   : 1755
max |ΔU|      : 5.206e-05
max |ΔU| norm  : 4.601e-04
max |Δn|      : 1.553e-03
max |Δn| norm  : 9.017e-03
max |ΔILDOS|  : 3.374e+01
last Poisson  : 13.659 s
last Quantum  : 2.765 s
1.0373395669084017e-06 -3.699004037190096e-07
Iteration counts: [0, 3, 12]

--- Iteration 15 ---
Qprime size   : 1755
max |ΔU|      : 4.822e-05
max |ΔU| norm  : 3.364e-04
max |Δn|      : 1.511e-03
max |Δn| norm  : 9.176e-03
max |ΔILDOS|  : 2.396e+01
last Poisson  : 13.636 s
last Quantum  : 2.792 s
2.4541345234085755e-07 -1.2320896198007217e-07
Iteration counts: [0, 3, 13]

--- Iteration 16 ---
Qprime size   : 1755
max |ΔU|      : 4.911e-05
max |ΔU| norm  : 3.672e-04
max |Δn|      : 1.433e-03
max |Δn| norm  : 8.532e-03
max |ΔILDOS|  : 3.190e+01
last Poisson  : 13.543 s
last Quantum  : 2.792 s
1.2459420808673787e-06 -3.886001432019309e-07
Iteration counts: [0, 3, 14]

--- Iteration 17 ---
Qprime size   : 1755
max |ΔU|      : 5.115e-05
max |ΔU| norm  : 3.338e-04
max |Δn|      : 1.665e-03
max |Δn| norm  : 9.012e-03
max |ΔILDOS|  : 3.435e+01
last Poisson  : 13.630 s
last Quantum  : 2.933 s
7.027111519787375e-07 -2.3409615947382833e-07
Iteration counts: [0, 3, 15]

--- Iteration 18 ---
Qprime size   : 1755
max |ΔU|      : 5.063e-05
max |ΔU| norm  : 3.282e-04
max |Δn|      : 1.610e-03
max |Δn| norm  : 9.978e-03
max |ΔILDOS|  : 2.767e+01
last Poisson  : 13.637 s
last Quantum  : 3.346 s
3.068548598454822e-08 -6.580056047202577e-09
Iteration counts: [0, 3, 16]

--- Iteration 19 ---
Qprime size   : 1755
max |ΔU|      : 4.975e-05
max |ΔU| norm  : 3.696e-04
max |Δn|      : 1.561e-03
max |Δn| norm  : 9.305e-03
max |ΔILDOS|  : 3.300e+01
last Poisson  : 13.630 s
last Quantum  : 3.338 s
-6.146444979575814e-08 6.520786814843216e-10
Iteration counts: [0, 3, 17]

--- Iteration 20 ---
Qprime size   : 1755
max |ΔU|      : 4.997e-05
max |ΔU| norm  : 3.555e-04
max |Δn|      : 1.676e-03
max |Δn| norm  : 8.622e-03
max |ΔILDOS|  : 3.657e+01
last Poisson  : 13.663 s
last Quantum  : 3.185 s
4.4254063238462057e-07 -1.284315123241622e-07
Iteration counts: [0, 3, 18]

--- Iteration 21 ---
Qprime size   : 1755
max |ΔU|      : 5.042e-05
max |ΔU| norm  : 3.370e-04
max |Δn|      : 1.471e-03
max |Δn| norm  : 8.794e-03
max |ΔILDOS|  : 3.715e+01
last Poisson  : 13.582 s
last Quantum  : 2.667 s
-1.4623693841948883e-07 3.1659673078874886e-08
Iteration counts: [0, 3, 19]

--- Iteration 22 ---
Qprime size   : 1755
max |ΔU|      : 5.028e-05
max |ΔU| norm  : 3.114e-04
max |Δn|      : 1.777e-03
max |Δn| norm  : 9.595e-03
max |ΔILDOS|  : 2.525e+01
last Poisson  : 13.639 s
last Quantum  : 2.497 s
3.9875757361910113e-07 -1.0760187919894466e-07
Iteration counts: [0, 3, 20]

--- Iteration 23 ---
Qprime size   : 1755
max |ΔU|      : 5.008e-05
max |ΔU| norm  : 3.407e-04
max |Δn|      : 1.712e-03
max |Δn| norm  : 9.817e-03
max |ΔILDOS|  : 2.904e+01
last Poisson  : 13.614 s
last Quantum  : 2.447 s
-4.579437678786124e-07 1.2662380060892815e-07
Iteration counts: [0, 3, 21]

--- Iteration 24 ---
Qprime size   : 1755
max |ΔU|      : 5.016e-05
max |ΔU| norm  : 3.460e-04
max |Δn|      : 1.607e-03
max |Δn| norm  : 9.190e-03
max |ΔILDOS|  : 3.556e+01
last Poisson  : 13.638 s
last Quantum  : 2.519 s
-5.098486541044356e-08 2.245948996667038e-08
Iteration counts: [0, 3, 22]

--- Iteration 25 ---
Qprime size   : 1755
max |ΔU|      : 5.031e-05
max |ΔU| norm  : 3.017e-04
max |Δn|      : 1.792e-03
max |Δn| norm  : 9.047e-03
max |ΔILDOS|  : 2.206e+01
last Poisson  : 13.638 s
last Quantum  : 2.511 s
4.4935075990439167e-07 -1.4597044616594302e-07
Iteration counts: [0, 3, 23]

--- Iteration 26 ---
Qprime size   : 1755
max |ΔU|      : 5.026e-05
max |ΔU| norm  : 3.440e-04
max |Δn|      : 1.550e-03
max |Δn| norm  : 9.248e-03
max |ΔILDOS|  : 2.707e+01
last Poisson  : 13.647 s
last Quantum  : 2.547 s
-4.4034518315492857e-07 1.4145441157212004e-07
Iteration counts: [0, 3, 24]

--- Iteration 27 ---
Qprime size   : 1755
max |ΔU|      : 5.019e-05
max |ΔU| norm  : 3.389e-04
max |Δn|      : 1.545e-03
max |Δn| norm  : 9.386e-03
max |ΔILDOS|  : 2.852e+01
last Poisson  : 13.580 s
last Quantum  : 2.438 s
-8.070793270006597e-08 1.8730604522587092e-08
Iteration counts: [0, 3, 25]

--- Iteration 28 ---
Qprime size   : 1755
max |ΔU|      : 5.020e-05
max |ΔU| norm  : 3.343e-04
max |Δn|      : 1.495e-03
max |Δn| norm  : 9.026e-03
max |ΔILDOS|  : 2.856e+01
last Poisson  : 13.620 s
last Quantum  : 2.559 s
4.366022029855296e-07 -1.2533257702679806e-07
Iteration counts: [0, 3, 26]

--- Iteration 29 ---
Qprime size   : 1755
max |ΔU|      : 5.022e-05
max |ΔU| norm  : 3.466e-04
max |Δn|      : 1.528e-03
max |Δn| norm  : 9.166e-03
max |ΔILDOS|  : 2.732e+01
last Poisson  : 13.597 s
last Quantum  : 2.895 s
1.6640019790114393e-07 -5.7018558968342154e-08
Iteration counts: [0, 3, 27]

--- Iteration 30 ---
Qprime size   : 1755
max |ΔU|      : 5.023e-05
max |ΔU| norm  : 3.195e-04
max |Δn|      : 1.762e-03
max |Δn| norm  : 9.358e-03
max |ΔILDOS|  : 2.451e+01
last Poisson  : 13.776 s
last Quantum  : 2.833 s
-4.365308334896375e-07 1.4227390466423828e-07
FSC converged / stopped.
✔ Logged phi=0.0933, Vbg=1.6667

=== Running phi=0.0933, Vbg=1.8333 ===
🔄 Full Hamiltonian rebuild (qparams change)
The poisson problem has been initialized.
Iteration counts: [0, 0, 0]

--- Iteration 0 ---
Qprime size   : 1726
max |ΔU|      : 5.440e-14
max |ΔU| norm  : 2.492e-12
max |Δn|      : 2.858e-13
max |Δn| norm  : 1.438e-12
-0.0002970493478519606 6.955292346532839e-05
Iteration counts: [0, 0, 1]

--- Iteration 1 ---
Qprime size   : 1726
max |ΔU|      : 7.158e-04
max |ΔU| norm  : 3.587e-02
max |Δn|      : 5.572e-03
max |Δn| norm  : 3.877e-02
max |ΔILDOS|  : 5.677e+02
last Poisson  : 13.632 s
last Quantum  : 2.870 s
-0.0007488780197659944 0.0002471291244572624
Iteration counts: [0, 1, 1]

--- Iteration 2 ---
Qprime size   : 1726
max |ΔU|      : 1.260e-03
max |ΔU| norm  : 7.095e-02
max |Δn|      : 5.544e-03
max |Δn| norm  : 4.741e-02
max |ΔILDOS|  : 5.677e+02
last Poisson  : 13.990 s
last Quantum  : 2.870 s
-0.0006003292552132976 0.00019857749722209314
Iteration counts: [0, 2, 1]

--- Iteration 3 ---
Qprime size   : 1726
max |ΔU|      : 1.008e-03
max |ΔU| norm  : 5.685e-02
max |Δn|      : 4.294e-03
max |Δn| norm  : 3.696e-02
max |ΔILDOS|  : 5.677e+02
last Poisson  : 13.932 s
last Quantum  : 2.870 s
-0.0004812910652624424 0.00015955673121896628
Iteration counts: [0, 3, 1]

--- Iteration 4 ---
Qprime size   : 1726
max |ΔU|      : 8.068e-04
max |ΔU| norm  : 4.557e-02
max |Δn|      : 3.330e-03
max |Δn| norm  : 2.908e-02
max |ΔILDOS|  : 5.677e+02
last Poisson  : 13.670 s
last Quantum  : 2.870 s
-0.0003844164954138541 0.00012776287778452157
Iteration counts: [0, 3, 2]

--- Iteration 5 ---
Qprime size   : 1726
max |ΔU|      : 6.447e-04
max |ΔU| norm  : 3.641e-02
max |Δn|      : 2.584e-03
max |Δn| norm  : 2.298e-02
max |ΔILDOS|  : 8.664e+02
last Poisson  : 13.826 s
last Quantum  : 2.779 s
0.00012685674808514362 -3.638409081326612e-05
Iteration counts: [0, 3, 3]

--- Iteration 6 ---
Qprime size   : 1726
max |ΔU|      : 2.941e-04
max |ΔU| norm  : 1.256e-02
max |Δn|      : 3.158e-03
max |Δn| norm  : 2.917e-02
max |ΔILDOS|  : 6.554e+02
last Poisson  : 13.921 s
last Quantum  : 2.846 s
8.017459801808032e-05 -2.381227508392437e-05
Iteration counts: [0, 3, 4]

--- Iteration 7 ---
Qprime size   : 1726
max |ΔU|      : 1.753e-04
max |ΔU| norm  : 7.674e-03
max |Δn|      : 1.756e-03
max |Δn| norm  : 1.490e-02
max |ΔILDOS|  : 3.797e+02
last Poisson  : 14.053 s
last Quantum  : 2.930 s
4.853327706161538e-05 -1.5023881709272637e-05
Iteration counts: [0, 3, 5]

--- Iteration 8 ---
Qprime size   : 1726
max |ΔU|      : 1.174e-04
max |ΔU| norm  : 4.631e-03
max |Δn|      : 1.764e-03
max |Δn| norm  : 9.353e-03
max |ΔILDOS|  : 1.981e+02
last Poisson  : 14.066 s
last Quantum  : 2.794 s
2.7945421247947326e-05 -8.805221176535963e-06
Iteration counts: [0, 3, 6]

--- Iteration 9 ---
Qprime size   : 1726
max |ΔU|      : 8.186e-05
max |ΔU| norm  : 2.692e-03
max |Δn|      : 1.793e-03
max |Δn| norm  : 9.122e-03
max |ΔILDOS|  : 1.082e+02
last Poisson  : 14.305 s
last Quantum  : 2.789 s
1.4062993730461854e-05 -4.506042503229274e-06
Iteration counts: [0, 3, 7]

--- Iteration 10 ---
Qprime size   : 1726
max |ΔU|      : 5.685e-05
max |ΔU| norm  : 1.513e-03
max |Δn|      : 1.899e-03
max |Δn| norm  : 1.102e-02
max |ΔILDOS|  : 5.617e+01
last Poisson  : 14.285 s
last Quantum  : 2.781 s
1.0330553645275502e-05 -3.3173528031079804e-06
Iteration counts: [0, 3, 8]

--- Iteration 11 ---
Qprime size   : 1726
max |ΔU|      : 6.463e-05
max |ΔU| norm  : 1.060e-03
max |Δn|      : 1.921e-03
max |Δn| norm  : 1.156e-02
max |ΔILDOS|  : 4.691e+01
last Poisson  : 14.497 s
last Quantum  : 2.849 s
7.636051161043193e-06 -2.43236820174143e-06
Iteration counts: [0, 3, 9]

--- Iteration 12 ---
Qprime size   : 1726
max |ΔU|      : 5.971e-05
max |ΔU| norm  : 8.415e-04
max |Δn|      : 1.717e-03
max |Δn| norm  : 1.030e-02
max |ΔILDOS|  : 5.494e+01
last Poisson  : 14.660 s
last Quantum  : 2.880 s
3.461149804432662e-06 -1.1359217421392574e-06
Iteration counts: [0, 3, 10]

--- Iteration 13 ---
Qprime size   : 1726
max |ΔU|      : 5.895e-05
max |ΔU| norm  : 5.057e-04
max |Δn|      : 1.831e-03
max |Δn| norm  : 9.176e-03
max |ΔILDOS|  : 4.737e+01
last Poisson  : 14.409 s
last Quantum  : 2.799 s
1.046650566927559e-06 -3.650362950184889e-07
Iteration counts: [0, 3, 11]

--- Iteration 14 ---
Qprime size   : 1726
max |ΔU|      : 6.817e-05
max |ΔU| norm  : 5.230e-04
max |Δn|      : 2.159e-03
max |Δn| norm  : 1.110e-02
max |ΔILDOS|  : 6.060e+01
last Poisson  : 14.830 s
last Quantum  : 2.797 s
1.5964775570204411e-06 -5.199643992930769e-07
Iteration counts: [0, 3, 12]

--- Iteration 15 ---
Qprime size   : 1726
max |ΔU|      : 5.454e-05
max |ΔU| norm  : 4.102e-04
max |Δn|      : 1.958e-03
max |Δn| norm  : 1.112e-02
max |ΔILDOS|  : 4.456e+01
last Poisson  : 14.978 s
last Quantum  : 2.892 s
1.5689424122015406e-07 -7.03642885484262e-08
Iteration counts: [0, 3, 13]

--- Iteration 16 ---
Qprime size   : 1726
max |ΔU|      : 6.297e-05
max |ΔU| norm  : 4.192e-04
max |Δn|      : 1.949e-03
max |Δn| norm  : 1.058e-02
max |ΔILDOS|  : 4.342e+01
last Poisson  : 14.953 s
last Quantum  : 2.831 s
2.744826246628109e-07 -1.0401199605194381e-07
Iteration counts: [0, 3, 14]

--- Iteration 17 ---
Qprime size   : 1726
max |ΔU|      : 5.145e-05
max |ΔU| norm  : 3.632e-04
max |Δn|      : 2.102e-03
max |Δn| norm  : 1.075e-02
max |ΔILDOS|  : 3.914e+01
last Poisson  : 15.085 s
last Quantum  : 2.772 s
1.0405056103692065e-06 -3.2093224157955003e-07
Iteration counts: [0, 3, 15]

--- Iteration 18 ---
Qprime size   : 1726
max |ΔU|      : 6.621e-05
max |ΔU| norm  : 4.790e-04
max |Δn|      : 1.907e-03
max |Δn| norm  : 1.149e-02
max |ΔILDOS|  : 5.682e+01
last Poisson  : 14.949 s
last Quantum  : 2.878 s
-1.1433690027672788e-06 3.3456038670531864e-07
Iteration counts: [0, 3, 16]

--- Iteration 19 ---
Qprime size   : 1726
max |ΔU|      : 7.087e-05
max |ΔU| norm  : 4.537e-04
max |Δn|      : 1.992e-03
max |Δn| norm  : 1.077e-02
max |ΔILDOS|  : 7.106e+01
last Poisson  : 14.871 s
last Quantum  : 2.896 s
5.958957624741093e-07 -1.7877918411895794e-07
Iteration counts: [0, 3, 17]

--- Iteration 20 ---
Qprime size   : 1726
max |ΔU|      : 6.000e-05
max |ΔU| norm  : 4.352e-04
max |Δn|      : 2.042e-03
max |Δn| norm  : 1.037e-02
max |ΔILDOS|  : 5.749e+01
last Poisson  : 15.364 s
last Quantum  : 2.881 s
1.1618958732205538e-06 -3.5098546231310414e-07
Iteration counts: [0, 3, 18]

--- Iteration 21 ---
Qprime size   : 1726
max |ΔU|      : 5.787e-05
max |ΔU| norm  : 3.883e-04
max |Δn|      : 1.920e-03
max |Δn| norm  : 1.005e-02
max |ΔILDOS|  : 4.345e+01
last Poisson  : 15.249 s
last Quantum  : 2.841 s
-2.6961223735584522e-08 -7.57800035638355e-09
Iteration counts: [0, 3, 19]

--- Iteration 22 ---
Qprime size   : 1726
max |ΔU|      : 6.034e-05
max |ΔU| norm  : 3.956e-04
max |Δn|      : 1.908e-03
max |Δn| norm  : 1.126e-02
max |ΔILDOS|  : 4.752e+01
last Poisson  : 15.172 s
last Quantum  : 2.811 s
3.913122239734571e-08 -1.1194731210149436e-08
Iteration counts: [0, 3, 20]

--- Iteration 23 ---
Qprime size   : 1726
max |ΔU|      : 5.944e-05
max |ΔU| norm  : 4.272e-04
max |Δn|      : 1.882e-03
max |Δn| norm  : 1.055e-02
max |ΔILDOS|  : 4.848e+01
last Poisson  : 15.410 s
last Quantum  : 2.796 s
4.6671909211858824e-07 -1.2139095672971494e-07
Iteration counts: [0, 3, 21]

--- Iteration 24 ---
Qprime size   : 1726
max |ΔU|      : 6.971e-05
max |ΔU| norm  : 4.728e-04
max |Δn|      : 2.013e-03
max |Δn| norm  : 9.957e-03
max |ΔILDOS|  : 6.115e+01
last Poisson  : 15.466 s
last Quantum  : 2.894 s
3.8734743768576783e-07 -1.272723243353882e-07
Iteration counts: [0, 3, 22]

--- Iteration 25 ---
Qprime size   : 1726
max |ΔU|      : 4.981e-05
max |ΔU| norm  : 3.526e-04
max |Δn|      : 2.025e-03
max |Δn| norm  : 9.891e-03
max |ΔILDOS|  : 3.755e+01
last Poisson  : 15.176 s
last Quantum  : 2.833 s
-1.0113327691658037e-06 2.9054107603134243e-07
Iteration counts: [0, 3, 23]

--- Iteration 26 ---
Qprime size   : 1726
max |ΔU|      : 7.664e-05
max |ΔU| norm  : 4.390e-04
max |Δn|      : 2.016e-03
max |Δn| norm  : 1.162e-02
max |ΔILDOS|  : 6.337e+01
last Poisson  : 15.476 s
last Quantum  : 2.672 s
-2.0104543715655417e-07 7.03778524274874e-08
Iteration counts: [0, 3, 24]

--- Iteration 27 ---
Qprime size   : 1726
max |ΔU|      : 5.897e-05
max |ΔU| norm  : 4.244e-04
max |Δn|      : 1.911e-03
max |Δn| norm  : 1.112e-02
max |ΔILDOS|  : 4.211e+01
last Poisson  : 15.396 s
last Quantum  : 2.872 s
8.801811851081077e-08 -1.8948236427719604e-08
Iteration counts: [0, 3, 25]

--- Iteration 28 ---
Qprime size   : 1726
max |ΔU|      : 6.120e-05
max |ΔU| norm  : 4.289e-04
max |Δn|      : 2.015e-03
max |Δn| norm  : 1.028e-02
max |ΔILDOS|  : 6.067e+01
last Poisson  : 15.559 s
last Quantum  : 2.820 s
5.839258843089075e-07 -1.864199402800706e-07
Iteration counts: [0, 3, 26]

--- Iteration 29 ---
Qprime size   : 1726
max |ΔU|      : 5.868e-05
max |ΔU| norm  : 3.711e-04
max |Δn|      : 1.894e-03
max |Δn| norm  : 1.000e-02
max |ΔILDOS|  : 4.985e+01
last Poisson  : 15.642 s
last Quantum  : 2.960 s
-1.0954022484764275e-06 3.3410264968943493e-07
Iteration counts: [0, 3, 27]

--- Iteration 30 ---
Qprime size   : 1726
max |ΔU|      : 6.362e-05
max |ΔU| norm  : 4.728e-04
max |Δn|      : 1.923e-03
max |Δn| norm  : 1.182e-02
max |ΔILDOS|  : 4.668e+01
last Poisson  : 15.467 s
last Quantum  : 3.188 s
5.015990201584167e-07 -1.5598166001360288e-07
FSC converged / stopped.
✔ Logged phi=0.0933, Vbg=1.8333

=== Running phi=0.0933, Vbg=2.0000 ===
🔄 Full Hamiltonian rebuild (qparams change)
The poisson problem has been initialized.
Iteration counts: [0, 0, 0]

--- Iteration 0 ---
Qprime size   : 1662
max |ΔU|      : 4.774e-14
max |ΔU| norm  : 1.597e-12
max |Δn|      : 2.629e-13
max |Δn| norm  : 1.515e-12
-0.00023849780391743425 4.7302877648629555e-05
Iteration counts: [0, 0, 1]

--- Iteration 1 ---
Qprime size   : 1662
max |ΔU|      : 7.704e-04
max |ΔU| norm  : 3.004e-02
max |Δn|      : 6.820e-03
max |Δn| norm  : 3.830e-02
max |ΔILDOS|  : 5.334e+02
last Poisson  : 14.099 s
last Quantum  : 2.222 s
-0.000633777404677456 0.00020961368708791777
Iteration counts: [0, 1, 1]

--- Iteration 2 ---
Qprime size   : 1662
max |ΔU|      : 1.185e-03
max |ΔU| norm  : 5.996e-02
max |Δn|      : 5.211e-03
max |Δn| norm  : 4.139e-02
max |ΔILDOS|  : 5.334e+02
last Poisson  : 13.042 s
last Quantum  : 2.222 s
-0.0005068262978050103 0.0001680339995311296
Iteration counts: [0, 2, 1]

--- Iteration 3 ---
Qprime size   : 1662
max |ΔU|      : 9.466e-04
max |ΔU| norm  : 4.795e-02
max |Δn|      : 4.083e-03
max |Δn| norm  : 3.247e-02
max |ΔILDOS|  : 5.334e+02
last Poisson  : 13.703 s
last Quantum  : 2.222 s
-0.00040519233647180676 0.00013465658337947998
Iteration counts: [0, 3, 1]

--- Iteration 4 ---
Qprime size   : 1662
max |ΔU|      : 7.563e-04
max |ΔU| norm  : 3.834e-02
max |Δn|      : 3.201e-03
max |Δn| norm  : 2.547e-02
max |ΔILDOS|  : 5.334e+02
last Poisson  : 13.753 s
last Quantum  : 2.222 s
-0.0003239808681313633 0.00010791669049920535
Iteration counts: [0, 3, 2]

--- Iteration 5 ---
Qprime size   : 1662
max |ΔU|      : 6.042e-04
max |ΔU| norm  : 3.066e-02
max |Δn|      : 2.510e-03
max |Δn| norm  : 2.000e-02
max |ΔILDOS|  : 9.281e+02
last Poisson  : 13.566 s
last Quantum  : 2.242 s
0.00011619211023173941 -3.620845932155825e-05
Iteration counts: [0, 3, 3]

--- Iteration 6 ---
Qprime size   : 1662
max |ΔU|      : 2.729e-04
max |ΔU| norm  : 1.092e-02
max |Δn|      : 5.036e-03
max |Δn| norm  : 2.337e-02
max |ΔILDOS|  : 6.949e+02
last Poisson  : 13.253 s
last Quantum  : 3.692 s
6.811551469584399e-05 -2.070240654860353e-05
Iteration counts: [0, 3, 4]

--- Iteration 7 ---
Qprime size   : 1662
max |ΔU|      : 1.712e-04
max |ΔU| norm  : 6.527e-03
max |Δn|      : 1.655e-03
max |Δn| norm  : 1.052e-02
max |ΔILDOS|  : 4.109e+02
last Poisson  : 13.572 s
last Quantum  : 3.392 s
3.847060402954933e-05 -1.168614855428223e-05
Iteration counts: [0, 3, 5]

--- Iteration 8 ---
Qprime size   : 1662
max |ΔU|      : 1.030e-04
max |ΔU| norm  : 3.693e-03
max |Δn|      : 1.580e-03
max |Δn| norm  : 6.437e-03
max |ΔILDOS|  : 2.245e+02
last Poisson  : 13.331 s
last Quantum  : 2.546 s
2.3417379068661812e-05 -7.1428870126426224e-06
Iteration counts: [0, 3, 6]

--- Iteration 9 ---
Qprime size   : 1662
max |ΔU|      : 6.213e-05
max |ΔU| norm  : 2.293e-03
max |Δn|      : 1.486e-03
max |Δn| norm  : 4.208e-03
max |ΔILDOS|  : 1.173e+02
last Poisson  : 13.651 s
last Quantum  : 2.522 s
1.3790607489274688e-05 -4.213930245333019e-06
Iteration counts: [0, 3, 7]

--- Iteration 10 ---
Qprime size   : 1662
max |ΔU|      : 4.843e-05
max |ΔU| norm  : 1.334e-03
max |Δn|      : 1.530e-03
max |Δn| norm  : 3.653e-03
max |ΔILDOS|  : 6.825e+01
last Poisson  : 13.608 s
last Quantum  : 2.883 s
8.28337757293259e-06 -2.5473502354094675e-06
Iteration counts: [0, 3, 8]

--- Iteration 11 ---
Qprime size   : 1662
max |ΔU|      : 5.361e-05
max |ΔU| norm  : 8.455e-04
max |Δn|      : 1.525e-03
max |Δn| norm  : 3.752e-03
max |ΔILDOS|  : 4.205e+01
last Poisson  : 13.881 s
last Quantum  : 2.665 s
4.896674315957477e-06 -1.5097752287380836e-06
Iteration counts: [0, 3, 9]

--- Iteration 12 ---
Qprime size   : 1662
max |ΔU|      : 5.025e-05
max |ΔU| norm  : 4.989e-04
max |Δn|      : 1.528e-03
max |Δn| norm  : 3.742e-03
max |ΔILDOS|  : 2.175e+01
last Poisson  : 13.924 s
last Quantum  : 2.877 s
3.1741763190070594e-06 -1.0033201970234798e-06
Iteration counts: [0, 3, 10]

--- Iteration 13 ---
Qprime size   : 1662
max |ΔU|      : 5.254e-05
max |ΔU| norm  : 3.710e-04
max |Δn|      : 1.532e-03
max |Δn| norm  : 3.556e-03
max |ΔILDOS|  : 1.078e+01
last Poisson  : 13.570 s
last Quantum  : 2.514 s
1.9737471020051786e-06 -6.200106202784844e-07
Iteration counts: [0, 3, 11]

--- Iteration 14 ---
Qprime size   : 1662
max |ΔU|      : 5.114e-05
max |ΔU| norm  : 2.521e-04
max |Δn|      : 1.529e-03
max |Δn| norm  : 3.567e-03
max |ΔILDOS|  : 1.434e+01
last Poisson  : 13.829 s
last Quantum  : 2.454 s
1.2254672815708667e-06 -3.998791080726705e-07
Iteration counts: [0, 3, 12]

--- Iteration 15 ---
Qprime size   : 1662
max |ΔU|      : 5.206e-05
max |ΔU| norm  : 2.182e-04
max |Δn|      : 1.533e-03
max |Δn| norm  : 3.548e-03
max |ΔILDOS|  : 1.022e+01
last Poisson  : 13.997 s
last Quantum  : 2.526 s
4.1484601817067104e-07 -1.3075675763146974e-07
Iteration counts: [0, 3, 13]

--- Iteration 16 ---
Qprime size   : 1662
max |ΔU|      : 5.153e-05
max |ΔU| norm  : 1.775e-04
max |Δn|      : 1.531e-03
max |Δn| norm  : 3.875e-03
max |ΔILDOS|  : 1.698e+01
last Poisson  : 12.413 s
last Quantum  : 1.940 s
4.0235259291648984e-07 -1.3848608973082306e-07
Iteration counts: [0, 3, 14]

--- Iteration 17 ---
Qprime size   : 1662
max |ΔU|      : 5.185e-05
max |ΔU| norm  : 1.875e-04
max |Δn|      : 1.533e-03
max |Δn| norm  : 3.904e-03
max |ΔILDOS|  : 1.648e+01
last Poisson  : 13.435 s
last Quantum  : 1.927 s
3.045520672223439e-07 -9.338166326377538e-08
Iteration counts: [0, 3, 15]

--- Iteration 18 ---
Qprime size   : 1662
max |ΔU|      : 5.166e-05
max |ΔU| norm  : 1.812e-04
max |Δn|      : 1.532e-03
max |Δn| norm  : 3.854e-03
max |ΔILDOS|  : 1.472e+01
last Poisson  : 13.783 s
last Quantum  : 2.074 s
3.846171743408832e-07 -1.3251171743090744e-07
Iteration counts: [0, 3, 16]

--- Iteration 19 ---
Qprime size   : 1662
max |ΔU|      : 5.180e-05
max |ΔU| norm  : 1.735e-04
max |Δn|      : 1.533e-03
max |Δn| norm  : 3.491e-03
max |ΔILDOS|  : 1.030e+01
last Poisson  : 13.708 s
last Quantum  : 3.450 s
-2.943674706003772e-07 9.875811464172585e-08
Iteration counts: [0, 3, 17]

--- Iteration 20 ---
Qprime size   : 1662
max |ΔU|      : 5.173e-05
max |ΔU| norm  : 1.880e-04
max |Δn|      : 1.532e-03
max |Δn| norm  : 3.858e-03
max |ΔILDOS|  : 1.935e+01
last Poisson  : 14.153 s
last Quantum  : 3.528 s
2.1631516689367596e-07 -7.592094839574077e-08
Iteration counts: [0, 3, 18]

--- Iteration 21 ---
Qprime size   : 1662
max |ΔU|      : 5.176e-05
max |ΔU| norm  : 1.724e-04
max |Δn|      : 1.533e-03
max |Δn| norm  : 3.834e-03
max |ΔILDOS|  : 1.043e+01
last Poisson  : 14.362 s
last Quantum  : 3.518 s
2.546946356178926e-07 -7.522936251337938e-08
Iteration counts: [0, 3, 19]

--- Iteration 22 ---
Qprime size   : 1662
max |ΔU|      : 5.173e-05
max |ΔU| norm  : 1.903e-04
max |Δn|      : 1.532e-03
max |Δn| norm  : 3.801e-03
max |ΔILDOS|  : 1.563e+01
last Poisson  : 14.304 s
last Quantum  : 3.444 s
2.228687489037913e-07 -7.9829318714048e-08
Iteration counts: [0, 3, 20]

--- Iteration 23 ---
Qprime size   : 1662
max |ΔU|      : 5.176e-05
max |ΔU| norm  : 1.688e-04
max |Δn|      : 1.532e-03
max |Δn| norm  : 3.305e-03
max |ΔILDOS|  : 1.010e+01
last Poisson  : 14.335 s
last Quantum  : 3.743 s
-4.6412745564986236e-07 1.5300123420925018e-07
Iteration counts: [0, 3, 21]

--- Iteration 24 ---
Qprime size   : 1662
max |ΔU|      : 5.175e-05
max |ΔU| norm  : 1.933e-04
max |Δn|      : 1.532e-03
max |Δn| norm  : 3.870e-03
max |ΔILDOS|  : 2.195e+01
last Poisson  : 14.331 s
last Quantum  : 3.996 s
3.671711125230817e-08 -1.7471853368888872e-08
Iteration counts: [0, 3, 22]

--- Iteration 25 ---
Qprime size   : 1662
max |ΔU|      : 5.175e-05
max |ΔU| norm  : 1.743e-04
max |Δn|      : 1.533e-03
max |Δn| norm  : 4.006e-03
max |ΔILDOS|  : 1.260e+01
last Poisson  : 14.206 s
last Quantum  : 3.828 s
2.3456823761013578e-07 -6.706417903788495e-08
Iteration counts: [0, 3, 23]

--- Iteration 26 ---
Qprime size   : 1662
max |ΔU|      : 5.174e-05
max |ΔU| norm  : 1.946e-04
max |Δn|      : 1.533e-03
max |Δn| norm  : 3.907e-03
max |ΔILDOS|  : 1.591e+01
last Poisson  : 14.408 s
last Quantum  : 3.773 s
2.574059016718075e-07 -9.059252644677872e-08
Iteration counts: [0, 3, 24]

--- Iteration 27 ---
Qprime size   : 1662
max |ΔU|      : 5.175e-05
max |ΔU| norm  : 1.695e-04
max |Δn|      : 1.532e-03
max |Δn| norm  : 3.205e-03
max |ΔILDOS|  : 1.070e+01
last Poisson  : 14.447 s
last Quantum  : 3.757 s
-5.446447753970989e-07 1.7875363482861004e-07
Iteration counts: [0, 3, 25]

--- Iteration 28 ---
Qprime size   : 1662
max |ΔU|      : 5.176e-05
max |ΔU| norm  : 2.004e-04
max |Δn|      : 1.532e-03
max |Δn| norm  : 3.845e-03
max |ΔILDOS|  : 2.132e+01
last Poisson  : 14.389 s
last Quantum  : 3.291 s
9.242674566956438e-08 -3.38907426215254e-08
Iteration counts: [0, 3, 26]

--- Iteration 29 ---
Qprime size   : 1662
max |ΔU|      : 5.175e-05
max |ΔU| norm  : 1.738e-04
max |Δn|      : 1.533e-03
max |Δn| norm  : 4.062e-03
max |ΔILDOS|  : 1.225e+01
last Poisson  : 14.315 s
last Quantum  : 3.003 s
1.4680167120493442e-07 -4.023018659139199e-08
Iteration counts: [0, 3, 27]

--- Iteration 30 ---
Qprime size   : 1662
max |ΔU|      : 5.174e-05
max |ΔU| norm  : 1.870e-04
max |Δn|      : 1.533e-03
max |Δn| norm  : 3.944e-03
max |ΔILDOS|  : 1.519e+01
last Poisson  : 14.580 s
last Quantum  : 3.624 s
2.6296658106973714e-07 -9.1939419277424e-08
FSC converged / stopped.
✔ Logged phi=0.0933, Vbg=2.0000

=== Running phi=0.0933, Vbg=2.1667 ===
🔄 Full Hamiltonian rebuild (qparams change)
The poisson problem has been initialized.
Iteration counts: [0, 0, 0]

--- Iteration 0 ---
Qprime size   : 1561
max |ΔU|      : 5.063e-14
max |ΔU| norm  : 1.871e-12
max |Δn|      : 2.456e-13
max |Δn| norm  : 1.445e-12
-0.000189103299711327 3.4884155678603316e-05
Iteration counts: [0, 0, 1]

--- Iteration 1 ---
Qprime size   : 1561
max |ΔU|      : 8.725e-04
max |ΔU| norm  : 2.405e-02
max |Δn|      : 7.739e-03
max |Δn| norm  : 3.465e-02
max |ΔILDOS|  : 5.115e+02
last Poisson  : 15.047 s
last Quantum  : 2.906 s
-0.0005585831382377672 0.00019494588938886212
Iteration counts: [0, 1, 1]

--- Iteration 2 ---
Qprime size   : 1561
max |ΔU|      : 1.090e-03
max |ΔU| norm  : 4.998e-02
max |Δn|      : 3.859e-03
max |Δn| norm  : 3.113e-02
max |ΔILDOS|  : 5.115e+02
last Poisson  : 15.011 s
last Quantum  : 2.906 s
-0.0004465717520250437 0.00015610027658434343
Iteration counts: [0, 2, 1]

--- Iteration 3 ---
Qprime size   : 1561
max |ΔU|      : 8.681e-04
max |ΔU| norm  : 3.998e-02
max |Δn|      : 2.994e-03
max |Δn| norm  : 2.440e-02
max |ΔILDOS|  : 5.115e+02
last Poisson  : 14.992 s
last Quantum  : 2.906 s
-0.00035702423686310894 0.00012499380736293755
Iteration counts: [0, 2, 2]

--- Iteration 4 ---
Qprime size   : 1561
max |ΔU|      : 6.910e-04
max |ΔU| norm  : 3.197e-02
max |Δn|      : 2.324e-03
max |Δn| norm  : 1.913e-02
max |ΔILDOS|  : 4.607e+02
last Poisson  : 15.019 s
last Quantum  : 2.866 s
1.9165600198691468e-06 -1.1631204444659348e-06
Iteration counts: [0, 2, 3]

--- Iteration 5 ---
Qprime size   : 1561
max |ΔU|      : 1.805e-04
max |ΔU| norm  : 1.631e-03
max |Δn|      : 3.103e-03
max |Δn| norm  : 1.466e-02
max |ΔILDOS|  : 1.310e+02
last Poisson  : 14.994 s
last Quantum  : 2.917 s
-1.6442145974774333e-06 3.7905465995687465e-07
Iteration counts: [0, 2, 4]

--- Iteration 6 ---
Qprime size   : 1561
max |ΔU|      : 7.953e-05
max |ΔU| norm  : 8.604e-04
max |Δn|      : 1.324e-03
max |Δn| norm  : 6.630e-03
max |ΔILDOS|  : 6.113e+01
last Poisson  : 14.884 s
last Quantum  : 2.745 s
-1.9353298550635274e-06 6.128344293883999e-07
Iteration counts: [0, 2, 5]

--- Iteration 7 ---
Qprime size   : 1561
max |ΔU|      : 3.428e-05
max |ΔU| norm  : 5.113e-04
max |Δn|      : 5.778e-04
max |Δn| norm  : 3.706e-03
max |ΔILDOS|  : 3.814e+01
last Poisson  : 14.934 s
last Quantum  : 2.716 s
-1.522506467645851e-06 5.920876932529346e-07
Iteration counts: [0, 2, 6]

--- Iteration 8 ---
Qprime size   : 1561
max |ΔU|      : 1.681e-05
max |ΔU| norm  : 3.273e-04
max |Δn|      : 7.014e-04
max |Δn| norm  : 2.614e-03
max |ΔILDOS|  : 1.779e+01
last Poisson  : 15.019 s
last Quantum  : 2.828 s
-1.0676211176917123e-06 3.946094510192338e-07
Iteration counts: [0, 2, 7]

--- Iteration 9 ---
Qprime size   : 1561
max |ΔU|      : 1.497e-05
max |ΔU| norm  : 1.972e-04
max |Δn|      : 7.473e-04
max |Δn| norm  : 2.330e-03
max |ΔILDOS|  : 1.232e+01
last Poisson  : 15.145 s
last Quantum  : 2.651 s
-7.20478441781106e-07 3.0392014065812826e-07
Iteration counts: [0, 2, 8]

--- Iteration 10 ---
Qprime size   : 1561
max |ΔU|      : 1.324e-05
max |ΔU| norm  : 1.313e-04
max |Δn|      : 7.978e-04
max |Δn| norm  : 2.329e-03
max |ΔILDOS|  : 8.518e+00
last Poisson  : 15.042 s
last Quantum  : 2.630 s
-4.7290700649077445e-07 1.7754621287357943e-07
Iteration counts: [0, 2, 9]

--- Iteration 11 ---
Qprime size   : 1561
max |ΔU|      : 1.394e-05
max |ΔU| norm  : 8.708e-05
max |Δn|      : 8.508e-04
max |Δn| norm  : 2.448e-03
max |ΔILDOS|  : 8.161e+00
last Poisson  : 15.166 s
last Quantum  : 2.726 s
-2.8866610079017564e-07 1.2838601193944767e-07
Iteration counts: [0, 2, 10]

--- Iteration 12 ---
Qprime size   : 1561
max |ΔU|      : 1.332e-05
max |ΔU| norm  : 6.699e-05
max |Δn|      : 8.490e-04
max |Δn| norm  : 2.489e-03
max |ΔILDOS|  : 8.257e+00
last Poisson  : 15.204 s
last Quantum  : 2.620 s
-2.664473109976404e-07 9.297526806767693e-08
Iteration counts: [0, 2, 11]

--- Iteration 13 ---
Qprime size   : 1561
max |ΔU|      : 1.396e-05
max |ΔU| norm  : 5.882e-05
max |Δn|      : 7.757e-04
max |Δn| norm  : 2.377e-03
max |ΔILDOS|  : 8.066e+00
last Poisson  : 15.080 s
last Quantum  : 2.634 s
-1.1379740846748391e-07 5.343321588511737e-08
Iteration counts: [0, 2, 12]

--- Iteration 14 ---
Qprime size   : 1561
max |ΔU|      : 1.347e-05
max |ΔU| norm  : 5.017e-05
max |Δn|      : 7.558e-04
max |Δn| norm  : 2.412e-03
max |ΔILDOS|  : 7.957e+00
last Poisson  : 15.273 s
last Quantum  : 2.975 s
-4.735104414758556e-08 1.7516768244934446e-08
Iteration counts: [0, 2, 13]

--- Iteration 15 ---
Qprime size   : 1561
max |ΔU|      : 1.758e-05
max |ΔU| norm  : 5.336e-05
max |Δn|      : 9.331e-04
max |Δn| norm  : 2.665e-03
max |ΔILDOS|  : 9.993e+00
last Poisson  : 15.188 s
last Quantum  : 2.382 s
-2.5029274672025786e-08 1.578946220071835e-08
Iteration counts: [0, 2, 14]

--- Iteration 16 ---
Qprime size   : 1561
max |ΔU|      : 1.346e-05
max |ΔU| norm  : 4.827e-05
max |Δn|      : 8.700e-04
max |Δn| norm  : 2.648e-03
max |ΔILDOS|  : 8.441e+00
last Poisson  : 15.279 s
last Quantum  : 2.455 s
-1.0837807596324444e-07 3.326239469847269e-08
Iteration counts: [0, 2, 15]

--- Iteration 17 ---
Qprime size   : 1561
max |ΔU|      : 1.422e-05
max |ΔU| norm  : 5.342e-05
max |Δn|      : 8.042e-04
max |Δn| norm  : 2.469e-03
max |ΔILDOS|  : 9.874e+00
last Poisson  : 15.219 s
last Quantum  : 2.667 s
-2.170107704618024e-09 4.641411488697631e-09
Iteration counts: [0, 2, 16]

--- Iteration 18 ---
Qprime size   : 1561
max |ΔU|      : 1.348e-05
max |ΔU| norm  : 4.704e-05
max |Δn|      : 7.681e-04
max |Δn| norm  : 2.455e-03
max |ΔILDOS|  : 8.173e+00
last Poisson  : 15.330 s
last Quantum  : 2.544 s
1.3976307304052513e-08 -4.700744390821543e-09
Iteration counts: [0, 2, 17]

--- Iteration 19 ---
Qprime size   : 1561
max |ΔU|      : 1.658e-05
max |ΔU| norm  : 5.179e-05
max |Δn|      : 8.999e-04
max |Δn| norm  : 2.689e-03
max |ΔILDOS|  : 9.337e+00
last Poisson  : 15.123 s
last Quantum  : 2.425 s
1.923238031261822e-08 -4.285856321394256e-09
Iteration counts: [0, 2, 18]

--- Iteration 20 ---
Qprime size   : 1561
max |ΔU|      : 1.347e-05
max |ΔU| norm  : 4.799e-05
max |Δn|      : 8.652e-04
max |Δn| norm  : 2.674e-03
max |ΔILDOS|  : 8.637e+00
last Poisson  : 15.198 s
last Quantum  : 2.430 s
-8.091822873740363e-08 2.4207457110254784e-08
Iteration counts: [0, 2, 19]

--- Iteration 21 ---
Qprime size   : 1561
max |ΔU|      : 1.414e-05
max |ΔU| norm  : 5.313e-05
max |Δn|      : 8.077e-04
max |Δn| norm  : 2.499e-03
max |ΔILDOS|  : 9.637e+00
last Poisson  : 15.177 s
last Quantum  : 2.792 s
1.5710214299410624e-08 -3.796808808922678e-09
Iteration counts: [0, 2, 20]

--- Iteration 22 ---
Qprime size   : 1561
max |ΔU|      : 1.345e-05
max |ΔU| norm  : 4.728e-05
max |Δn|      : 7.712e-04
max |Δn| norm  : 2.481e-03
max |ΔILDOS|  : 8.297e+00
last Poisson  : 15.388 s
last Quantum  : 2.510 s
2.644711374696714e-08 -8.335996461546059e-09
Iteration counts: [0, 2, 21]

--- Iteration 23 ---
Qprime size   : 1561
max |ΔU|      : 1.656e-05
max |ΔU| norm  : 5.200e-05
max |Δn|      : 9.001e-04
max |Δn| norm  : 2.711e-03
max |ΔILDOS|  : 9.320e+00
last Poisson  : 15.311 s
last Quantum  : 2.463 s
2.4372484632173495e-08 -7.260569378396408e-09
Iteration counts: [0, 2, 22]

--- Iteration 24 ---
Qprime size   : 1561
max |ΔU|      : 1.346e-05
max |ΔU| norm  : 4.821e-05
max |Δn|      : 8.653e-04
max |Δn| norm  : 2.693e-03
max |ΔILDOS|  : 8.696e+00
last Poisson  : 15.381 s
last Quantum  : 2.567 s
-7.547064419196103e-08 2.2883291750804817e-08
Iteration counts: [0, 2, 23]

--- Iteration 25 ---
Qprime size   : 1561
max |ΔU|      : 1.415e-05
max |ΔU| norm  : 5.331e-05
max |Δn|      : 8.090e-04
max |Δn| norm  : 2.515e-03
max |ΔILDOS|  : 9.655e+00
last Poisson  : 15.258 s
last Quantum  : 2.621 s
1.7189929521615532e-08 -4.9751142144841806e-09
Iteration counts: [0, 2, 24]

--- Iteration 26 ---
Qprime size   : 1561
max |ΔU|      : 1.344e-05
max |ΔU| norm  : 4.751e-05
max |Δn|      : 7.723e-04
max |Δn| norm  : 2.495e-03
max |ΔILDOS|  : 8.337e+00
last Poisson  : 14.491 s
last Quantum  : 3.025 s
3.018098977822972e-08 -9.153855589255767e-09
Iteration counts: [0, 2, 25]

--- Iteration 27 ---
Qprime size   : 1561
max |ΔU|      : 1.656e-05
max |ΔU| norm  : 5.218e-05
max |Δn|      : 9.002e-04
max |Δn| norm  : 2.724e-03
max |ΔILDOS|  : 9.311e+00
last Poisson  : 14.482 s
last Quantum  : 3.152 s
2.428272250989072e-08 -7.66567417822161e-09
Iteration counts: [0, 2, 26]

--- Iteration 28 ---
Qprime size   : 1561
max |ΔU|      : 1.345e-05
max |ΔU| norm  : 4.838e-05
max |Δn|      : 8.654e-04
max |Δn| norm  : 2.704e-03
max |ΔILDOS|  : 8.720e+00
last Poisson  : 14.623 s
last Quantum  : 2.661 s
-7.375506882913765e-08 2.2641027807719898e-08
Iteration counts: [0, 2, 27]

--- Iteration 29 ---
Qprime size   : 1561
max |ΔU|      : 1.415e-05
max |ΔU| norm  : 5.344e-05
max |Δn|      : 8.097e-04
max |Δn| norm  : 2.524e-03
max |ΔILDOS|  : 9.662e+00
last Poisson  : 14.819 s
last Quantum  : 2.706 s
1.6819927462570563e-08 -5.156825281213091e-09
Iteration counts: [0, 2, 28]

--- Iteration 30 ---
Qprime size   : 1561
max |ΔU|      : 1.344e-05
max |ΔU| norm  : 4.766e-05
max |Δn|      : 7.729e-04
max |Δn| norm  : 2.503e-03
max |ΔILDOS|  : 8.361e+00
last Poisson  : 14.744 s
last Quantum  : 2.362 s
3.164946100065914e-08 -9.376835479262186e-09
FSC converged / stopped.
✔ Logged phi=0.0933, Vbg=2.1667

=== Running phi=0.0933, Vbg=2.3333 ===
🔄 Full Hamiltonian rebuild (qparams change)
The poisson problem has been initialized.
Iteration counts: [0, 0, 0]

--- Iteration 0 ---
Qprime size   : 1452
max |ΔU|      : 4.707e-14
max |ΔU| norm  : 1.725e-12
max |Δn|      : 2.673e-13
max |Δn| norm  : 1.620e-12
-0.0001047001240496467 -1.1867623141276126e-06
Iteration counts: [0, 0, 1]

--- Iteration 1 ---
Qprime size   : 1452
max |ΔU|      : 8.448e-04
max |ΔU| norm  : 1.956e-02
max |Δn|      : 7.963e-03
max |Δn| norm  : 3.138e-02
max |ΔILDOS|  : 4.108e+02
last Poisson  : 16.129 s
last Quantum  : 2.183 s
-0.00042416986948294274 0.00013899264779551095
Iteration counts: [0, 1, 1]

--- Iteration 2 ---
Qprime size   : 1452
max |ΔU|      : 9.485e-04
max |ΔU| norm  : 3.928e-02
max |Δn|      : 3.824e-03
max |Δn| norm  : 3.036e-02
max |ΔILDOS|  : 4.108e+02
last Poisson  : 14.309 s
last Quantum  : 2.183 s
-0.00033936493832485514 0.0001114471911897707
Iteration counts: [0, 2, 1]

--- Iteration 3 ---
Qprime size   : 1452
max |ΔU|      : 7.549e-04
max |ΔU| norm  : 3.144e-02
max |Δn|      : 2.966e-03
max |Δn| norm  : 2.366e-02
max |ΔILDOS|  : 4.108e+02
last Poisson  : 14.296 s
last Quantum  : 2.183 s
-0.0002715139295348619 8.935078423494265e-05
Iteration counts: [0, 2, 2]

--- Iteration 4 ---
Qprime size   : 1452
max |ΔU|      : 6.007e-04
max |ΔU| norm  : 2.517e-02
max |Δn|      : 2.305e-03
max |Δn| norm  : 1.846e-02
max |ΔILDOS|  : 4.164e+02
last Poisson  : 14.336 s
last Quantum  : 1.680 s
2.6263665740390843e-06 -3.2356440776240648e-06
Iteration counts: [0, 2, 3]

--- Iteration 5 ---
Qprime size   : 1452
max |ΔU|      : 1.780e-04
max |ΔU| norm  : 1.609e-03
max |Δn|      : 2.792e-03
max |Δn| norm  : 1.486e-02
max |ΔILDOS|  : 1.838e+02
last Poisson  : 15.968 s
last Quantum  : 1.626 s
2.2597532370622404e-06 -2.094528837636064e-06
Iteration counts: [0, 2, 4]

--- Iteration 6 ---
Qprime size   : 1452
max |ΔU|      : 1.187e-04
max |ΔU| norm  : 9.210e-04
max |Δn|      : 1.793e-03
max |Δn| norm  : 6.800e-03
max |ΔILDOS|  : 8.002e+01
last Poisson  : 15.920 s
last Quantum  : 1.639 s
4.701736526327509e-07 -9.165198256085281e-07
Iteration counts: [0, 2, 5]

--- Iteration 7 ---
Qprime size   : 1452
max |ΔU|      : 7.719e-05
max |ΔU| norm  : 5.583e-04
max |Δn|      : 1.155e-03
max |Δn| norm  : 4.273e-03
max |ΔILDOS|  : 3.224e+01
last Poisson  : 15.228 s
last Quantum  : 1.704 s
-7.02643734062875e-07 -1.7365888769203324e-07
Iteration counts: [0, 2, 6]

--- Iteration 8 ---
Qprime size   : 1452
max |ΔU|      : 4.282e-05
max |ΔU| norm  : 3.154e-04
max |Δn|      : 8.979e-04
max |Δn| norm  : 3.706e-03
max |ΔILDOS|  : 1.812e+01
last Poisson  : 14.344 s
last Quantum  : 1.638 s
-7.095490628964996e-07 3.4336353731032103e-08
Iteration counts: [0, 2, 7]

--- Iteration 9 ---
Qprime size   : 1452
max |ΔU|      : 2.300e-05
max |ΔU| norm  : 2.049e-04
max |Δn|      : 1.042e-03
max |Δn| norm  : 4.385e-03
max |ΔILDOS|  : 1.215e+01
last Poisson  : 14.376 s
last Quantum  : 1.713 s
-3.5591776920877327e-07 3.169020443509904e-08
Iteration counts: [0, 2, 8]

--- Iteration 10 ---
Qprime size   : 1452
max |ΔU|      : 1.689e-05
max |ΔU| norm  : 1.395e-04
max |Δn|      : 1.163e-03
max |Δn| norm  : 4.913e-03
max |ΔILDOS|  : 1.034e+01
last Poisson  : 14.373 s
last Quantum  : 1.724 s
-3.803583703663856e-07 8.803217962348505e-08
Iteration counts: [0, 2, 9]

--- Iteration 11 ---
Qprime size   : 1452
max |ΔU|      : 1.709e-05
max |ΔU| norm  : 1.128e-04
max |Δn|      : 1.114e-03
max |Δn| norm  : 4.952e-03
max |ΔILDOS|  : 1.132e+01
last Poisson  : 14.465 s
last Quantum  : 1.647 s
-1.3618557614847145e-07 3.610359933744225e-08
Iteration counts: [0, 2, 10]

--- Iteration 12 ---
Qprime size   : 1452
max |ΔU|      : 1.731e-05
max |ΔU| norm  : 9.566e-05
max |Δn|      : 1.125e-03
max |Δn| norm  : 5.065e-03
max |ΔILDOS|  : 1.075e+01
last Poisson  : 16.092 s
last Quantum  : 1.648 s
-2.695873985014941e-07 8.656386139628293e-08
Iteration counts: [0, 2, 11]

--- Iteration 13 ---
Qprime size   : 1452
max |ΔU|      : 1.916e-05
max |ΔU| norm  : 9.823e-05
max |Δn|      : 1.153e-03
max |Δn| norm  : 5.301e-03
max |ΔILDOS|  : 1.287e+01
last Poisson  : 15.845 s
last Quantum  : 1.660 s
9.446399813354693e-09 3.572516997891889e-09
Iteration counts: [0, 2, 12]

--- Iteration 14 ---
Qprime size   : 1452
max |ΔU|      : 1.949e-05
max |ΔU| norm  : 9.141e-05
max |Δn|      : 1.177e-03
max |Δn| norm  : 5.211e-03
max |ΔILDOS|  : 1.426e+01
last Poisson  : 15.823 s
last Quantum  : 1.601 s
-8.45938773374708e-08 3.154461141237268e-08
Iteration counts: [0, 2, 13]

--- Iteration 15 ---
Qprime size   : 1452
max |ΔU|      : 1.678e-05
max |ΔU| norm  : 8.403e-05
max |Δn|      : 1.103e-03
max |Δn| norm  : 4.778e-03
max |ΔILDOS|  : 1.011e+01
last Poisson  : 15.768 s
last Quantum  : 1.616 s
7.288064504620546e-09 1.976064397094803e-09
Iteration counts: [0, 2, 14]

--- Iteration 16 ---
Qprime size   : 1452
max |ΔU|      : 1.715e-05
max |ΔU| norm  : 8.452e-05
max |Δn|      : 1.078e-03
max |Δn| norm  : 4.745e-03
max |ΔILDOS|  : 1.071e+01
last Poisson  : 15.777 s
last Quantum  : 1.639 s
-1.463600280285205e-07 4.8997594233536e-08
Iteration counts: [0, 2, 15]

--- Iteration 17 ---
Qprime size   : 1452
max |ΔU|      : 1.879e-05
max |ΔU| norm  : 9.938e-05
max |Δn|      : 1.136e-03
max |Δn| norm  : 5.348e-03
max |ΔILDOS|  : 1.278e+01
last Poisson  : 16.002 s
last Quantum  : 1.623 s
-2.273367590803008e-08 9.727886049614971e-09
Iteration counts: [0, 2, 16]

--- Iteration 18 ---
Qprime size   : 1452
max |ΔU|      : 2.084e-05
max |ΔU| norm  : 9.053e-05
max |Δn|      : 1.239e-03
max |Δn| norm  : 5.580e-03
max |ΔILDOS|  : 1.218e+01
last Poisson  : 15.840 s
last Quantum  : 1.617 s
-1.3855741628421018e-08 6.6233378403926605e-09
Iteration counts: [0, 2, 17]

--- Iteration 19 ---
Qprime size   : 1452
max |ΔU|      : 1.505e-05
max |ΔU| norm  : 8.430e-05
max |Δn|      : 1.122e-03
max |Δn| norm  : 5.001e-03
max |ΔILDOS|  : 1.040e+01
last Poisson  : 15.901 s
last Quantum  : 1.625 s
1.2885714378414405e-07 -3.8161131480326926e-08
Iteration counts: [0, 2, 18]

--- Iteration 20 ---
Qprime size   : 1452
max |ΔU|      : 1.713e-05
max |ΔU| norm  : 9.023e-05
max |Δn|      : 1.049e-03
max |Δn| norm  : 4.638e-03
max |ΔILDOS|  : 1.199e+01
last Poisson  : 15.908 s
last Quantum  : 1.611 s
-1.371160799427758e-07 4.27611028177406e-08
Iteration counts: [0, 2, 19]

--- Iteration 21 ---
Qprime size   : 1452
max |ΔU|      : 1.865e-05
max |ΔU| norm  : 9.958e-05
max |Δn|      : 1.099e-03
max |Δn| norm  : 5.182e-03
max |ΔILDOS|  : 1.272e+01
last Poisson  : 15.966 s
last Quantum  : 1.618 s
-1.5488546675013964e-08 4.989935990746242e-09
Iteration counts: [0, 2, 20]

--- Iteration 22 ---
Qprime size   : 1452
max |ΔU|      : 2.024e-05
max |ΔU| norm  : 8.859e-05
max |Δn|      : 1.225e-03
max |Δn| norm  : 5.608e-03
max |ΔILDOS|  : 1.214e+01
last Poisson  : 15.781 s
last Quantum  : 1.635 s
-1.4705356033311489e-08 5.222420146125651e-09
Iteration counts: [0, 2, 21]

--- Iteration 23 ---
Qprime size   : 1452
max |ΔU|      : 1.501e-05
max |ΔU| norm  : 8.463e-05
max |Δn|      : 1.141e-03
max |Δn| norm  : 5.139e-03
max |ΔILDOS|  : 1.063e+01
last Poisson  : 15.725 s
last Quantum  : 1.743 s
1.750834950469705e-07 -5.298556076043187e-08
Iteration counts: [0, 2, 22]

--- Iteration 24 ---
Qprime size   : 1452
max |ΔU|      : 1.808e-05
max |ΔU| norm  : 9.227e-05
max |Δn|      : 1.054e-03
max |Δn| norm  : 4.632e-03
max |ΔILDOS|  : 1.224e+01
last Poisson  : 14.627 s
last Quantum  : 1.636 s
-9.089881356860653e-08 2.7954408208481613e-08
Iteration counts: [0, 2, 23]

--- Iteration 25 ---
Qprime size   : 1452
max |ΔU|      : 1.872e-05
max |ΔU| norm  : 9.593e-05
max |Δn|      : 1.100e-03
max |Δn| norm  : 5.013e-03
max |ΔILDOS|  : 1.275e+01
last Poisson  : 14.333 s
last Quantum  : 1.583 s
-7.222424583663636e-08 2.156286040828072e-08
Iteration counts: [0, 2, 24]

--- Iteration 26 ---
Qprime size   : 1452
max |ΔU|      : 2.040e-05
max |ΔU| norm  : 8.929e-05
max |Δn|      : 1.216e-03
max |Δn| norm  : 5.573e-03
max |ΔILDOS|  : 1.239e+01
last Poisson  : 14.344 s
last Quantum  : 1.605 s
-6.877548042196873e-08 2.13688400936116e-08
Iteration counts: [0, 2, 25]

--- Iteration 27 ---
Qprime size   : 1452
max |ΔU|      : 1.613e-05
max |ΔU| norm  : 8.662e-05
max |Δn|      : 1.168e-03
max |Δn| norm  : 5.313e-03
max |ΔILDOS|  : 1.095e+01
last Poisson  : 14.336 s
last Quantum  : 1.592 s
2.050218880211894e-07 -6.21117000584295e-08
Iteration counts: [0, 2, 26]

--- Iteration 28 ---
Qprime size   : 1452
max |ΔU|      : 1.908e-05
max |ΔU| norm  : 9.602e-05
max |Δn|      : 1.076e-03
max |Δn| norm  : 4.761e-03
max |ΔILDOS|  : 1.384e+01
last Poisson  : 14.325 s
last Quantum  : 1.596 s
-3.573620217198944e-08 1.1044316096315785e-08
Iteration counts: [0, 2, 27]

--- Iteration 29 ---
Qprime size   : 1452
max |ΔU|      : 1.867e-05
max |ΔU| norm  : 9.304e-05
max |Δn|      : 1.100e-03
max |Δn| norm  : 4.913e-03
max |ΔILDOS|  : 1.272e+01
last Poisson  : 14.326 s
last Quantum  : 1.608 s
-3.042334579219402e-08 8.51830157756686e-09
Iteration counts: [0, 2, 28]

--- Iteration 30 ---
Qprime size   : 1452
max |ΔU|      : 2.039e-05
max |ΔU| norm  : 8.698e-05
max |Δn|      : 1.202e-03
max |Δn| norm  : 5.356e-03
max |ΔILDOS|  : 1.232e+01
last Poisson  : 14.337 s
last Quantum  : 1.597 s
-8.891329380134224e-08 2.7288040324073428e-08
FSC converged / stopped.
✔ Logged phi=0.0933, Vbg=2.3333

=== Running phi=0.0933, Vbg=2.5000 ===
🔄 Full Hamiltonian rebuild (qparams change)
The poisson problem has been initialized.
Iteration counts: [0, 0, 0]

--- Iteration 0 ---
Qprime size   : 1333
max |ΔU|      : 6.262e-14
max |ΔU| norm  : 2.234e-12
max |Δn|      : 2.225e-13
max |Δn| norm  : 1.537e-12
-3.7094505904315985e-05 -2.7408065653858834e-05
Iteration counts: [0, 0, 1]

--- Iteration 1 ---
Qprime size   : 1333
max |ΔU|      : 6.963e-04
max |ΔU| norm  : 1.573e-02
max |Δn|      : 2.858e-03
max |Δn| norm  : 1.869e-02
max |ΔILDOS|  : 4.075e+02
last Poisson  : 12.444 s
last Quantum  : 1.411 s
-0.00029383747719487663 8.509347084603738e-05
Iteration counts: [0, 0, 2]

--- Iteration 2 ---
Qprime size   : 1333
max |ΔU|      : 8.011e-04
max |ΔU| norm  : 2.971e-02
max |Δn|      : 3.098e-03
max |Δn| norm  : 2.653e-02
max |ΔILDOS|  : 4.014e+02
last Poisson  : 11.946 s
last Quantum  : 1.299 s
-0.00017517601986607705 5.057607237760838e-05
Iteration counts: [0, 0, 3]

--- Iteration 3 ---
Qprime size   : 1333
max |ΔU|      : 4.913e-04
max |ΔU| norm  : 1.787e-02
max |Δn|      : 1.990e-03
max |Δn| norm  : 1.462e-02
max |ΔILDOS|  : 3.810e+02
last Poisson  : 11.979 s
last Quantum  : 1.322 s
-0.0001046314172999197 3.045942213331939e-05
Iteration counts: [0, 0, 4]

--- Iteration 4 ---
Qprime size   : 1333
max |ΔU|      : 2.955e-04
max |ΔU| norm  : 1.068e-02
max |Δn|      : 1.538e-03
max |Δn| norm  : 8.417e-03
max |ΔILDOS|  : 3.760e+02
last Poisson  : 12.014 s
last Quantum  : 1.295 s
-6.287780640363396e-05 1.8376864167723665e-05
Iteration counts: [0, 0, 5]

--- Iteration 5 ---
Qprime size   : 1333
max |ΔU|      : 1.757e-04
max |ΔU| norm  : 6.415e-03
max |Δn|      : 8.799e-04
max |Δn| norm  : 4.882e-03
max |ΔILDOS|  : 2.952e+02
last Poisson  : 12.002 s
last Quantum  : 2.140 s
-3.833967653813338e-05 1.1344745472346449e-05
Iteration counts: [0, 0, 6]

--- Iteration 6 ---
Qprime size   : 1333
max |ΔU|      : 1.031e-04
max |ΔU| norm  : 3.879e-03
max |Δn|      : 5.130e-04
max |Δn| norm  : 2.931e-03
max |ΔILDOS|  : 1.926e+02
last Poisson  : 11.712 s
last Quantum  : 2.123 s
-2.309059248593046e-05 6.878902169804681e-06
Iteration counts: [0, 0, 7]

--- Iteration 7 ---
Qprime size   : 1333
max |ΔU|      : 6.217e-05
max |ΔU| norm  : 2.331e-03
max |Δn|      : 2.889e-04
max |Δn| norm  : 1.843e-03
max |ΔILDOS|  : 1.159e+02
last Poisson  : 11.706 s
last Quantum  : 1.799 s
-1.4165365256050714e-05 4.254560514609638e-06
Iteration counts: [0, 0, 8]

--- Iteration 8 ---
Qprime size   : 1333
max |ΔU|      : 3.797e-05
max |ΔU| norm  : 1.422e-03
max |Δn|      : 2.803e-04
max |Δn| norm  : 1.191e-03
max |ΔILDOS|  : 7.053e+01
last Poisson  : 11.703 s
last Quantum  : 2.082 s
-8.472370123041094e-06 2.5258650269049063e-06
Iteration counts: [0, 0, 9]

--- Iteration 9 ---
Qprime size   : 1333
max |ΔU|      : 2.330e-05
max |ΔU| norm  : 8.592e-04
max |Δn|      : 2.585e-04
max |Δn| norm  : 8.049e-04
max |ΔILDOS|  : 4.142e+01
last Poisson  : 11.715 s
last Quantum  : 2.133 s
-5.173507004845207e-06 1.5364928217145724e-06
Iteration counts: [0, 0, 10]

--- Iteration 10 ---
Qprime size   : 1333
max |ΔU|      : 1.417e-05
max |ΔU| norm  : 5.221e-04
max |Δn|      : 2.538e-04
max |Δn| norm  : 5.885e-04
max |ΔILDOS|  : 2.533e+01
last Poisson  : 11.699 s
last Quantum  : 2.097 s
-3.225051613535331e-06 9.56825918911961e-07
Iteration counts: [0, 0, 11]

--- Iteration 11 ---
Qprime size   : 1333
max |ΔU|      : 8.937e-06
max |ΔU| norm  : 3.247e-04
max |Δn|      : 2.387e-04
max |Δn| norm  : 4.666e-04
max |ΔILDOS|  : 1.653e+01
last Poisson  : 11.702 s
last Quantum  : 1.978 s
-1.9492768847493354e-06 5.782134534095079e-07
Iteration counts: [0, 0, 12]

--- Iteration 12 ---
Qprime size   : 1333
max |ΔU|      : 7.370e-06
max |ΔU| norm  : 1.955e-04
max |Δn|      : 2.369e-04
max |Δn| norm  : 3.946e-04
max |ΔILDOS|  : 9.480e+00
last Poisson  : 11.705 s
last Quantum  : 2.102 s
-1.1726585928269938e-06 3.462021027068184e-07
Iteration counts: [0, 0, 13]

--- Iteration 13 ---
Qprime size   : 1333
max |ΔU|      : 5.040e-06
max |ΔU| norm  : 1.184e-04
max |Δn|      : 2.433e-04
max |Δn| norm  : 3.614e-04
max |ΔILDOS|  : 5.449e+00
last Poisson  : 11.718 s
last Quantum  : 2.069 s
-7.195704959600141e-07 2.1229719851170596e-07
Iteration counts: [0, 0, 14]

--- Iteration 14 ---
Qprime size   : 1333
max |ΔU|      : 6.173e-06
max |ΔU| norm  : 7.257e-05
max |Δn|      : 2.392e-04
max |Δn| norm  : 3.442e-04
max |ΔILDOS|  : 3.769e+00
last Poisson  : 11.696 s
last Quantum  : 2.143 s
-4.337887090170424e-07 1.266380485585695e-07
Iteration counts: [0, 0, 15]

--- Iteration 15 ---
Qprime size   : 1333
max |ΔU|      : 5.331e-06
max |ΔU| norm  : 4.482e-05
max |Δn|      : 2.416e-04
max |Δn| norm  : 3.347e-04
max |ΔILDOS|  : 3.283e+00
last Poisson  : 11.693 s
last Quantum  : 2.134 s
-2.734928404780016e-07 7.990517282318992e-08
Iteration counts: [0, 0, 16]

--- Iteration 16 ---
Qprime size   : 1333
max |ΔU|      : 5.903e-06
max |ΔU| norm  : 2.875e-05
max |Δn|      : 2.398e-04
max |Δn| norm  : 3.293e-04
max |ΔILDOS|  : 3.601e+00
last Poisson  : 11.719 s
last Quantum  : 2.076 s
-1.633310203330997e-07 4.677381186305876e-08
Iteration counts: [0, 0, 17]

--- Iteration 17 ---
Qprime size   : 1333
max |ΔU|      : 5.523e-06
max |ΔU| norm  : 1.886e-05
max |Δn|      : 2.406e-04
max |Δn| norm  : 3.261e-04
max |ΔILDOS|  : 3.359e+00
last Poisson  : 11.731 s
last Quantum  : 2.030 s
-1.0772812240649703e-07 3.122696721269712e-08
Iteration counts: [0, 0, 18]

--- Iteration 18 ---
Qprime size   : 1333
max |ΔU|      : 5.777e-06
max |ΔU| norm  : 1.379e-05
max |Δn|      : 2.399e-04
max |Δn| norm  : 3.238e-04
max |ΔILDOS|  : 3.507e+00
last Poisson  : 11.717 s
last Quantum  : 2.039 s
-6.079206555188105e-08 1.6826871932846597e-08
Iteration counts: [0, 0, 19]

--- Iteration 19 ---
Qprime size   : 1333
max |ΔU|      : 5.609e-06
max |ΔU| norm  : 1.075e-05
max |Δn|      : 2.403e-04
max |Δn| norm  : 3.222e-04
max |ΔILDOS|  : 3.399e+00
last Poisson  : 11.707 s
last Quantum  : 2.060 s
-4.38698144710616e-08 1.2684040286517116e-08
Iteration counts: [0, 0, 20]

--- Iteration 20 ---
Qprime size   : 1333
max |ΔU|      : 5.723e-06
max |ΔU| norm  : 9.627e-06
max |Δn|      : 2.401e-04
max |Δn| norm  : 3.210e-04
max |ΔILDOS|  : 3.461e+00
last Poisson  : 11.715 s
last Quantum  : 2.040 s
-2.1514401016728115e-08 5.530127662579975e-09
Iteration counts: [0, 0, 21]

--- Iteration 21 ---
Qprime size   : 1333
max |ΔU|      : 5.652e-06
max |ΔU| norm  : 8.912e-06
max |Δn|      : 2.404e-04
max |Δn| norm  : 3.200e-04
max |ΔILDOS|  : 3.414e+00
last Poisson  : 11.693 s
last Quantum  : 2.092 s
-1.9127585804013207e-08 5.622174985999289e-09
Iteration counts: [0, 0, 22]

--- Iteration 22 ---
Qprime size   : 1333
max |ΔU|      : 5.705e-06
max |ΔU| norm  : 8.739e-06
max |Δn|      : 2.404e-04
max |Δn| norm  : 3.192e-04
max |ΔILDOS|  : 3.440e+00
last Poisson  : 11.677 s
last Quantum  : 2.116 s
-6.4253926672056064e-09 1.2927289377190885e-09
Iteration counts: [0, 0, 23]

--- Iteration 23 ---
Qprime size   : 1333
max |ΔU|      : 5.678e-06
max |ΔU| norm  : 8.567e-06
max |Δn|      : 2.408e-04
max |Δn| norm  : 3.186e-04
max |ΔILDOS|  : 3.420e+00
last Poisson  : 11.716 s
last Quantum  : 2.217 s
-9.428853518462877e-09 2.916831096267901e-09
Iteration counts: [0, 0, 24]

--- Iteration 24 ---
Qprime size   : 1333
max |ΔU|      : 5.704e-06
max |ΔU| norm  : 8.540e-06
max |Δn|      : 2.409e-04
max |Δn| norm  : 3.180e-04
max |ΔILDOS|  : 3.430e+00
last Poisson  : 11.718 s
last Quantum  : 2.188 s
-6.494848198539975e-10 -2.783964404309007e-10
Iteration counts: [0, 0, 25]

--- Iteration 25 ---
Qprime size   : 1333
max |ΔU|      : 5.697e-06
max |ΔU| norm  : 8.483e-06
max |Δn|      : 2.413e-04
max |Δn| norm  : 3.176e-04
max |ΔILDOS|  : 3.421e+00
last Poisson  : 11.746 s
last Quantum  : 2.025 s
-5.559598694683193e-09 1.8629754548973033e-09
Iteration counts: [0, 0, 26]

--- Iteration 26 ---
Qprime size   : 1333
max |ΔU|      : 5.711e-06
max |ΔU| norm  : 8.471e-06
max |Δn|      : 2.415e-04
max |Δn| norm  : 3.172e-04
max |ΔILDOS|  : 3.425e+00
last Poisson  : 11.718 s
last Quantum  : 2.057 s
1.5348940859653388e-09 -8.470260414531717e-10
Iteration counts: [0, 0, 27]

--- Iteration 27 ---
Qprime size   : 1333
max |ΔU|      : 5.711e-06
max |ΔU| norm  : 8.445e-06
max |Δn|      : 2.418e-04
max |Δn| norm  : 3.170e-04
max |ΔILDOS|  : 3.422e+00
last Poisson  : 11.745 s
last Quantum  : 2.212 s
-3.98107079927032e-09 1.4425556279007221e-09
Iteration counts: [0, 0, 28]

--- Iteration 28 ---
Qprime size   : 1333
max |ΔU|      : 5.720e-06
max |ΔU| norm  : 8.434e-06
max |Δn|      : 2.421e-04
max |Δn| norm  : 3.167e-04
max |ΔILDOS|  : 3.423e+00
last Poisson  : 11.692 s
last Quantum  : 2.066 s
2.353287665426298e-09 -1.0471449943725192e-09
Iteration counts: [0, 0, 29]

--- Iteration 29 ---
Qprime size   : 1333
max |ΔU|      : 5.724e-06
max |ΔU| norm  : 8.417e-06
max |Δn|      : 2.424e-04
max |Δn| norm  : 3.166e-04
max |ΔILDOS|  : 3.422e+00
last Poisson  : 11.735 s
last Quantum  : 2.123 s
-3.3240793085226935e-09 1.2708026742089651e-09
Iteration counts: [0, 0, 30]

--- Iteration 30 ---
Qprime size   : 1333
max |ΔU|      : 5.731e-06
max |ΔU| norm  : 8.407e-06
max |Δn|      : 2.426e-04
max |Δn| norm  : 3.164e-04
max |ΔILDOS|  : 3.422e+00
last Poisson  : 11.741 s
last Quantum  : 2.135 s
2.657836832529558e-09 -1.1151111816177944e-09
FSC converged / stopped.
✔ Logged phi=0.0933, Vbg=2.5000

=== Running phi=0.0978, Vbg=1.0000 ===
🔄 Full Hamiltonian rebuild (qparams change)
The poisson problem has been initialized.
Iteration counts: [0, 0, 0]

--- Iteration 0 ---
Qprime size   : 1333
-0.0019064489085568925 0.0008269694144389231
Iteration counts: [0, 1, 0]

--- Iteration 1 ---
Qprime size   : 1333
max |ΔU|      : 2.023e-03
max |ΔU| norm  : 1.421e-01
max |Δn|      : 5.968e-03
max |Δn| norm  : 5.603e-02
last Poisson  : 11.589 s
-0.0015248233237338555 0.000661685490359834
Iteration counts: [0, 2, 0]

--- Iteration 2 ---
Qprime size   : 1333
max |ΔU|      : 1.624e-03
max |ΔU| norm  : 1.137e-01
max |Δn|      : 4.570e-03
max |Δn| norm  : 4.415e-02
last Poisson  : 11.637 s
-0.001219391275460106 0.0005293720233772452
Iteration counts: [0, 3, 0]

--- Iteration 3 ---
Qprime size   : 1333
max |ΔU|      : 1.299e-03
max |ΔU| norm  : 9.096e-02
max |Δn|      : 3.519e-03
max |Δn| norm  : 3.484e-02
last Poisson  : 11.591 s
-0.0009750657465276443 0.00042350100473616384
Iteration counts: [0, 4, 0]

--- Iteration 4 ---
Qprime size   : 1333
max |ΔU|      : 1.044e-03
max |ΔU| norm  : 7.277e-02
max |Δn|      : 2.724e-03
max |Δn| norm  : 2.756e-02
last Poisson  : 11.597 s
-0.0007800328326191408 0.0003389101962670894
Iteration counts: [0, 4, 1]

--- Iteration 5 ---
Qprime size   : 1333
max |ΔU|      : 8.399e-04
max |ΔU| norm  : 5.824e-02
max |Δn|      : 2.115e-03
max |Δn| norm  : 2.181e-02
max |ΔILDOS|  : 4.244e+02
last Poisson  : 11.609 s
last Quantum  : 1.797 s
0.0005016844416359702 -0.00024051670297297155
Iteration counts: [0, 4, 2]

--- Iteration 6 ---
Qprime size   : 1333
max |ΔU|      : 6.969e-04
max |ΔU| norm  : 3.655e-02
max |Δn|      : 6.007e-03
max |Δn| norm  : 3.841e-02
max |ΔILDOS|  : 4.241e+02
last Poisson  : 13.401 s
last Quantum  : 1.650 s
0.0002958186430953651 -0.00014272711586811316
Iteration counts: [0, 5, 2]

--- Iteration 7 ---
Qprime size   : 1333
max |ΔU|      : 4.374e-04
max |ΔU| norm  : 2.163e-02
max |Δn|      : 2.834e-03
max |Δn| norm  : 1.879e-02
max |ΔILDOS|  : 4.241e+02
last Poisson  : 13.426 s
last Quantum  : 1.650 s
0.00023721895853879012 -0.00011434203601556589
Iteration counts: [0, 5, 3]

--- Iteration 8 ---
Qprime size   : 1333
max |ΔU|      : 3.489e-04
max |ΔU| norm  : 1.734e-02
max |Δn|      : 2.216e-03
max |Δn| norm  : 1.451e-02
max |ΔILDOS|  : 4.348e+02
last Poisson  : 13.460 s
last Quantum  : 1.299 s
8.732954622957995e-05 -4.1396421240054267e-05
Iteration counts: [0, 5, 4]

--- Iteration 9 ---
Qprime size   : 1333
max |ΔU|      : 1.399e-04
max |ΔU| norm  : 6.383e-03
max |Δn|      : 2.842e-03
max |Δn| norm  : 1.312e-02
max |ΔILDOS|  : 1.636e+02
last Poisson  : 13.655 s
last Quantum  : 1.325 s
5.537114820130665e-05 -2.595358147713003e-05
Iteration counts: [0, 5, 5]

--- Iteration 10 ---
Qprime size   : 1333
max |ΔU|      : 1.189e-04
max |ΔU| norm  : 3.997e-03
max |Δn|      : 1.960e-03
max |Δn| norm  : 8.363e-03
max |ΔILDOS|  : 1.021e+02
last Poisson  : 13.570 s
last Quantum  : 1.257 s
3.194535576068754e-05 -1.5163062320996122e-05
Iteration counts: [0, 5, 6]

--- Iteration 11 ---
Qprime size   : 1333
max |ΔU|      : 7.537e-05
max |ΔU| norm  : 2.354e-03
max |Δn|      : 1.931e-03
max |Δn| norm  : 7.355e-03
max |ΔILDOS|  : 6.263e+01
last Poisson  : 13.783 s
last Quantum  : 1.306 s
1.8776219747886887e-05 -9.14603338932159e-06
Iteration counts: [0, 5, 7]

--- Iteration 12 ---
Qprime size   : 1333
max |ΔU|      : 8.815e-05
max |ΔU| norm  : 1.420e-03
max |Δn|      : 2.474e-03
max |Δn| norm  : 8.538e-03
max |ΔILDOS|  : 6.022e+01
last Poisson  : 13.770 s
last Quantum  : 1.275 s
1.1470121322598686e-05 -5.447715188984635e-06
Iteration counts: [0, 5, 8]

--- Iteration 13 ---
Qprime size   : 1333
max |ΔU|      : 7.990e-05
max |ΔU| norm  : 9.312e-04
max |Δn|      : 2.044e-03
max |Δn| norm  : 7.251e-03
max |ΔILDOS|  : 2.929e+01
last Poisson  : 13.773 s
last Quantum  : 1.251 s
6.885633379506503e-06 -3.2707351367963506e-06
Iteration counts: [0, 5, 9]

--- Iteration 14 ---
Qprime size   : 1333
max |ΔU|      : 8.976e-05
max |ΔU| norm  : 6.548e-04
max |Δn|      : 2.386e-03
max |Δn| norm  : 7.821e-03
max |ΔILDOS|  : 4.392e+01
last Poisson  : 13.707 s
last Quantum  : 1.552 s
3.7630117860788833e-06 -1.94969636519631e-06
Iteration counts: [0, 5, 10]

--- Iteration 15 ---
Qprime size   : 1333
max |ΔU|      : 8.117e-05
max |ΔU| norm  : 5.281e-04
max |Δn|      : 2.413e-03
max |Δn| norm  : 8.120e-03
max |ΔILDOS|  : 4.142e+01
last Poisson  : 12.543 s
last Quantum  : 2.164 s
3.0275927232556748e-06 -1.402609724369013e-06
Iteration counts: [0, 5, 11]

--- Iteration 16 ---
Qprime size   : 1333
max |ΔU|      : 8.911e-05
max |ΔU| norm  : 4.497e-04
max |Δn|      : 1.743e-03
max |Δn| norm  : 6.880e-03
max |ΔILDOS|  : 3.683e+01
last Poisson  : 13.285 s
last Quantum  : 2.357 s
2.1285433838536567e-06 -9.467223200734918e-07
Iteration counts: [0, 5, 12]

--- Iteration 17 ---
Qprime size   : 1333
max |ΔU|      : 6.773e-05
max |ΔU| norm  : 3.749e-04
max |Δn|      : 2.313e-03
max |Δn| norm  : 7.536e-03
max |ΔILDOS|  : 3.122e+01
last Poisson  : 13.223 s
last Quantum  : 2.337 s
-4.804890421228419e-07 -1.8624770618423555e-08
Iteration counts: [0, 5, 13]

--- Iteration 18 ---
Qprime size   : 1333
max |ΔU|      : 7.368e-05
max |ΔU| norm  : 3.789e-04
max |Δn|      : 2.139e-03
max |Δn| norm  : 8.895e-03
max |ΔILDOS|  : 4.446e+01
last Poisson  : 13.277 s
last Quantum  : 2.261 s
2.8141077657636226e-06 -1.051639687862215e-06
Iteration counts: [0, 5, 14]

--- Iteration 19 ---
Qprime size   : 1333
max |ΔU|      : 9.659e-05
max |ΔU| norm  : 5.060e-04
max |Δn|      : 1.908e-03
max |Δn| norm  : 6.905e-03
max |ΔILDOS|  : 5.640e+01
last Poisson  : 13.022 s
last Quantum  : 2.256 s
-6.688510271644756e-07 1.9479773790259666e-07
Iteration counts: [0, 5, 15]

--- Iteration 20 ---
Qprime size   : 1333
max |ΔU|      : 1.009e-04
max |ΔU| norm  : 4.973e-04
max |Δn|      : 1.919e-03
max |Δn| norm  : 6.661e-03
max |ΔILDOS|  : 4.837e+01
last Poisson  : 13.114 s
last Quantum  : 2.292 s
-1.1927263359648139e-06 3.3091795193694563e-07
Iteration counts: [0, 5, 16]

--- Iteration 21 ---
Qprime size   : 1333
max |ΔU|      : 8.762e-05
max |ΔU| norm  : 4.836e-04
max |Δn|      : 2.065e-03
max |Δn| norm  : 7.895e-03
max |ΔILDOS|  : 4.602e+01
last Poisson  : 13.330 s
last Quantum  : 2.294 s
1.892338285300359e-06 -6.396343343741766e-07
Iteration counts: [0, 5, 17]

--- Iteration 22 ---
Qprime size   : 1333
max |ΔU|      : 8.319e-05
max |ΔU| norm  : 4.621e-04
max |Δn|      : 1.859e-03
max |Δn| norm  : 7.155e-03
max |ΔILDOS|  : 5.293e+01
last Poisson  : 13.459 s
last Quantum  : 2.227 s
7.877442234974344e-07 -2.7902596936520415e-07
Iteration counts: [0, 5, 18]

--- Iteration 23 ---
Qprime size   : 1333
max |ΔU|      : 6.541e-05
max |ΔU| norm  : 3.515e-04
max |Δn|      : 2.232e-03
max |Δn| norm  : 7.386e-03
max |ΔILDOS|  : 4.006e+01
last Poisson  : 13.207 s
last Quantum  : 2.325 s
-1.6913504009128333e-06 4.868644209612916e-07
Iteration counts: [0, 5, 19]

--- Iteration 24 ---
Qprime size   : 1333
max |ΔU|      : 1.047e-04
max |ΔU| norm  : 4.657e-04
max |Δn|      : 2.283e-03
max |Δn| norm  : 8.148e-03
max |ΔILDOS|  : 4.881e+01
last Poisson  : 13.290 s
last Quantum  : 2.305 s
3.271780892541209e-07 -6.047943984616664e-08
Iteration counts: [0, 5, 20]

--- Iteration 25 ---
Qprime size   : 1333
max |ΔU|      : 8.432e-05
max |ΔU| norm  : 3.504e-04
max |Δn|      : 1.919e-03
max |Δn| norm  : 7.196e-03
max |ΔILDOS|  : 3.158e+01
last Poisson  : 13.512 s
last Quantum  : 2.329 s
1.2500349697278596e-06 -4.0290978630258073e-07
Iteration counts: [0, 5, 21]

--- Iteration 26 ---
Qprime size   : 1333
max |ΔU|      : 7.134e-05
max |ΔU| norm  : 4.105e-04
max |Δn|      : 2.289e-03
max |Δn| norm  : 7.584e-03
max |ΔILDOS|  : 4.293e+01
last Poisson  : 13.380 s
last Quantum  : 2.311 s
-8.59062625167713e-07 2.2049800111801636e-07
Iteration counts: [0, 5, 22]

--- Iteration 27 ---
Qprime size   : 1333
max |ΔU|      : 8.626e-05
max |ΔU| norm  : 4.480e-04
max |Δn|      : 1.931e-03
max |Δn| norm  : 7.748e-03
max |ΔILDOS|  : 4.481e+01
last Poisson  : 13.219 s
last Quantum  : 2.347 s
-4.116624679746272e-07 1.812912316512858e-07
Iteration counts: [0, 5, 23]

--- Iteration 28 ---
Qprime size   : 1333
max |ΔU|      : 9.524e-05
max |ΔU| norm  : 4.263e-04
max |Δn|      : 1.909e-03
max |Δn| norm  : 7.361e-03
max |ΔILDOS|  : 5.029e+01
last Poisson  : 13.523 s
last Quantum  : 2.295 s
1.0393543218336104e-06 -3.4784679096978754e-07
Iteration counts: [0, 5, 24]

--- Iteration 29 ---
Qprime size   : 1333
max |ΔU|      : 8.765e-05
max |ΔU| norm  : 4.463e-04
max |Δn|      : 2.804e-03
max |Δn| norm  : 7.614e-03
max |ΔILDOS|  : 4.746e+01
last Poisson  : 13.355 s
last Quantum  : 2.280 s
-1.2411895730372348e-06 3.8966388854307923e-07
Iteration counts: [0, 5, 25]

--- Iteration 30 ---
Qprime size   : 1333
max |ΔU|      : 8.516e-05
max |ΔU| norm  : 4.730e-04
max |Δn|      : 1.975e-03
max |Δn| norm  : 8.265e-03
max |ΔILDOS|  : 4.693e+01
last Poisson  : 13.521 s
last Quantum  : 2.278 s
7.28895989392609e-07 -2.1619474040231145e-07
FSC converged / stopped.
✔ Logged phi=0.0978, Vbg=1.0000

=== Running phi=0.0978, Vbg=1.1667 ===
🔄 Full Hamiltonian rebuild (qparams change)
The poisson problem has been initialized.
Iteration counts: [0, 0, 0]

--- Iteration 0 ---
Qprime size   : 1333
-0.0007299265792360148 0.00027620643221198677
Iteration counts: [0, 1, 0]

--- Iteration 1 ---
Qprime size   : 1333
max |ΔU|      : 9.734e-04
max |ΔU| norm  : 5.623e-02
max |Δn|      : 3.837e-03
max |Δn| norm  : 3.240e-02
last Poisson  : 13.371 s
-0.0005845336377800908 0.0002215252750605403
Iteration counts: [0, 2, 0]

--- Iteration 2 ---
Qprime size   : 1333
max |ΔU|      : 7.765e-04
max |ΔU| norm  : 4.504e-02
max |Δn|      : 2.977e-03
max |Δn| norm  : 2.546e-02
last Poisson  : 13.312 s
-0.00046668928358972565 0.00017722851620942593
Iteration counts: [0, 2, 1]

--- Iteration 3 ---
Qprime size   : 1333
max |ΔU|      : 6.194e-04
max |ΔU| norm  : 3.600e-02
max |Δn|      : 2.322e-03
max |Δn| norm  : 2.009e-02
max |ΔILDOS|  : 4.957e+02
last Poisson  : 13.471 s
last Quantum  : 2.304 s
-0.001053528669440581 0.00044135568031423284
Iteration counts: [0, 2, 2]

--- Iteration 4 ---
Qprime size   : 1333
max |ΔU|      : 1.296e-03
max |ΔU| norm  : 7.995e-02
max |Δn|      : 3.884e-03
max |Δn| norm  : 4.074e-02
max |ΔILDOS|  : 5.023e+02
last Poisson  : 13.503 s
last Quantum  : 2.240 s
-0.0006309559064682783 0.00026476913214209293
Iteration counts: [0, 3, 2]

--- Iteration 5 ---
Qprime size   : 1333
max |ΔU|      : 7.394e-04
max |ΔU| norm  : 4.794e-02
max |Δn|      : 2.747e-03
max |Δn| norm  : 2.348e-02
max |ΔILDOS|  : 5.023e+02
last Poisson  : 13.686 s
last Quantum  : 2.240 s
-0.000505482306277681 0.00021212781617695517
Iteration counts: [0, 3, 3]

--- Iteration 6 ---
Qprime size   : 1333
max |ΔU|      : 5.892e-04
max |ΔU| norm  : 3.840e-02
max |Δn|      : 1.851e-03
max |Δn| norm  : 1.682e-02
max |ΔILDOS|  : 5.145e+02
last Poisson  : 13.612 s
last Quantum  : 2.273 s
-0.00016887713647387517 7.299051187438449e-05
Iteration counts: [0, 3, 4]

--- Iteration 7 ---
Qprime size   : 1333
max |ΔU|      : 2.377e-04
max |ΔU| norm  : 1.283e-02
max |Δn|      : 2.782e-03
max |Δn| norm  : 2.006e-02
max |ΔILDOS|  : 4.335e+02
last Poisson  : 13.629 s
last Quantum  : 2.278 s
-0.00010431160897766017 4.469146678914857e-05
Iteration counts: [0, 3, 5]

--- Iteration 8 ---
Qprime size   : 1333
max |ΔU|      : 1.424e-04
max |ΔU| norm  : 7.881e-03
max |Δn|      : 2.451e-03
max |Δn| norm  : 1.260e-02
max |ΔILDOS|  : 3.004e+02
last Poisson  : 13.635 s
last Quantum  : 2.231 s
-6.290917319830625e-05 2.7010462104783547e-05
Iteration counts: [0, 3, 6]

--- Iteration 9 ---
Qprime size   : 1333
max |ΔU|      : 9.293e-05
max |ΔU| norm  : 4.720e-03
max |Δn|      : 1.851e-03
max |Δn| norm  : 1.148e-02
max |ΔILDOS|  : 1.929e+02
last Poisson  : 13.677 s
last Quantum  : 1.816 s
-3.681090154075927e-05 1.59822466211347e-05
Iteration counts: [0, 3, 7]

--- Iteration 10 ---
Qprime size   : 1333
max |ΔU|      : 7.542e-05
max |ΔU| norm  : 2.839e-03
max |Δn|      : 2.133e-03
max |Δn| norm  : 1.225e-02
max |ΔILDOS|  : 1.278e+02
last Poisson  : 13.491 s
last Quantum  : 1.893 s
-2.259443800164529e-05 9.77779626241311e-06
Iteration counts: [0, 3, 8]

--- Iteration 11 ---
Qprime size   : 1333
max |ΔU|      : 8.392e-05
max |ΔU| norm  : 1.754e-03
max |Δn|      : 2.167e-03
max |Δn| norm  : 1.184e-02
max |ΔILDOS|  : 9.759e+01
last Poisson  : 13.640 s
last Quantum  : 2.053 s
-1.815377272494486e-05 7.286063170730799e-06
Iteration counts: [0, 3, 9]

--- Iteration 12 ---
Qprime size   : 1333
max |ΔU|      : 7.023e-05
max |ΔU| norm  : 1.402e-03
max |Δn|      : 2.244e-03
max |Δn| norm  : 1.115e-02
max |ΔILDOS|  : 4.814e+01
last Poisson  : 13.701 s
last Quantum  : 2.087 s
-5.968184372551057e-06 2.8338621878600762e-06
Iteration counts: [0, 3, 10]

--- Iteration 13 ---
Qprime size   : 1333
max |ΔU|      : 7.005e-05
max |ΔU| norm  : 6.784e-04
max |Δn|      : 1.919e-03
max |Δn| norm  : 1.148e-02
max |ΔILDOS|  : 3.683e+01
last Poisson  : 13.641 s
last Quantum  : 2.130 s
-5.0478204416392415e-06 2.2006428255371726e-06
Iteration counts: [0, 3, 11]

--- Iteration 14 ---
Qprime size   : 1333
max |ΔU|      : 6.141e-05
max |ΔU| norm  : 5.837e-04
max |Δn|      : 2.141e-03
max |Δn| norm  : 1.171e-02
max |ΔILDOS|  : 3.900e+01
last Poisson  : 13.664 s
last Quantum  : 1.766 s
-4.40719217760778e-06 1.739385935113493e-06
Iteration counts: [0, 3, 12]

--- Iteration 15 ---
Qprime size   : 1333
max |ΔU|      : 6.593e-05
max |ΔU| norm  : 5.661e-04
max |Δn|      : 2.301e-03
max |Δn| norm  : 1.141e-02
max |ΔILDOS|  : 3.372e+01
last Poisson  : 13.777 s
last Quantum  : 1.944 s
-1.2633417547805314e-06 5.905164805360864e-07
Iteration counts: [0, 3, 13]

--- Iteration 16 ---
Qprime size   : 1333
max |ΔU|      : 5.813e-05
max |ΔU| norm  : 4.831e-04
max |Δn|      : 1.898e-03
max |Δn| norm  : 1.223e-02
max |ΔILDOS|  : 3.515e+01
last Poisson  : 13.941 s
last Quantum  : 2.035 s
-5.192340720672539e-07 2.485256022167986e-07
Iteration counts: [0, 3, 14]

--- Iteration 17 ---
Qprime size   : 1333
max |ΔU|      : 6.721e-05
max |ΔU| norm  : 4.340e-04
max |Δn|      : 1.885e-03
max |Δn| norm  : 1.029e-02
max |ΔILDOS|  : 3.209e+01
last Poisson  : 13.882 s
last Quantum  : 1.965 s
-2.7400639756964514e-06 9.662332866522245e-07
Iteration counts: [0, 3, 15]

--- Iteration 18 ---
Qprime size   : 1333
max |ΔU|      : 6.624e-05
max |ΔU| norm  : 5.166e-04
max |Δn|      : 2.204e-03
max |Δn| norm  : 1.072e-02
max |ΔILDOS|  : 3.631e+01
last Poisson  : 13.891 s
last Quantum  : 1.892 s
1.1889091815598309e-06 -3.3308749969905434e-07
Iteration counts: [0, 3, 16]

--- Iteration 19 ---
Qprime size   : 1333
max |ΔU|      : 7.211e-05
max |ΔU| norm  : 4.775e-04
max |Δn|      : 2.021e-03
max |Δn| norm  : 1.133e-02
max |ΔILDOS|  : 3.834e+01
last Poisson  : 13.850 s
last Quantum  : 1.988 s
-1.167909173059492e-06 3.929319412011182e-07
Iteration counts: [0, 3, 17]

--- Iteration 20 ---
Qprime size   : 1333
max |ΔU|      : 7.726e-05
max |ΔU| norm  : 4.498e-04
max |Δn|      : 2.260e-03
max |Δn| norm  : 1.103e-02
max |ΔILDOS|  : 3.678e+01
last Poisson  : 13.813 s
last Quantum  : 1.894 s
-3.396010521792162e-07 9.249923090454455e-08
Iteration counts: [0, 3, 18]

--- Iteration 21 ---
Qprime size   : 1333
max |ΔU|      : 7.260e-05
max |ΔU| norm  : 4.062e-04
max |Δn|      : 1.972e-03
max |Δn| norm  : 1.084e-02
max |ΔILDOS|  : 3.583e+01
last Poisson  : 13.913 s
last Quantum  : 1.921 s
2.2167155560113936e-07 -2.5678719746062495e-08
Iteration counts: [0, 3, 19]

--- Iteration 22 ---
Qprime size   : 1333
max |ΔU|      : 6.398e-05
max |ΔU| norm  : 4.715e-04
max |Δn|      : 1.979e-03
max |Δn| norm  : 1.109e-02
max |ΔILDOS|  : 3.357e+01
last Poisson  : 13.844 s
last Quantum  : 1.962 s
8.668676861074522e-07 -2.6861895191869197e-07
Iteration counts: [0, 3, 20]

--- Iteration 23 ---
Qprime size   : 1333
max |ΔU|      : 6.388e-05
max |ΔU| norm  : 4.661e-04
max |Δn|      : 1.910e-03
max |Δn| norm  : 1.080e-02
max |ΔILDOS|  : 3.145e+01
last Poisson  : 13.967 s
last Quantum  : 2.058 s
-1.6265260907746089e-06 5.042455746203133e-07
Iteration counts: [0, 3, 21]

--- Iteration 24 ---
Qprime size   : 1333
max |ΔU|      : 5.987e-05
max |ΔU| norm  : 4.695e-04
max |Δn|      : 2.333e-03
max |Δn| norm  : 1.193e-02
max |ΔILDOS|  : 3.166e+01
last Poisson  : 13.964 s
last Quantum  : 1.982 s
1.2317715382724707e-06 -4.0382092523895794e-07
Iteration counts: [0, 3, 22]

--- Iteration 25 ---
Qprime size   : 1333
max |ΔU|      : 5.350e-05
max |ΔU| norm  : 4.175e-04
max |Δn|      : 2.011e-03
max |Δn| norm  : 1.175e-02
max |ΔILDOS|  : 2.556e+01
last Poisson  : 13.822 s
last Quantum  : 1.987 s
-1.2151325295716483e-07 6.790752420021125e-08
Iteration counts: [0, 3, 23]

--- Iteration 26 ---
Qprime size   : 1333
max |ΔU|      : 5.946e-05
max |ΔU| norm  : 4.353e-04
max |Δn|      : 2.188e-03
max |Δn| norm  : 1.106e-02
max |ΔILDOS|  : 3.400e+01
last Poisson  : 13.946 s
last Quantum  : 1.904 s
-2.2826552098015926e-07 4.897024977081689e-08
Iteration counts: [0, 3, 24]

--- Iteration 27 ---
Qprime size   : 1333
max |ΔU|      : 6.518e-05
max |ΔU| norm  : 4.715e-04
max |Δn|      : 2.012e-03
max |Δn| norm  : 1.041e-02
max |ΔILDOS|  : 3.380e+01
last Poisson  : 13.751 s
last Quantum  : 2.007 s
-7.192567958053442e-08 3.365310939156848e-08
Iteration counts: [0, 3, 25]

--- Iteration 28 ---
Qprime size   : 1333
max |ΔU|      : 6.855e-05
max |ΔU| norm  : 4.761e-04
max |Δn|      : 2.336e-03
max |Δn| norm  : 1.176e-02
max |ΔILDOS|  : 3.732e+01
last Poisson  : 14.133 s
last Quantum  : 1.999 s
7.576049170400696e-07 -2.6413624856869514e-07
Iteration counts: [0, 3, 26]

--- Iteration 29 ---
Qprime size   : 1333
max |ΔU|      : 6.008e-05
max |ΔU| norm  : 4.217e-04
max |Δn|      : 2.033e-03
max |Δn| norm  : 1.037e-02
max |ΔILDOS|  : 3.149e+01
last Poisson  : 13.929 s
last Quantum  : 1.665 s
-1.1772693375043183e-06 4.133062167190014e-07
Iteration counts: [0, 3, 27]

--- Iteration 30 ---
Qprime size   : 1333
max |ΔU|      : 6.221e-05
max |ΔU| norm  : 4.683e-04
max |Δn|      : 2.231e-03
max |Δn| norm  : 1.095e-02
max |ΔILDOS|  : 3.192e+01
last Poisson  : 13.980 s
last Quantum  : 1.895 s
1.424956055184594e-06 -4.55045538453294e-07
FSC converged / stopped.
✔ Logged phi=0.0978, Vbg=1.1667

=== Running phi=0.0978, Vbg=1.3333 ===
🔄 Full Hamiltonian rebuild (qparams change)
The poisson problem has been initialized.
Iteration counts: [0, 0, 0]

--- Iteration 0 ---
Qprime size   : 1326
max |ΔU|      : 3.908e-14
max |ΔU| norm  : 1.704e-12
max |Δn|      : 1.039e-13
max |Δn| norm  : 8.024e-13
-0.0006034551668318738 0.00022233006293170745
Iteration counts: [0, 0, 1]

--- Iteration 1 ---
Qprime size   : 1326
max |ΔU|      : 8.975e-04
max |ΔU| norm  : 4.756e-02
max |Δn|      : 5.631e-03
max |Δn| norm  : 3.182e-02
max |ΔILDOS|  : 5.213e+02
last Poisson  : 14.416 s
last Quantum  : 2.605 s
-0.0012478616991890472 0.0004947656532461715
Iteration counts: [0, 1, 1]

--- Iteration 2 ---
Qprime size   : 1326
max |ΔU|      : 1.647e-03
max |ΔU| norm  : 9.482e-02
max |Δn|      : 5.502e-03
max |Δn| norm  : 4.970e-02
max |ΔILDOS|  : 5.213e+02
last Poisson  : 14.578 s
last Quantum  : 2.605 s
-0.0009972407262262824 0.0003958977388539759
Iteration counts: [0, 2, 1]

--- Iteration 3 ---
Qprime size   : 1326
max |ΔU|      : 1.313e-03
max |ΔU| norm  : 7.583e-02
max |Δn|      : 4.298e-03
max |Δn| norm  : 3.861e-02
max |ΔILDOS|  : 5.213e+02
last Poisson  : 14.515 s
last Quantum  : 2.605 s
-0.0008031740111645284 0.00031878292896197406
Iteration counts: [0, 3, 1]

--- Iteration 4 ---
Qprime size   : 1326
max |ΔU|      : 1.049e-03
max |ΔU| norm  : 6.105e-02
max |Δn|      : 3.361e-03
max |Δn| norm  : 2.969e-02
max |ΔILDOS|  : 5.213e+02
last Poisson  : 14.575 s
last Quantum  : 2.605 s
-0.0006415089283750922 0.0002549545708371451
Iteration counts: [0, 3, 2]

--- Iteration 5 ---
Qprime size   : 1326
max |ΔU|      : 8.358e-04
max |ΔU| norm  : 4.880e-02
max |Δn|      : 2.628e-03
max |Δn| norm  : 2.379e-02
max |ΔILDOS|  : 5.377e+02
last Poisson  : 14.546 s
last Quantum  : 2.160 s
0.00022427265058666546 -8.759951602804549e-05
Iteration counts: [0, 3, 3]

--- Iteration 6 ---
Qprime size   : 1326
max |ΔU|      : 3.685e-04
max |ΔU| norm  : 1.716e-02
max |Δn|      : 3.599e-03
max |Δn| norm  : 3.275e-02
max |ΔILDOS|  : 4.939e+02
last Poisson  : 14.726 s
last Quantum  : 2.198 s
0.0001368581916421118 -5.3139734858271e-05
Iteration counts: [0, 4, 3]

--- Iteration 7 ---
Qprime size   : 1326
max |ΔU|      : 2.134e-04
max |ΔU| norm  : 1.032e-02
max |Δn|      : 2.430e-03
max |Δn| norm  : 1.751e-02
max |ΔILDOS|  : 4.939e+02
last Poisson  : 14.821 s
last Quantum  : 2.198 s
0.00011035751611859357 -4.282430624598096e-05
Iteration counts: [0, 4, 4]

--- Iteration 8 ---
Qprime size   : 1326
max |ΔU|      : 1.726e-04
max |ΔU| norm  : 8.319e-03
max |Δn|      : 1.949e-03
max |Δn| norm  : 1.330e-02
max |ΔILDOS|  : 4.747e+02
last Poisson  : 14.639 s
last Quantum  : 1.819 s
3.133395009658845e-05 -1.2765043755206356e-05
Iteration counts: [0, 4, 5]

--- Iteration 9 ---
Qprime size   : 1326
max |ΔU|      : 1.085e-04
max |ΔU| norm  : 2.560e-03
max |Δn|      : 2.681e-03
max |Δn| norm  : 1.636e-02
max |ΔILDOS|  : 9.302e+01
last Poisson  : 14.639 s
last Quantum  : 2.010 s
2.2396727321129725e-05 -8.672716003854221e-06
Iteration counts: [0, 4, 6]

--- Iteration 10 ---
Qprime size   : 1326
max |ΔU|      : 8.980e-05
max |ΔU| norm  : 1.812e-03
max |Δn|      : 2.607e-03
max |Δn| norm  : 1.285e-02
max |ΔILDOS|  : 7.077e+01
last Poisson  : 14.726 s
last Quantum  : 2.183 s
1.1227938958224521e-05 -4.499171335909269e-06
Iteration counts: [0, 4, 7]

--- Iteration 11 ---
Qprime size   : 1326
max |ΔU|      : 8.038e-05
max |ΔU| norm  : 1.087e-03
max |Δn|      : 2.518e-03
max |Δn| norm  : 1.263e-02
max |ΔILDOS|  : 5.111e+01
last Poisson  : 14.652 s
last Quantum  : 2.286 s
8.064735146854015e-06 -3.1232730659103243e-06
Iteration counts: [0, 4, 8]

--- Iteration 12 ---
Qprime size   : 1326
max |ΔU|      : 8.477e-05
max |ΔU| norm  : 8.350e-04
max |Δn|      : 2.669e-03
max |Δn| norm  : 1.293e-02
max |ΔILDOS|  : 4.454e+01
last Poisson  : 14.741 s
last Quantum  : 2.050 s
7.73714659183296e-06 -2.8399266195267903e-06
Iteration counts: [0, 4, 9]

--- Iteration 13 ---
Qprime size   : 1326
max |ΔU|      : 9.438e-05
max |ΔU| norm  : 8.930e-04
max |Δn|      : 2.121e-03
max |Δn| norm  : 1.299e-02
max |ΔILDOS|  : 6.108e+01
last Poisson  : 12.752 s
last Quantum  : 1.283 s
5.37976671994065e-06 -1.8380695577328534e-06
Iteration counts: [0, 4, 10]

--- Iteration 14 ---
Qprime size   : 1326
max |ΔU|      : 7.209e-05
max |ΔU| norm  : 7.222e-04
max |Δn|      : 2.432e-03
max |Δn| norm  : 1.161e-02
max |ΔILDOS|  : 5.527e+01
last Poisson  : 13.014 s
last Quantum  : 1.270 s
-2.954907114679709e-06 8.079926005820397e-07
Iteration counts: [0, 4, 11]

--- Iteration 15 ---
Qprime size   : 1326
max |ΔU|      : 8.099e-05
max |ΔU| norm  : 6.514e-04
max |Δn|      : 2.520e-03
max |Δn| norm  : 1.264e-02
max |ΔILDOS|  : 4.520e+01
last Poisson  : 14.144 s
last Quantum  : 1.280 s
1.8265342524686103e-06 -6.397810303786652e-07
Iteration counts: [0, 4, 12]

--- Iteration 16 ---
Qprime size   : 1326
max |ΔU|      : 7.904e-05
max |ΔU| norm  : 5.488e-04
max |Δn|      : 2.380e-03
max |Δn| norm  : 1.390e-02
max |ΔILDOS|  : 5.553e+01
last Poisson  : 12.888 s
last Quantum  : 1.269 s
2.047998459661517e-06 -7.215663561331178e-07
Iteration counts: [0, 4, 13]

--- Iteration 17 ---
Qprime size   : 1326
max |ΔU|      : 8.471e-05
max |ΔU| norm  : 5.693e-04
max |Δn|      : 2.570e-03
max |Δn| norm  : 1.406e-02
max |ΔILDOS|  : 5.794e+01
last Poisson  : 12.983 s
last Quantum  : 1.265 s
-3.016294633531484e-07 9.295757831758781e-08
Iteration counts: [0, 4, 14]

--- Iteration 18 ---
Qprime size   : 1326
max |ΔU|      : 6.898e-05
max |ΔU| norm  : 5.342e-04
max |Δn|      : 2.530e-03
max |Δn| norm  : 1.400e-02
max |ΔILDOS|  : 5.148e+01
last Poisson  : 12.951 s
last Quantum  : 1.269 s
-1.4080457979848773e-06 4.343847320220531e-07
Iteration counts: [0, 4, 15]

--- Iteration 19 ---
Qprime size   : 1326
max |ΔU|      : 8.922e-05
max |ΔU| norm  : 6.182e-04
max |Δn|      : 2.436e-03
max |Δn| norm  : 1.294e-02
max |ΔILDOS|  : 4.645e+01
last Poisson  : 12.977 s
last Quantum  : 1.285 s
1.1321926844270387e-06 -3.528463193428076e-07
Iteration counts: [0, 4, 16]

--- Iteration 20 ---
Qprime size   : 1326
max |ΔU|      : 7.506e-05
max |ΔU| norm  : 5.331e-04
max |Δn|      : 2.666e-03
max |Δn| norm  : 1.330e-02
max |ΔILDOS|  : 4.674e+01
last Poisson  : 12.762 s
last Quantum  : 1.595 s
1.4131165587064135e-07 -8.91116435430324e-08
Iteration counts: [0, 4, 17]

--- Iteration 21 ---
Qprime size   : 1326
max |ΔU|      : 8.701e-05
max |ΔU| norm  : 6.705e-04
max |Δn|      : 2.483e-03
max |Δn| norm  : 1.377e-02
max |ΔILDOS|  : 5.934e+01
last Poisson  : 12.520 s
last Quantum  : 1.628 s
1.1648198972412808e-06 -3.33641959022378e-07
Iteration counts: [0, 4, 18]

--- Iteration 22 ---
Qprime size   : 1326
max |ΔU|      : 6.676e-05
max |ΔU| norm  : 5.336e-04
max |Δn|      : 2.611e-03
max |Δn| norm  : 1.400e-02
max |ΔILDOS|  : 4.641e+01
last Poisson  : 13.104 s
last Quantum  : 1.309 s
-2.588805157363607e-06 8.282632925320544e-07
Iteration counts: [0, 4, 19]

--- Iteration 23 ---
Qprime size   : 1326
max |ΔU|      : 7.861e-05
max |ΔU| norm  : 6.298e-04
max |Δn|      : 2.638e-03
max |Δn| norm  : 1.184e-02
max |ΔILDOS|  : 4.838e+01
last Poisson  : 12.749 s
last Quantum  : 1.284 s
-7.530114625986906e-07 2.5483066207940016e-07
Iteration counts: [0, 4, 20]

--- Iteration 24 ---
Qprime size   : 1326
max |ΔU|      : 7.610e-05
max |ΔU| norm  : 5.721e-04
max |Δn|      : 2.390e-03
max |Δn| norm  : 1.221e-02
max |ΔILDOS|  : 4.422e+01
last Poisson  : 13.710 s
last Quantum  : 1.867 s
1.0403106658921758e-06 -3.971813089667665e-07
Iteration counts: [0, 4, 21]

--- Iteration 25 ---
Qprime size   : 1326
max |ΔU|      : 8.885e-05
max |ΔU| norm  : 6.831e-04
max |Δn|      : 2.097e-03
max |Δn| norm  : 1.406e-02
max |ΔILDOS|  : 6.066e+01
last Poisson  : 12.563 s
last Quantum  : 1.890 s
2.9545511776634134e-06 -9.183599000829388e-07
Iteration counts: [0, 4, 22]

--- Iteration 26 ---
Qprime size   : 1326
max |ΔU|      : 7.461e-05
max |ΔU| norm  : 6.213e-04
max |Δn|      : 2.583e-03
max |Δn| norm  : 1.334e-02
max |ΔILDOS|  : 5.831e+01
last Poisson  : 12.601 s
last Quantum  : 1.924 s
-3.2872322955487494e-06 1.0561286015508169e-06
Iteration counts: [0, 4, 23]

--- Iteration 27 ---
Qprime size   : 1326
max |ΔU|      : 8.173e-05
max |ΔU| norm  : 6.840e-04
max |Δn|      : 2.335e-03
max |Δn| norm  : 1.260e-02
max |ΔILDOS|  : 4.747e+01
last Poisson  : 12.762 s
last Quantum  : 2.212 s
-5.001867228016097e-07 1.7563855413522566e-07
Iteration counts: [0, 4, 24]

--- Iteration 28 ---
Qprime size   : 1326
max |ΔU|      : 9.594e-05
max |ΔU| norm  : 5.499e-04
max |Δn|      : 2.681e-03
max |Δn| norm  : 1.392e-02
max |ΔILDOS|  : 7.085e+01
last Poisson  : 12.540 s
last Quantum  : 1.926 s
2.608126494968675e-06 -8.581403569269862e-07
Iteration counts: [0, 4, 25]

--- Iteration 29 ---
Qprime size   : 1326
max |ΔU|      : 8.896e-05
max |ΔU| norm  : 6.186e-04
max |Δn|      : 2.152e-03
max |Δn| norm  : 1.393e-02
max |ΔILDOS|  : 6.014e+01
last Poisson  : 12.768 s
last Quantum  : 1.840 s
-3.633059931311006e-07 1.1985520075657996e-07
Iteration counts: [0, 4, 26]

--- Iteration 30 ---
Qprime size   : 1326
max |ΔU|      : 6.580e-05
max |ΔU| norm  : 5.198e-04
max |Δn|      : 2.644e-03
max |Δn| norm  : 1.423e-02
max |ΔILDOS|  : 5.088e+01
last Poisson  : 12.517 s
last Quantum  : 1.742 s
-2.834713751189901e-06 9.15087236894966e-07
FSC converged / stopped.
✔ Logged phi=0.0978, Vbg=1.3333

=== Running phi=0.0978, Vbg=1.5000 ===
🔄 Full Hamiltonian rebuild (qparams change)
The poisson problem has been initialized.
Iteration counts: [0, 0, 0]

--- Iteration 0 ---
Qprime size   : 1305
max |ΔU|      : 4.197e-14
max |ΔU| norm  : 1.891e-12
max |Δn|      : 1.588e-13
max |Δn| norm  : 9.834e-13
-0.000510917008022122 0.00017951989068573895
Iteration counts: [0, 0, 1]

--- Iteration 1 ---
Qprime size   : 1305
max |ΔU|      : 8.265e-04
max |ΔU| norm  : 4.076e-02
max |Δn|      : 5.796e-03
max |Δn| norm  : 3.055e-02
max |ΔILDOS|  : 4.716e+02
last Poisson  : 12.786 s
last Quantum  : 2.078 s
-0.0010812262524692517 0.0004225302141520736
Iteration counts: [0, 1, 1]

--- Iteration 2 ---
Qprime size   : 1305
max |ΔU|      : 1.482e-03
max |ΔU| norm  : 8.176e-02
max |Δn|      : 5.842e-03
max |Δn| norm  : 4.372e-02
max |ΔILDOS|  : 4.716e+02
last Poisson  : 13.015 s
last Quantum  : 2.078 s
-0.0008646817996979184 0.00033835688686565475
Iteration counts: [0, 2, 1]

--- Iteration 3 ---
Qprime size   : 1305
max |ΔU|      : 1.184e-03
max |ΔU| norm  : 6.544e-02
max |Δn|      : 4.512e-03
max |Δn| norm  : 3.388e-02
max |ΔILDOS|  : 4.716e+02
last Poisson  : 13.873 s
last Quantum  : 2.078 s
-0.0006918250850243558 0.0002710558868241337
Iteration counts: [0, 3, 1]

--- Iteration 4 ---
Qprime size   : 1305
max |ΔU|      : 9.477e-04
max |ΔU| norm  : 5.240e-02
max |Δn|      : 3.487e-03
max |Δn| norm  : 2.667e-02
max |ΔILDOS|  : 4.716e+02
last Poisson  : 13.878 s
last Quantum  : 2.078 s
-0.0005533440032238341 0.00021707532020367123
Iteration counts: [0, 3, 2]

--- Iteration 5 ---
Qprime size   : 1305
max |ΔU|      : 7.574e-04
max |ΔU| norm  : 4.194e-02
max |Δn|      : 2.695e-03
max |Δn| norm  : 2.124e-02
max |ΔILDOS|  : 5.895e+02
last Poisson  : 13.058 s
last Quantum  : 1.564 s
0.00019330665587724398 -7.322200506064876e-05
Iteration counts: [0, 3, 3]

--- Iteration 6 ---
Qprime size   : 1305
max |ΔU|      : 3.064e-04
max |ΔU| norm  : 1.426e-02
max |Δn|      : 3.072e-03
max |Δn| norm  : 2.529e-02
max |ΔILDOS|  : 3.655e+02
last Poisson  : 12.859 s
last Quantum  : 1.444 s
0.00012073408585877823 -4.542106080978251e-05
Iteration counts: [0, 3, 4]

--- Iteration 7 ---
Qprime size   : 1305
max |ΔU|      : 2.170e-04
max |ΔU| norm  : 8.829e-03
max |Δn|      : 2.405e-03
max |Δn| norm  : 1.236e-02
max |ΔILDOS|  : 2.647e+02
last Poisson  : 12.995 s
last Quantum  : 1.446 s
7.179444830358701e-05 -2.7055484487632983e-05
Iteration counts: [0, 3, 5]

--- Iteration 8 ---
Qprime size   : 1305
max |ΔU|      : 1.325e-04
max |ΔU| norm  : 5.282e-03
max |Δn|      : 1.364e-03
max |Δn| norm  : 6.983e-03
max |ΔILDOS|  : 1.737e+02
last Poisson  : 12.997 s
last Quantum  : 1.411 s
4.080880627347127e-05 -1.5598635885128087e-05
Iteration counts: [0, 3, 6]

--- Iteration 9 ---
Qprime size   : 1305
max |ΔU|      : 8.172e-05
max |ΔU| norm  : 3.026e-03
max |Δn|      : 1.861e-03
max |Δn| norm  : 6.733e-03
max |ΔILDOS|  : 1.095e+02
last Poisson  : 13.085 s
last Quantum  : 1.400 s
2.498926284473701e-05 -9.643057884348484e-06
Iteration counts: [0, 3, 7]

--- Iteration 10 ---
Qprime size   : 1305
max |ΔU|      : 7.577e-05
max |ΔU| norm  : 1.850e-03
max |Δn|      : 1.870e-03
max |Δn| norm  : 7.438e-03
max |ΔILDOS|  : 6.555e+01
last Poisson  : 12.979 s
last Quantum  : 1.431 s
1.5136667120371635e-05 -5.8437466496822e-06
Iteration counts: [0, 3, 8]

--- Iteration 11 ---
Qprime size   : 1305
max |ΔU|      : 6.791e-05
max |ΔU| norm  : 1.155e-03
max |Δn|      : 1.642e-03
max |Δn| norm  : 6.525e-03
max |ΔILDOS|  : 4.752e+01
last Poisson  : 12.974 s
last Quantum  : 1.543 s
9.5078348256971e-06 -3.671038896461481e-06
Iteration counts: [0, 3, 9]

--- Iteration 12 ---
Qprime size   : 1305
max |ΔU|      : 5.178e-05
max |ΔU| norm  : 7.390e-04
max |Δn|      : 1.981e-03
max |Δn| norm  : 6.376e-03
max |ΔILDOS|  : 2.914e+01
last Poisson  : 13.008 s
last Quantum  : 1.704 s
4.599166340619256e-06 -1.835375246679276e-06
Iteration counts: [0, 3, 10]

--- Iteration 13 ---
Qprime size   : 1305
max |ΔU|      : 7.333e-05
max |ΔU| norm  : 4.795e-04
max |Δn|      : 1.775e-03
max |Δn| norm  : 6.549e-03
max |ΔILDOS|  : 3.778e+01
last Poisson  : 12.994 s
last Quantum  : 1.678 s
3.489559772184517e-06 -1.4089673388104465e-06
Iteration counts: [0, 3, 11]

--- Iteration 14 ---
Qprime size   : 1305
max |ΔU|      : 6.298e-05
max |ΔU| norm  : 4.050e-04
max |Δn|      : 1.795e-03
max |Δn| norm  : 6.053e-03
max |ΔILDOS|  : 3.203e+01
last Poisson  : 13.054 s
last Quantum  : 1.606 s
1.4651918316105918e-06 -5.909487585077639e-07
Iteration counts: [0, 3, 12]

--- Iteration 15 ---
Qprime size   : 1305
max |ΔU|      : 5.262e-05
max |ΔU| norm  : 2.699e-04
max |Δn|      : 1.790e-03
max |Δn| norm  : 5.680e-03
max |ΔILDOS|  : 2.016e+01
last Poisson  : 13.044 s
last Quantum  : 1.601 s
2.1580497391761223e-06 -8.174290511344826e-07
Iteration counts: [0, 3, 13]

--- Iteration 16 ---
Qprime size   : 1305
max |ΔU|      : 5.859e-05
max |ΔU| norm  : 3.033e-04
max |Δn|      : 1.943e-03
max |Δn| norm  : 6.029e-03
max |ΔILDOS|  : 2.381e+01
last Poisson  : 12.986 s
last Quantum  : 1.660 s
2.3447349286938733e-07 -1.2037951138224037e-07
Iteration counts: [0, 3, 14]

--- Iteration 17 ---
Qprime size   : 1305
max |ΔU|      : 5.316e-05
max |ΔU| norm  : 2.703e-04
max |Δn|      : 1.716e-03
max |Δn| norm  : 6.444e-03
max |ΔILDOS|  : 2.370e+01
last Poisson  : 12.996 s
last Quantum  : 1.670 s
2.181593198744444e-07 -1.1971410518247958e-07
Iteration counts: [0, 3, 15]

--- Iteration 18 ---
Qprime size   : 1305
max |ΔU|      : 5.071e-05
max |ΔU| norm  : 2.375e-04
max |Δn|      : 2.300e-03
max |Δn| norm  : 6.534e-03
max |ΔILDOS|  : 3.199e+01
last Poisson  : 13.035 s
last Quantum  : 1.543 s
-5.891452722761612e-07 2.0961214373999416e-07
Iteration counts: [0, 3, 16]

--- Iteration 19 ---
Qprime size   : 1305
max |ΔU|      : 5.621e-05
max |ΔU| norm  : 2.740e-04
max |Δn|      : 2.165e-03
max |Δn| norm  : 6.774e-03
max |ΔILDOS|  : 2.825e+01
last Poisson  : 13.021 s
last Quantum  : 1.482 s
8.455453869557769e-07 -3.08537709092302e-07
Iteration counts: [0, 3, 17]

--- Iteration 20 ---
Qprime size   : 1305
max |ΔU|      : 5.915e-05
max |ΔU| norm  : 2.692e-04
max |Δn|      : 2.585e-03
max |Δn| norm  : 7.038e-03
max |ΔILDOS|  : 2.698e+01
last Poisson  : 13.092 s
last Quantum  : 1.560 s
-1.6917334919117604e-08 8.78241871279884e-09
Iteration counts: [0, 3, 18]

--- Iteration 21 ---
Qprime size   : 1305
max |ΔU|      : 6.182e-05
max |ΔU| norm  : 2.432e-04
max |Δn|      : 2.033e-03
max |Δn| norm  : 6.473e-03
max |ΔILDOS|  : 3.701e+01
last Poisson  : 13.030 s
last Quantum  : 1.629 s
7.366373096844279e-07 -2.641474577877556e-07
Iteration counts: [0, 3, 19]

--- Iteration 22 ---
Qprime size   : 1305
max |ΔU|      : 5.522e-05
max |ΔU| norm  : 2.660e-04
max |Δn|      : 1.960e-03
max |Δn| norm  : 6.930e-03
max |ΔILDOS|  : 2.346e+01
last Poisson  : 13.121 s
last Quantum  : 1.570 s
-2.8668198722934235e-07 1.1372390565949658e-07
Iteration counts: [0, 3, 20]

--- Iteration 23 ---
Qprime size   : 1305
max |ΔU|      : 4.829e-05
max |ΔU| norm  : 2.340e-04
max |Δn|      : 1.607e-03
max |Δn| norm  : 6.056e-03
max |ΔILDOS|  : 2.366e+01
last Poisson  : 13.066 s
last Quantum  : 1.581 s
3.1586820992764094e-07 -1.2819288090282473e-07
Iteration counts: [0, 3, 21]

--- Iteration 24 ---
Qprime size   : 1305
max |ΔU|      : 4.845e-05
max |ΔU| norm  : 2.404e-04
max |Δn|      : 1.874e-03
max |Δn| norm  : 6.119e-03
max |ΔILDOS|  : 2.607e+01
last Poisson  : 12.937 s
last Quantum  : 1.536 s
-1.1138366823310996e-06 3.949329285004092e-07
Iteration counts: [0, 3, 22]

--- Iteration 25 ---
Qprime size   : 1305
max |ΔU|      : 8.122e-05
max |ΔU| norm  : 3.343e-04
max |Δn|      : 2.033e-03
max |Δn| norm  : 6.177e-03
max |ΔILDOS|  : 4.058e+01
last Poisson  : 13.067 s
last Quantum  : 1.440 s
8.66576073313267e-07 -3.186181363280461e-07
Iteration counts: [0, 3, 23]

--- Iteration 26 ---
Qprime size   : 1305
max |ΔU|      : 6.627e-05
max |ΔU| norm  : 2.990e-04
max |Δn|      : 2.484e-03
max |Δn| norm  : 6.805e-03
max |ΔILDOS|  : 3.052e+01
last Poisson  : 13.102 s
last Quantum  : 1.471 s
-3.1612235177934284e-07 1.253910501026332e-07
Iteration counts: [0, 3, 24]

--- Iteration 27 ---
Qprime size   : 1305
max |ΔU|      : 5.344e-05
max |ΔU| norm  : 2.502e-04
max |Δn|      : 2.019e-03
max |Δn| norm  : 6.685e-03
max |ΔILDOS|  : 2.921e+01
last Poisson  : 13.535 s
last Quantum  : 1.584 s
5.409434383260838e-07 -1.9485696056903257e-07
Iteration counts: [0, 3, 25]

--- Iteration 28 ---
Qprime size   : 1305
max |ΔU|      : 6.268e-05
max |ΔU| norm  : 2.724e-04
max |Δn|      : 2.365e-03
max |Δn| norm  : 7.179e-03
max |ΔILDOS|  : 2.643e+01
last Poisson  : 14.343 s
last Quantum  : 1.565 s
-8.168249898110503e-07 2.965326376001885e-07
Iteration counts: [0, 3, 26]

--- Iteration 29 ---
Qprime size   : 1305
max |ΔU|      : 5.853e-05
max |ΔU| norm  : 2.588e-04
max |Δn|      : 1.711e-03
max |Δn| norm  : 6.349e-03
max |ΔILDOS|  : 2.258e+01
last Poisson  : 14.467 s
last Quantum  : 1.603 s
7.228258931495764e-07 -2.693016905345137e-07
Iteration counts: [0, 3, 27]

--- Iteration 30 ---
Qprime size   : 1305
max |ΔU|      : 6.056e-05
max |ΔU| norm  : 2.907e-04
max |Δn|      : 2.083e-03
max |Δn| norm  : 6.308e-03
max |ΔILDOS|  : 2.850e+01
last Poisson  : 13.754 s
last Quantum  : 1.286 s
-9.105028090714749e-07 3.2202563781716263e-07
FSC converged / stopped.
✔ Logged phi=0.0978, Vbg=1.5000

=== Running phi=0.0978, Vbg=1.6667 ===
🔄 Full Hamiltonian rebuild (qparams change)
The poisson problem has been initialized.
Iteration counts: [0, 0, 0]

--- Iteration 0 ---
Qprime size   : 1278
max |ΔU|      : 4.752e-14
max |ΔU| norm  : 1.049e-12
max |Δn|      : 3.275e-13
max |Δn| norm  : 1.145e-12
-0.00039609078200619275 0.00011901001381485307
Iteration counts: [0, 0, 1]

--- Iteration 1 ---
Qprime size   : 1278
max |ΔU|      : 7.459e-04
max |ΔU| norm  : 3.438e-02
max |Δn|      : 4.633e-03
max |Δn| norm  : 3.293e-02
max |ΔILDOS|  : 4.513e+02
last Poisson  : 12.567 s
last Quantum  : 1.948 s
-0.0009288667761415295 0.00034673487468169016
Iteration counts: [0, 1, 1]

--- Iteration 2 ---
Qprime size   : 1278
max |ΔU|      : 1.352e-03
max |ΔU| norm  : 7.065e-02
max |Δn|      : 4.971e-03
max |Δn| norm  : 4.104e-02
max |ΔILDOS|  : 4.513e+02
last Poisson  : 12.640 s
last Quantum  : 1.948 s
-0.0007424604737479325 0.00027750330123526244
Iteration counts: [0, 2, 1]

--- Iteration 3 ---
Qprime size   : 1278
max |ΔU|      : 1.079e-03
max |ΔU| norm  : 5.652e-02
max |Δn|      : 3.888e-03
max |Δn| norm  : 3.231e-02
max |ΔILDOS|  : 4.513e+02
last Poisson  : 12.590 s
last Quantum  : 1.948 s
-0.0005934242647365794 0.00022207617537428788
Iteration counts: [0, 3, 1]

--- Iteration 4 ---
Qprime size   : 1278
max |ΔU|      : 8.620e-04
max |ΔU| norm  : 4.521e-02
max |Δn|      : 3.043e-03
max |Δn| norm  : 2.544e-02
max |ΔILDOS|  : 4.513e+02
last Poisson  : 12.584 s
last Quantum  : 1.948 s
-0.0004742863557414912 0.00017770984147717122
Iteration counts: [0, 3, 2]

--- Iteration 5 ---
Qprime size   : 1278
max |ΔU|      : 6.885e-04
max |ΔU| norm  : 3.617e-02
max |Δn|      : 2.383e-03
max |Δn| norm  : 2.004e-02
max |ΔILDOS|  : 6.702e+02
last Poisson  : 12.563 s
last Quantum  : 1.496 s
0.00019006256501754833 -6.458746900101115e-05
Iteration counts: [0, 3, 3]

--- Iteration 6 ---
Qprime size   : 1278
max |ΔU|      : 2.982e-04
max |ΔU| norm  : 1.372e-02
max |Δn|      : 2.847e-03
max |Δn| norm  : 2.349e-02
max |ΔILDOS|  : 3.778e+02
last Poisson  : 12.637 s
last Quantum  : 1.569 s
0.00011236665772892623 -3.8585431465279274e-05
Iteration counts: [0, 3, 4]

--- Iteration 7 ---
Qprime size   : 1278
max |ΔU|      : 1.795e-04
max |ΔU| norm  : 8.175e-03
max |Δn|      : 1.650e-03
max |Δn| norm  : 1.125e-02
max |ΔILDOS|  : 2.614e+02
last Poisson  : 12.682 s
last Quantum  : 1.579 s
6.315792905409875e-05 -2.191270962046181e-05
Iteration counts: [0, 3, 5]

--- Iteration 8 ---
Qprime size   : 1278
max |ΔU|      : 1.061e-04
max |ΔU| norm  : 4.672e-03
max |Δn|      : 9.579e-04
max |Δn| norm  : 6.715e-03
max |ΔILDOS|  : 1.592e+02
last Poisson  : 12.708 s
last Quantum  : 1.520 s
3.683648067529354e-05 -1.2811029852459402e-05
Iteration counts: [0, 3, 6]

--- Iteration 9 ---
Qprime size   : 1278
max |ΔU|      : 6.190e-05
max |ΔU| norm  : 2.759e-03
max |Δn|      : 8.810e-04
max |Δn| norm  : 4.467e-03
max |ΔILDOS|  : 9.276e+01
last Poisson  : 12.685 s
last Quantum  : 1.405 s
1.970519912742988e-05 -6.956350245834448e-06
Iteration counts: [0, 3, 7]

--- Iteration 10 ---
Qprime size   : 1278
max |ΔU|      : 4.072e-05
max |ΔU| norm  : 1.540e-03
max |Δn|      : 9.483e-04
max |Δn| norm  : 3.596e-03
max |ΔILDOS|  : 5.387e+01
last Poisson  : 12.679 s
last Quantum  : 1.419 s
1.261188242548366e-05 -4.477776204542528e-06
Iteration counts: [0, 3, 8]

--- Iteration 11 ---
Qprime size   : 1278
max |ΔU|      : 4.040e-05
max |ΔU| norm  : 9.674e-04
max |Δn|      : 7.775e-04
max |Δn| norm  : 3.593e-03
max |ΔILDOS|  : 3.174e+01
last Poisson  : 12.695 s
last Quantum  : 1.405 s
6.960844852264901e-06 -2.5271988474569276e-06
Iteration counts: [0, 3, 9]

--- Iteration 12 ---
Qprime size   : 1278
max |ΔU|      : 3.103e-05
max |ΔU| norm  : 5.548e-04
max |Δn|      : 8.580e-04
max |Δn| norm  : 4.080e-03
max |ΔILDOS|  : 2.001e+01
last Poisson  : 12.703 s
last Quantum  : 1.410 s
4.898327820447154e-06 -1.762891733537794e-06
Iteration counts: [0, 3, 10]

--- Iteration 13 ---
Qprime size   : 1278
max |ΔU|      : 3.013e-05
max |ΔU| norm  : 3.891e-04
max |Δn|      : 1.297e-03
max |Δn| norm  : 4.665e-03
max |ΔILDOS|  : 1.775e+01
last Poisson  : 12.700 s
last Quantum  : 1.466 s
2.245872994058009e-06 -8.589600298994962e-07
Iteration counts: [0, 3, 11]

--- Iteration 14 ---
Qprime size   : 1278
max |ΔU|      : 2.726e-05
max |ΔU| norm  : 2.368e-04
max |Δn|      : 9.581e-04
max |Δn| norm  : 4.529e-03
max |ΔILDOS|  : 1.592e+01
last Poisson  : 12.803 s
last Quantum  : 1.205 s
1.9202402720152803e-06 -7.043875844190897e-07
Iteration counts: [0, 3, 12]

--- Iteration 15 ---
Qprime size   : 1278
max |ΔU|      : 2.876e-05
max |ΔU| norm  : 1.967e-04
max |Δn|      : 9.506e-04
max |Δn| norm  : 4.396e-03
max |ΔILDOS|  : 1.693e+01
last Poisson  : 14.368 s
last Quantum  : 1.668 s
4.848902306807443e-07 -2.1872652271102623e-07
Iteration counts: [0, 3, 13]

--- Iteration 16 ---
Qprime size   : 1278
max |ΔU|      : 2.666e-05
max |ΔU| norm  : 1.444e-04
max |Δn|      : 9.375e-04
max |Δn| norm  : 4.729e-03
max |ΔILDOS|  : 1.512e+01
last Poisson  : 12.584 s
last Quantum  : 1.403 s
1.1384836533869476e-06 -3.9477979721003193e-07
Iteration counts: [0, 3, 14]

--- Iteration 17 ---
Qprime size   : 1278
max |ΔU|      : 2.782e-05
max |ΔU| norm  : 1.596e-04
max |Δn|      : 9.688e-04
max |Δn| norm  : 4.924e-03
max |ΔILDOS|  : 1.766e+01
last Poisson  : 12.644 s
last Quantum  : 1.580 s
-9.435016957683379e-08 4.0873832379949883e-10
Iteration counts: [0, 3, 15]

--- Iteration 18 ---
Qprime size   : 1278
max |ΔU|      : 2.636e-05
max |ΔU| norm  : 1.379e-04
max |Δn|      : 9.531e-04
max |Δn| norm  : 4.788e-03
max |ΔILDOS|  : 1.325e+01
last Poisson  : 12.650 s
last Quantum  : 1.365 s
5.176308580656935e-07 -1.813103409077068e-07
Iteration counts: [0, 3, 16]

--- Iteration 19 ---
Qprime size   : 1278
max |ΔU|      : 2.657e-05
max |ΔU| norm  : 1.322e-04
max |Δn|      : 9.447e-04
max |Δn| norm  : 4.621e-03
max |ΔILDOS|  : 1.366e+01
last Poisson  : 12.661 s
last Quantum  : 1.404 s
-2.0575939393603671e-07 5.3636620498213805e-08
Iteration counts: [0, 3, 17]

--- Iteration 20 ---
Qprime size   : 1278
max |ΔU|      : 2.709e-05
max |ΔU| norm  : 1.381e-04
max |Δn|      : 9.471e-04
max |Δn| norm  : 4.824e-03
max |ΔILDOS|  : 1.426e+01
last Poisson  : 12.698 s
last Quantum  : 1.502 s
5.809523746791964e-07 -1.8439273505680695e-07
Iteration counts: [0, 3, 18]

--- Iteration 21 ---
Qprime size   : 1278
max |ΔU|      : 2.790e-05
max |ΔU| norm  : 1.426e-04
max |Δn|      : 1.368e-03
max |Δn| norm  : 5.127e-03
max |ΔILDOS|  : 1.440e+01
last Poisson  : 12.770 s
last Quantum  : 1.428 s
-4.145393530248689e-07 1.238868875949845e-07
Iteration counts: [0, 3, 19]

--- Iteration 22 ---
Qprime size   : 1278
max |ΔU|      : 2.641e-05
max |ΔU| norm  : 1.360e-04
max |Δn|      : 9.601e-04
max |Δn| norm  : 4.944e-03
max |ΔILDOS|  : 1.342e+01
last Poisson  : 13.108 s
last Quantum  : 1.417 s
3.990469262588633e-07 -1.2840703043091874e-07
Iteration counts: [0, 3, 20]

--- Iteration 23 ---
Qprime size   : 1278
max |ΔU|      : 2.676e-05
max |ΔU| norm  : 1.294e-04
max |Δn|      : 9.489e-04
max |Δn| norm  : 4.817e-03
max |ΔILDOS|  : 1.360e+01
last Poisson  : 13.087 s
last Quantum  : 1.613 s
-4.367064902778808e-07 1.3330430583128246e-07
Iteration counts: [0, 3, 21]

--- Iteration 24 ---
Qprime size   : 1278
max |ΔU|      : 2.676e-05
max |ΔU| norm  : 1.346e-04
max |Δn|      : 9.390e-04
max |Δn| norm  : 4.802e-03
max |ΔILDOS|  : 1.365e+01
last Poisson  : 13.030 s
last Quantum  : 1.585 s
4.4664308114338567e-07 -1.3821655300261957e-07
Iteration counts: [0, 3, 22]

--- Iteration 25 ---
Qprime size   : 1278
max |ΔU|      : 2.677e-05
max |ΔU| norm  : 1.335e-04
max |Δn|      : 9.491e-04
max |Δn| norm  : 4.898e-03
max |ΔILDOS|  : 1.355e+01
last Poisson  : 13.140 s
last Quantum  : 1.521 s
-2.736631718038225e-07 8.49568595118499e-08
Iteration counts: [0, 3, 23]

--- Iteration 26 ---
Qprime size   : 1278
max |ΔU|      : 2.792e-05
max |ΔU| norm  : 1.352e-04
max |Δn|      : 9.664e-04
max |Δn| norm  : 4.969e-03
max |ΔILDOS|  : 1.394e+01
last Poisson  : 13.135 s
last Quantum  : 1.726 s
2.653108766984104e-07 -8.232414788631953e-08
Iteration counts: [0, 3, 24]

--- Iteration 27 ---
Qprime size   : 1278
max |ΔU|      : 2.684e-05
max |ΔU| norm  : 1.331e-04
max |Δn|      : 9.501e-04
max |Δn| norm  : 4.788e-03
max |ΔILDOS|  : 1.373e+01
last Poisson  : 13.356 s
last Quantum  : 1.838 s
-4.0537599039195916e-07 1.2410283336124763e-07
Iteration counts: [0, 3, 25]

--- Iteration 28 ---
Qprime size   : 1278
max |ΔU|      : 2.685e-05
max |ΔU| norm  : 1.387e-04
max |Δn|      : 9.434e-04
max |Δn| norm  : 4.885e-03
max |ΔILDOS|  : 1.493e+01
last Poisson  : 13.438 s
last Quantum  : 1.759 s
6.842915689867323e-07 -2.1305137887606266e-07
Iteration counts: [0, 3, 26]

--- Iteration 29 ---
Qprime size   : 1278
max |ΔU|      : 3.269e-05
max |ΔU| norm  : 1.541e-04
max |Δn|      : 1.013e-03
max |Δn| norm  : 5.040e-03
max |ΔILDOS|  : 2.354e+01
last Poisson  : 13.443 s
last Quantum  : 1.837 s
-6.32021601024957e-07 1.9737558582657288e-07
Iteration counts: [0, 3, 27]

--- Iteration 30 ---
Qprime size   : 1278
max |ΔU|      : 2.663e-05
max |ΔU| norm  : 1.433e-04
max |Δn|      : 9.562e-04
max |Δn| norm  : 4.886e-03
max |ΔILDOS|  : 1.361e+01
last Poisson  : 13.493 s
last Quantum  : 1.746 s
3.8913458823852137e-07 -1.2081260668741841e-07
FSC converged / stopped.
✔ Logged phi=0.0978, Vbg=1.6667

=== Running phi=0.0978, Vbg=1.8333 ===
🔄 Full Hamiltonian rebuild (qparams change)
The poisson problem has been initialized.
Iteration counts: [0, 0, 0]

--- Iteration 0 ---
Qprime size   : 1247
max |ΔU|      : 5.707e-14
max |ΔU| norm  : 1.010e-12
max |Δn|      : 2.118e-13
max |Δn| norm  : 1.202e-12
-0.0002837811861124582 5.8909363542690825e-05
Iteration counts: [0, 0, 1]

--- Iteration 1 ---
Qprime size   : 1247
max |ΔU|      : 7.193e-04
max |ΔU| norm  : 3.035e-02
max |Δn|      : 5.088e-03
max |Δn| norm  : 3.684e-02
max |ΔILDOS|  : 5.226e+02
last Poisson  : 12.892 s
last Quantum  : 1.628 s
-0.0007413712323423685 0.0002587083684325498
Iteration counts: [0, 1, 1]

--- Iteration 2 ---
Qprime size   : 1247
max |ΔU|      : 1.211e-03
max |ΔU| norm  : 5.917e-02
max |Δn|      : 4.954e-03
max |Δn| norm  : 4.113e-02
max |ΔILDOS|  : 5.226e+02
last Poisson  : 12.886 s
last Quantum  : 1.628 s
-0.0005944926970656412 0.00020786177950790627
Iteration counts: [0, 2, 1]

--- Iteration 3 ---
Qprime size   : 1247
max |ΔU|      : 9.686e-04
max |ΔU| norm  : 4.744e-02
max |Δn|      : 3.892e-03
max |Δn| norm  : 3.203e-02
max |ΔILDOS|  : 5.226e+02
last Poisson  : 13.080 s
last Quantum  : 1.628 s
-0.00047588279823910075 0.00016674136650788793
Iteration counts: [0, 3, 1]

--- Iteration 4 ---
Qprime size   : 1247
max |ΔU|      : 7.749e-04
max |ΔU| norm  : 3.799e-02
max |Δn|      : 3.058e-03
max |Δn| norm  : 2.515e-02
max |ΔILDOS|  : 5.226e+02
last Poisson  : 13.169 s
last Quantum  : 1.628 s
-0.0003805830440437028 0.0001336401769441479
Iteration counts: [0, 3, 2]

--- Iteration 5 ---
Qprime size   : 1247
max |ΔU|      : 6.198e-04
max |ΔU| norm  : 3.040e-02
max |Δn|      : 2.404e-03
max |Δn| norm  : 1.989e-02
max |ΔILDOS|  : 9.060e+02
last Poisson  : 13.239 s
last Quantum  : 1.724 s
0.00013690435276290862 -4.2546683271732714e-05
Iteration counts: [0, 3, 3]

--- Iteration 6 ---
Qprime size   : 1247
max |ΔU|      : 3.016e-04
max |ΔU| norm  : 1.132e-02
max |Δn|      : 2.819e-03
max |Δn| norm  : 2.354e-02
max |ΔILDOS|  : 6.787e+02
last Poisson  : 13.016 s
last Quantum  : 1.774 s
7.927849595564643e-05 -2.504939247993896e-05
Iteration counts: [0, 3, 4]

--- Iteration 7 ---
Qprime size   : 1247
max |ΔU|      : 1.746e-04
max |ΔU| norm  : 6.492e-03
max |Δn|      : 1.735e-03
max |Δn| norm  : 1.225e-02
max |ΔILDOS|  : 3.849e+02
last Poisson  : 13.071 s
last Quantum  : 1.511 s
4.504568011916605e-05 -1.45358253323037e-05
Iteration counts: [0, 3, 5]

--- Iteration 8 ---
Qprime size   : 1247
max |ΔU|      : 1.011e-04
max |ΔU| norm  : 3.683e-03
max |Δn|      : 1.590e-03
max |Δn| norm  : 7.023e-03
max |ΔILDOS|  : 2.050e+02
last Poisson  : 13.336 s
last Quantum  : 1.298 s
2.712537745070709e-05 -8.883007833659971e-06
Iteration counts: [0, 3, 6]

--- Iteration 9 ---
Qprime size   : 1247
max |ΔU|      : 6.481e-05
max |ΔU| norm  : 2.200e-03
max |Δn|      : 1.178e-03
max |Δn| norm  : 5.922e-03
max |ΔILDOS|  : 1.092e+02
last Poisson  : 13.317 s
last Quantum  : 1.290 s
1.5549565826421083e-05 -5.117022471643625e-06
Iteration counts: [0, 3, 7]

--- Iteration 10 ---
Qprime size   : 1247
max |ΔU|      : 5.630e-05
max |ΔU| norm  : 1.280e-03
max |Δn|      : 1.559e-03
max |Δn| norm  : 5.811e-03
max |ΔILDOS|  : 5.998e+01
last Poisson  : 13.141 s
last Quantum  : 1.458 s
1.0006049860593558e-05 -3.2896701079120623e-06
Iteration counts: [0, 3, 8]

--- Iteration 11 ---
Qprime size   : 1247
max |ΔU|      : 4.834e-05
max |ΔU| norm  : 8.151e-04
max |Δn|      : 1.479e-03
max |Δn| norm  : 6.334e-03
max |ΔILDOS|  : 3.366e+01
last Poisson  : 13.369 s
last Quantum  : 1.444 s
6.047302498110703e-06 -1.9823814609371835e-06
Iteration counts: [0, 3, 9]

--- Iteration 12 ---
Qprime size   : 1247
max |ΔU|      : 4.231e-05
max |ΔU| norm  : 5.159e-04
max |Δn|      : 1.591e-03
max |Δn| norm  : 6.699e-03
max |ΔILDOS|  : 2.658e+01
last Poisson  : 13.258 s
last Quantum  : 1.500 s
3.7475939738748376e-06 -1.2354254257096184e-06
Iteration counts: [0, 3, 10]

--- Iteration 13 ---
Qprime size   : 1247
max |ΔU|      : 4.395e-05
max |ΔU| norm  : 3.581e-04
max |Δn|      : 1.253e-03
max |Δn| norm  : 6.119e-03
max |ΔILDOS|  : 3.404e+01
last Poisson  : 13.252 s
last Quantum  : 1.517 s
2.122262060946018e-06 -6.906077304364957e-07
Iteration counts: [0, 3, 11]

--- Iteration 14 ---
Qprime size   : 1247
max |ΔU|      : 4.414e-05
max |ΔU| norm  : 2.766e-04
max |Δn|      : 1.750e-03
max |Δn| norm  : 6.620e-03
max |ΔILDOS|  : 2.354e+01
last Poisson  : 13.329 s
last Quantum  : 1.461 s
1.4726786479291607e-06 -4.801734658502688e-07
Iteration counts: [0, 3, 12]

--- Iteration 15 ---
Qprime size   : 1247
max |ΔU|      : 4.309e-05
max |ΔU| norm  : 2.324e-04
max |Δn|      : 1.448e-03
max |Δn| norm  : 6.634e-03
max |ΔILDOS|  : 2.704e+01
last Poisson  : 13.428 s
last Quantum  : 1.464 s
-2.2911029407060226e-09 -1.343151047403676e-08
Iteration counts: [0, 3, 13]

--- Iteration 16 ---
Qprime size   : 1247
max |ΔU|      : 5.042e-05
max |ΔU| norm  : 2.446e-04
max |Δn|      : 1.533e-03
max |Δn| norm  : 6.388e-03
max |ΔILDOS|  : 3.959e+01
last Poisson  : 13.538 s
last Quantum  : 1.485 s
9.778146453051172e-07 -3.1565584171903675e-07
Iteration counts: [0, 3, 14]

--- Iteration 17 ---
Qprime size   : 1247
max |ΔU|      : 3.306e-05
max |ΔU| norm  : 1.961e-04
max |Δn|      : 1.630e-03
max |Δn| norm  : 7.009e-03
max |ΔILDOS|  : 2.129e+01
last Poisson  : 13.550 s
last Quantum  : 1.497 s
1.1653832745181374e-08 -3.5971563175688287e-09
Iteration counts: [0, 3, 15]

--- Iteration 18 ---
Qprime size   : 1247
max |ΔU|      : 4.126e-05
max |ΔU| norm  : 2.024e-04
max |Δn|      : 1.534e-03
max |Δn| norm  : 7.130e-03
max |ΔILDOS|  : 3.035e+01
last Poisson  : 13.533 s
last Quantum  : 1.487 s
4.152888766436443e-07 -1.3239125976585378e-07
Iteration counts: [0, 3, 16]

--- Iteration 19 ---
Qprime size   : 1247
max |ΔU|      : 3.588e-05
max |ΔU| norm  : 1.952e-04
max |Δn|      : 1.523e-03
max |Δn| norm  : 6.563e-03
max |ΔILDOS|  : 2.473e+01
last Poisson  : 13.575 s
last Quantum  : 1.597 s
-4.1543676386333116e-07 1.2970332380100572e-07
Iteration counts: [0, 3, 17]

--- Iteration 20 ---
Qprime size   : 1247
max |ΔU|      : 4.488e-05
max |ΔU| norm  : 2.253e-04
max |Δn|      : 1.396e-03
max |Δn| norm  : 6.073e-03
max |ΔILDOS|  : 2.582e+01
last Poisson  : 13.283 s
last Quantum  : 1.485 s
5.595436012653987e-07 -1.793681544006799e-07
Iteration counts: [0, 3, 18]

--- Iteration 21 ---
Qprime size   : 1247
max |ΔU|      : 3.430e-05
max |ΔU| norm  : 2.175e-04
max |Δn|      : 1.260e-03
max |Δn| norm  : 6.294e-03
max |ΔILDOS|  : 2.418e+01
last Poisson  : 13.827 s
last Quantum  : 1.517 s
-3.962502255564582e-07 1.271977351900611e-07
Iteration counts: [0, 3, 19]

--- Iteration 22 ---
Qprime size   : 1247
max |ΔU|      : 4.921e-05
max |ΔU| norm  : 2.292e-04
max |Δn|      : 1.675e-03
max |Δn| norm  : 6.843e-03
max |ΔILDOS|  : 3.796e+01
last Poisson  : 13.837 s
last Quantum  : 1.489 s
7.780954698326211e-07 -2.419073080433335e-07
Iteration counts: [0, 3, 20]

--- Iteration 23 ---
Qprime size   : 1247
max |ΔU|      : 3.675e-05
max |ΔU| norm  : 2.121e-04
max |Δn|      : 1.772e-03
max |Δn| norm  : 7.345e-03
max |ΔILDOS|  : 2.325e+01
last Poisson  : 13.831 s
last Quantum  : 1.542 s
-6.807438741634387e-07 2.120251169652716e-07
Iteration counts: [0, 3, 21]

--- Iteration 24 ---
Qprime size   : 1247
max |ΔU|      : 3.375e-05
max |ΔU| norm  : 2.109e-04
max |Δn|      : 1.531e-03
max |Δn| norm  : 6.580e-03
max |ΔILDOS|  : 2.647e+01
last Poisson  : 13.891 s
last Quantum  : 1.474 s
3.4943199807111643e-07 -1.1356744922757151e-07
Iteration counts: [0, 3, 22]

--- Iteration 25 ---
Qprime size   : 1247
max |ΔU|      : 4.108e-05
max |ΔU| norm  : 2.480e-04
max |Δn|      : 1.423e-03
max |Δn| norm  : 6.177e-03
max |ΔILDOS|  : 3.290e+01
last Poisson  : 14.042 s
last Quantum  : 1.402 s
-5.850305346047913e-07 1.8759090815796747e-07
Iteration counts: [0, 3, 23]

--- Iteration 26 ---
Qprime size   : 1247
max |ΔU|      : 4.354e-05
max |ΔU| norm  : 2.330e-04
max |Δn|      : 1.528e-03
max |Δn| norm  : 7.131e-03
max |ΔILDOS|  : 2.981e+01
last Poisson  : 13.951 s
last Quantum  : 1.437 s
8.502171264067209e-07 -2.6479033809089424e-07
Iteration counts: [0, 3, 24]

--- Iteration 27 ---
Qprime size   : 1247
max |ΔU|      : 4.610e-05
max |ΔU| norm  : 2.284e-04
max |Δn|      : 1.532e-03
max |Δn| norm  : 7.432e-03
max |ΔILDOS|  : 3.159e+01
last Poisson  : 14.167 s
last Quantum  : 1.333 s
-5.438094613469236e-07 1.7055439625189758e-07
Iteration counts: [0, 3, 25]

--- Iteration 28 ---
Qprime size   : 1247
max |ΔU|      : 3.781e-05
max |ΔU| norm  : 2.050e-04
max |Δn|      : 1.545e-03
max |Δn| norm  : 6.556e-03
max |ΔILDOS|  : 3.153e+01
last Poisson  : 12.912 s
last Quantum  : 1.105 s
5.93165963813619e-07 -1.8681523539758922e-07
Iteration counts: [0, 3, 26]

--- Iteration 29 ---
Qprime size   : 1247
max |ΔU|      : 3.996e-05
max |ΔU| norm  : 2.060e-04
max |Δn|      : 1.488e-03
max |Δn| norm  : 6.101e-03
max |ΔILDOS|  : 2.801e+01
last Poisson  : 14.338 s
last Quantum  : 1.113 s
-3.595458596278593e-07 1.110422455708786e-07
Iteration counts: [0, 3, 27]

--- Iteration 30 ---
Qprime size   : 1247
max |ΔU|      : 4.521e-05
max |ΔU| norm  : 2.245e-04
max |Δn|      : 1.374e-03
max |Δn| norm  : 6.615e-03
max |ΔILDOS|  : 3.262e+01
last Poisson  : 13.904 s
last Quantum  : 1.084 s
-8.643527913745768e-08 2.2829648213006697e-08
FSC converged / stopped.
✔ Logged phi=0.0978, Vbg=1.8333

=== Running phi=0.0978, Vbg=2.0000 ===
🔄 Full Hamiltonian rebuild (qparams change)
The poisson problem has been initialized.
Iteration counts: [0, 0, 0]

--- Iteration 0 ---
Qprime size   : 1195
max |ΔU|      : 5.973e-14
max |ΔU| norm  : 1.333e-12
max |Δn|      : 1.830e-13
max |Δn| norm  : 1.260e-12
-0.00019561789155008455 1.8566332878293687e-05
Iteration counts: [0, 0, 1]

--- Iteration 1 ---
Qprime size   : 1195
max |ΔU|      : 7.743e-04
max |ΔU| norm  : 2.529e-02
max |Δn|      : 6.665e-03
max |Δn| norm  : 3.723e-02
max |ΔILDOS|  : 5.687e+02
last Poisson  : 14.041 s
last Quantum  : 1.634 s
-0.000607578301341606 0.00020545697722545032
Iteration counts: [0, 1, 1]

--- Iteration 2 ---
Qprime size   : 1195
max |ΔU|      : 1.140e-03
max |ΔU| norm  : 4.849e-02
max |Δn|      : 5.482e-03
max |Δn| norm  : 3.877e-02
max |ΔILDOS|  : 5.687e+02
last Poisson  : 14.053 s
last Quantum  : 1.634 s
-0.00048584169885810484 0.0001648794290580322
Iteration counts: [0, 2, 1]

--- Iteration 3 ---
Qprime size   : 1195
max |ΔU|      : 9.108e-04
max |ΔU| norm  : 3.877e-02
max |Δn|      : 4.263e-03
max |Δn| norm  : 3.010e-02
max |ΔILDOS|  : 5.687e+02
last Poisson  : 13.970 s
last Quantum  : 1.634 s
-0.0003886945930288355 0.00013236212442059965
Iteration counts: [0, 3, 1]

--- Iteration 4 ---
Qprime size   : 1195
max |ΔU|      : 7.277e-04
max |ΔU| norm  : 3.101e-02
max |Δn|      : 3.315e-03
max |Δn| norm  : 2.355e-02
max |ΔILDOS|  : 5.687e+02
last Poisson  : 14.175 s
last Quantum  : 1.634 s
-0.0003109225514409308 0.00010623070667084179
Iteration counts: [0, 3, 2]

--- Iteration 5 ---
Qprime size   : 1195
max |ΔU|      : 5.814e-04
max |ΔU| norm  : 2.480e-02
max |Δn|      : 2.574e-03
max |Δn| norm  : 1.847e-02
max |ΔILDOS|  : 9.970e+02
last Poisson  : 14.129 s
last Quantum  : 1.476 s
0.00011362865739159831 -3.826098474362743e-05
Iteration counts: [0, 3, 3]

--- Iteration 6 ---
Qprime size   : 1195
max |ΔU|      : 2.792e-04
max |ΔU| norm  : 8.645e-03
max |Δn|      : 4.202e-03
max |Δn| norm  : 2.370e-02
max |ΔILDOS|  : 4.579e+02
last Poisson  : 14.089 s
last Quantum  : 1.457 s
6.72381055181274e-05 -2.2562313254979504e-05
Iteration counts: [0, 3, 4]

--- Iteration 7 ---
Qprime size   : 1195
max |ΔU|      : 1.706e-04
max |ΔU| norm  : 5.211e-03
max |Δn|      : 2.065e-03
max |Δn| norm  : 1.082e-02
max |ΔILDOS|  : 2.525e+02
last Poisson  : 14.368 s
last Quantum  : 1.465 s
3.870989033483806e-05 -1.2985635259307348e-05
Iteration counts: [0, 3, 5]

--- Iteration 8 ---
Qprime size   : 1195
max |ΔU|      : 1.012e-04
max |ΔU| norm  : 3.028e-03
max |Δn|      : 1.249e-03
max |Δn| norm  : 6.026e-03
max |ΔILDOS|  : 1.374e+02
last Poisson  : 14.434 s
last Quantum  : 1.437 s
2.3358977409740047e-05 -7.802202602698166e-06
Iteration counts: [0, 3, 6]

--- Iteration 9 ---
Qprime size   : 1195
max |ΔU|      : 6.158e-05
max |ΔU| norm  : 1.858e-03
max |Δn|      : 1.504e-03
max |Δn| norm  : 4.454e-03
max |ΔILDOS|  : 8.700e+01
last Poisson  : 14.493 s
last Quantum  : 1.479 s
1.2509336981479237e-05 -4.1839096686890035e-06
Iteration counts: [0, 3, 7]

--- Iteration 10 ---
Qprime size   : 1195
max |ΔU|      : 4.077e-05
max |ΔU| norm  : 1.038e-03
max |Δn|      : 1.430e-03
max |Δn| norm  : 4.045e-03
max |ΔILDOS|  : 4.773e+01
last Poisson  : 14.638 s
last Quantum  : 1.031 s
8.57377858895985e-06 -2.8451950768790442e-06
Iteration counts: [0, 3, 8]

--- Iteration 11 ---
Qprime size   : 1195
max |ΔU|      : 5.121e-05
max |ΔU| norm  : 7.088e-04
max |Δn|      : 1.899e-03
max |Δn| norm  : 4.297e-03
max |ΔILDOS|  : 3.296e+01
last Poisson  : 14.806 s
last Quantum  : 1.756 s
4.709491035837257e-06 -1.5587328438545707e-06
Iteration counts: [0, 3, 9]

--- Iteration 12 ---
Qprime size   : 1195
max |ΔU|      : 4.412e-05
max |ΔU| norm  : 4.199e-04
max |Δn|      : 1.291e-03
max |Δn| norm  : 3.922e-03
max |ΔILDOS|  : 2.828e+01
last Poisson  : 14.409 s
last Quantum  : 1.678 s
3.131029266463735e-06 -1.0354556254457483e-06
Iteration counts: [0, 3, 10]

--- Iteration 13 ---
Qprime size   : 1195
max |ΔU|      : 4.419e-05
max |ΔU| norm  : 3.022e-04
max |Δn|      : 1.389e-03
max |Δn| norm  : 4.136e-03
max |ΔILDOS|  : 2.643e+01
last Poisson  : 14.596 s
last Quantum  : 1.507 s
1.5443510081819183e-06 -5.066736352857982e-07
Iteration counts: [0, 3, 11]

--- Iteration 14 ---
Qprime size   : 1195
max |ΔU|      : 3.758e-05
max |ΔU| norm  : 1.985e-04
max |Δn|      : 1.228e-03
max |Δn| norm  : 3.461e-03
max |ΔILDOS|  : 2.515e+01
last Poisson  : 14.703 s
last Quantum  : 1.559 s
1.2530601278238986e-06 -4.0871267309479164e-07
Iteration counts: [0, 3, 12]

--- Iteration 15 ---
Qprime size   : 1195
max |ΔU|      : 3.670e-05
max |ΔU| norm  : 1.630e-04
max |Δn|      : 1.462e-03
max |Δn| norm  : 4.061e-03
max |ΔILDOS|  : 1.992e+01
last Poisson  : 14.701 s
last Quantum  : 1.326 s
1.932129745952848e-07 -6.906881483481308e-08
Iteration counts: [0, 3, 13]

--- Iteration 16 ---
Qprime size   : 1195
max |ΔU|      : 4.081e-05
max |ΔU| norm  : 1.558e-04
max |Δn|      : 1.499e-03
max |Δn| norm  : 4.961e-03
max |ΔILDOS|  : 2.370e+01
last Poisson  : 14.660 s
last Quantum  : 1.504 s
1.046178729955827e-06 -3.379957393354271e-07
Iteration counts: [0, 3, 14]

--- Iteration 17 ---
Qprime size   : 1195
max |ΔU|      : 4.764e-05
max |ΔU| norm  : 1.968e-04
max |Δn|      : 1.700e-03
max |Δn| norm  : 4.345e-03
max |ΔILDOS|  : 3.336e+01
last Poisson  : 14.749 s
last Quantum  : 1.557 s
-1.7215191513770149e-07 6.138667207025541e-08
Iteration counts: [0, 3, 15]

--- Iteration 18 ---
Qprime size   : 1195
max |ΔU|      : 4.147e-05
max |ΔU| norm  : 1.478e-04
max |Δn|      : 1.022e-03
max |Δn| norm  : 3.291e-03
max |ΔILDOS|  : 2.590e+01
last Poisson  : 14.513 s
last Quantum  : 1.700 s
3.924846625874185e-07 -1.2872827446623618e-07
Iteration counts: [0, 3, 16]

--- Iteration 19 ---
Qprime size   : 1195
max |ΔU|      : 3.996e-05
max |ΔU| norm  : 1.506e-04
max |Δn|      : 1.231e-03
max |Δn| norm  : 3.837e-03
max |ΔILDOS|  : 2.203e+01
last Poisson  : 14.840 s
last Quantum  : 1.611 s
5.639555129868438e-08 -1.9115276083605538e-08
Iteration counts: [0, 3, 17]

--- Iteration 20 ---
Qprime size   : 1195
max |ΔU|      : 4.316e-05
max |ΔU| norm  : 1.459e-04
max |Δn|      : 1.505e-03
max |Δn| norm  : 4.395e-03
max |ΔILDOS|  : 2.499e+01
last Poisson  : 14.752 s
last Quantum  : 1.690 s
4.015255046137223e-07 -1.2713597360754128e-07
Iteration counts: [0, 3, 18]

--- Iteration 21 ---
Qprime size   : 1195
max |ΔU|      : 4.776e-05
max |ΔU| norm  : 1.509e-04
max |Δn|      : 1.488e-03
max |Δn| norm  : 4.327e-03
max |ΔILDOS|  : 2.934e+01
last Poisson  : 14.846 s
last Quantum  : 1.691 s
-6.120835559035857e-07 1.949820630149774e-07
Iteration counts: [0, 3, 19]

--- Iteration 22 ---
Qprime size   : 1195
max |ΔU|      : 4.415e-05
max |ΔU| norm  : 1.665e-04
max |Δn|      : 1.267e-03
max |Δn| norm  : 4.271e-03
max |ΔILDOS|  : 2.646e+01
last Poisson  : 15.056 s
last Quantum  : 1.637 s
7.461207583903905e-08 -2.3585529950984707e-08
Iteration counts: [0, 3, 20]

--- Iteration 23 ---
Qprime size   : 1195
max |ΔU|      : 3.424e-05
max |ΔU| norm  : 1.148e-04
max |Δn|      : 1.893e-03
max |Δn| norm  : 4.666e-03
max |ΔILDOS|  : 2.160e+01
last Poisson  : 14.908 s
last Quantum  : 1.448 s
-1.2856867080542742e-07 4.526482305345402e-08
Iteration counts: [0, 3, 21]

--- Iteration 24 ---
Qprime size   : 1195
max |ΔU|      : 4.443e-05
max |ΔU| norm  : 1.367e-04
max |Δn|      : 1.528e-03
max |Δn| norm  : 4.767e-03
max |ΔILDOS|  : 2.463e+01
last Poisson  : 14.940 s
last Quantum  : 1.744 s
8.756180864205475e-08 -3.096763594010104e-08
Iteration counts: [0, 3, 22]

--- Iteration 25 ---
Qprime size   : 1195
max |ΔU|      : 4.052e-05
max |ΔU| norm  : 1.447e-04
max |Δn|      : 1.578e-03
max |Δn| norm  : 4.711e-03
max |ΔILDOS|  : 2.337e+01
last Poisson  : 14.810 s
last Quantum  : 1.511 s
3.247698365809127e-07 -1.0197723139493478e-07
Iteration counts: [0, 3, 23]

--- Iteration 26 ---
Qprime size   : 1195
max |ΔU|      : 3.511e-05
max |ΔU| norm  : 1.243e-04
max |Δn|      : 1.408e-03
max |Δn| norm  : 3.948e-03
max |ΔILDOS|  : 1.856e+01
last Poisson  : 14.804 s
last Quantum  : 1.603 s
-2.511739784939329e-07 8.072306859590934e-08
Iteration counts: [0, 3, 24]

--- Iteration 27 ---
Qprime size   : 1195
max |ΔU|      : 3.430e-05
max |ΔU| norm  : 1.295e-04
max |Δn|      : 1.494e-03
max |Δn| norm  : 4.330e-03
max |ΔILDOS|  : 2.052e+01
last Poisson  : 14.804 s
last Quantum  : 1.618 s
1.9073216814433213e-07 -6.686285660586982e-08
Iteration counts: [0, 3, 25]

--- Iteration 28 ---
Qprime size   : 1195
max |ΔU|      : 3.827e-05
max |ΔU| norm  : 1.439e-04
max |Δn|      : 1.606e-03
max |Δn| norm  : 5.149e-03
max |ΔILDOS|  : 2.483e+01
last Poisson  : 14.927 s
last Quantum  : 1.682 s
-3.41088475842634e-09 3.858360473880216e-09
Iteration counts: [0, 3, 26]

--- Iteration 29 ---
Qprime size   : 1195
max |ΔU|      : 3.120e-05
max |ΔU| norm  : 1.115e-04
max |Δn|      : 1.868e-03
max |Δn| norm  : 5.034e-03
max |ΔILDOS|  : 2.395e+01
last Poisson  : 14.956 s
last Quantum  : 1.674 s
-3.295840618918183e-07 1.0931226137719904e-07
Iteration counts: [0, 3, 27]

--- Iteration 30 ---
Qprime size   : 1195
max |ΔU|      : 4.609e-05
max |ΔU| norm  : 1.546e-04
max |Δn|      : 1.273e-03
max |Δn| norm  : 4.216e-03
max |ΔILDOS|  : 2.703e+01
last Poisson  : 14.905 s
last Quantum  : 1.745 s
-3.742894305630181e-08 1.0041430730955107e-08
FSC converged / stopped.
✔ Logged phi=0.0978, Vbg=2.0000

=== Running phi=0.0978, Vbg=2.1667 ===
🔄 Full Hamiltonian rebuild (qparams change)
The poisson problem has been initialized.
Iteration counts: [0, 0, 0]

--- Iteration 0 ---
Qprime size   : 1107
max |ΔU|      : 7.416e-14
max |ΔU| norm  : 1.601e-12
max |Δn|      : 2.449e-13
max |Δn| norm  : 1.523e-12
-0.00016003729886860537 1.3686171671473168e-05
Iteration counts: [0, 0, 1]

--- Iteration 1 ---
Qprime size   : 1107
max |ΔU|      : 8.237e-04
max |ΔU| norm  : 1.979e-02
max |Δn|      : 7.210e-03
max |Δn| norm  : 3.354e-02
max |ΔILDOS|  : 4.562e+02
last Poisson  : 12.819 s
last Quantum  : 1.222 s
-0.000527962363544214 0.00018984955356692444
Iteration counts: [0, 1, 1]

--- Iteration 2 ---
Qprime size   : 1107
max |ΔU|      : 1.030e-03
max |ΔU| norm  : 4.044e-02
max |Δn|      : 5.357e-03
max |Δn| norm  : 2.987e-02
max |ΔILDOS|  : 4.562e+02
last Poisson  : 11.922 s
last Quantum  : 1.222 s
-0.00042190733490708195 0.00015200745801068475
Iteration counts: [0, 1, 2]

--- Iteration 3 ---
Qprime size   : 1107
max |ΔU|      : 8.200e-04
max |ΔU| norm  : 3.233e-02
max |Δn|      : 4.057e-03
max |Δn| norm  : 2.331e-02
max |ΔILDOS|  : 5.680e+02
last Poisson  : 11.907 s
last Quantum  : 1.002 s
-0.00014068612830431802 5.0587146766723254e-05
Iteration counts: [0, 1, 3]

--- Iteration 4 ---
Qprime size   : 1107
max |ΔU|      : 2.575e-04
max |ΔU| norm  : 1.105e-02
max |Δn|      : 2.107e-03
max |Δn| norm  : 1.209e-02
max |ΔILDOS|  : 3.581e+02
last Poisson  : 13.029 s
last Quantum  : 1.284 s
-8.576003126169718e-05 3.131139381567278e-05
Iteration counts: [0, 1, 4]

--- Iteration 5 ---
Qprime size   : 1107
max |ΔU|      : 1.605e-04
max |ΔU| norm  : 6.747e-03
max |Δn|      : 7.254e-04
max |Δn| norm  : 5.583e-03
max |ΔILDOS|  : 2.817e+02
last Poisson  : 12.834 s
last Quantum  : 1.346 s
-5.1688678486326025e-05 1.9057526036684217e-05
Iteration counts: [0, 1, 5]

--- Iteration 6 ---
Qprime size   : 1107
max |ΔU|      : 9.696e-05
max |ΔU| norm  : 4.076e-03
max |Δn|      : 4.481e-04
max |Δn| norm  : 3.144e-03
max |ΔILDOS|  : 1.978e+02
last Poisson  : 13.124 s
last Quantum  : 1.125 s
-3.179033137317213e-05 1.17850625620091e-05
Iteration counts: [0, 1, 6]

--- Iteration 7 ---
Qprime size   : 1107
max |ΔU|      : 6.167e-05
max |ΔU| norm  : 2.514e-03
max |Δn|      : 3.709e-04
max |Δn| norm  : 1.950e-03
max |ΔILDOS|  : 1.264e+02
last Poisson  : 12.957 s
last Quantum  : 1.130 s
-1.896295771108746e-05 7.080417217458433e-06
Iteration counts: [0, 1, 7]

--- Iteration 8 ---
Qprime size   : 1107
max |ΔU|      : 3.760e-05
max |ΔU| norm  : 1.506e-03
max |Δn|      : 2.861e-04
max |Δn| norm  : 1.250e-03
max |ΔILDOS|  : 7.810e+01
last Poisson  : 12.749 s
last Quantum  : 1.305 s
-1.1674719322278092e-05 4.370212792724445e-06
Iteration counts: [0, 1, 8]

--- Iteration 9 ---
Qprime size   : 1107
max |ΔU|      : 2.436e-05
max |ΔU| norm  : 9.301e-04
max |Δn|      : 2.098e-04
max |Δn| norm  : 8.755e-04
max |ΔILDOS|  : 4.981e+01
last Poisson  : 12.709 s
last Quantum  : 1.146 s
-6.873588806296947e-06 2.584012575640951e-06
Iteration counts: [0, 1, 9]

--- Iteration 10 ---
Qprime size   : 1107
max |ΔU|      : 1.484e-05
max |ΔU| norm  : 5.529e-04
max |Δn|      : 2.736e-04
max |Δn| norm  : 6.817e-04
max |ΔILDOS|  : 3.087e+01
last Poisson  : 12.752 s
last Quantum  : 1.071 s
-4.28664963617705e-06 1.6121793404138571e-06
Iteration counts: [0, 1, 10]

--- Iteration 11 ---
Qprime size   : 1107
max |ΔU|      : 1.547e-05
max |ΔU| norm  : 3.452e-04
max |Δn|      : 2.895e-04
max |Δn| norm  : 6.147e-04
max |ΔILDOS|  : 1.948e+01
last Poisson  : 12.721 s
last Quantum  : 1.107 s
-2.497904240312191e-06 9.432465554124588e-07
Iteration counts: [0, 1, 11]

--- Iteration 12 ---
Qprime size   : 1107
max |ΔU|      : 1.125e-05
max |ΔU| norm  : 2.048e-04
max |Δn|      : 3.268e-04
max |Δn| norm  : 5.958e-04
max |ΔILDOS|  : 1.245e+01
last Poisson  : 12.704 s
last Quantum  : 1.145 s
-1.550532538168783e-06 5.841976751288207e-07
Iteration counts: [0, 1, 12]

--- Iteration 13 ---
Qprime size   : 1107
max |ΔU|      : 1.073e-05
max |ΔU| norm  : 1.279e-04
max |Δn|      : 3.163e-04
max |Δn| norm  : 5.775e-04
max |ΔILDOS|  : 7.709e+00
last Poisson  : 12.903 s
last Quantum  : 1.143 s
-9.129102959533297e-07 3.4385025393415327e-07
Iteration counts: [0, 1, 13]

--- Iteration 14 ---
Qprime size   : 1107
max |ΔU|      : 8.177e-06
max |ΔU| norm  : 7.797e-05
max |Δn|      : 2.879e-04
max |Δn| norm  : 5.834e-04
max |ΔILDOS|  : 5.114e+00
last Poisson  : 12.688 s
last Quantum  : 1.160 s
-5.620513251894151e-07 2.0998756688399956e-07
Iteration counts: [0, 1, 14]

--- Iteration 15 ---
Qprime size   : 1107
max |ΔU|      : 9.584e-06
max |ΔU| norm  : 5.087e-05
max |Δn|      : 3.046e-04
max |Δn| norm  : 5.868e-04
max |ΔILDOS|  : 5.367e+00
last Poisson  : 12.592 s
last Quantum  : 1.171 s
-3.1971265750914753e-07 1.1978290463657938e-07
Iteration counts: [0, 1, 15]

--- Iteration 16 ---
Qprime size   : 1107
max |ΔU|      : 8.127e-06
max |ΔU| norm  : 3.331e-05
max |Δn|      : 3.026e-04
max |Δn| norm  : 5.784e-04
max |ΔILDOS|  : 4.503e+00
last Poisson  : 12.548 s
last Quantum  : 1.087 s
-2.041468499392179e-07 7.585688478103627e-08
Iteration counts: [0, 1, 16]

--- Iteration 17 ---
Qprime size   : 1107
max |ΔU|      : 8.081e-06
max |ΔU| norm  : 2.536e-05
max |Δn|      : 2.803e-04
max |Δn| norm  : 5.657e-04
max |ΔILDOS|  : 4.576e+00
last Poisson  : 12.605 s
last Quantum  : 1.077 s
-1.135693189510853e-07 4.228443129169272e-08
Iteration counts: [0, 1, 17]

--- Iteration 18 ---
Qprime size   : 1107
max |ΔU|      : 7.889e-06
max |ΔU| norm  : 2.092e-05
max |Δn|      : 2.905e-04
max |Δn| norm  : 5.659e-04
max |ΔILDOS|  : 4.373e+00
last Poisson  : 12.721 s
last Quantum  : 1.110 s
-8.22482170040449e-08 3.0112011402604096e-08
Iteration counts: [0, 1, 18]

--- Iteration 19 ---
Qprime size   : 1107
max |ΔU|      : 8.984e-06
max |ΔU| norm  : 2.033e-05
max |Δn|      : 3.179e-04
max |Δn| norm  : 5.820e-04
max |ΔILDOS|  : 4.988e+00
last Poisson  : 12.735 s
last Quantum  : 1.050 s
-3.896228462702579e-08 1.469712047214075e-08
Iteration counts: [0, 1, 19]

--- Iteration 20 ---
Qprime size   : 1107
max |ΔU|      : 8.389e-06
max |ΔU| norm  : 1.899e-05
max |Δn|      : 3.108e-04
max |Δn| norm  : 5.778e-04
max |ΔILDOS|  : 4.708e+00
last Poisson  : 12.579 s
last Quantum  : 1.088 s
-2.6978143264556478e-08 1.0092668339122918e-08
Iteration counts: [0, 1, 20]

--- Iteration 21 ---
Qprime size   : 1107
max |ΔU|      : 7.594e-06
max |ΔU| norm  : 1.814e-05
max |Δn|      : 2.836e-04
max |Δn| norm  : 5.615e-04
max |ΔILDOS|  : 4.352e+00
last Poisson  : 12.823 s
last Quantum  : 1.057 s
-1.351032281894739e-08 5.13672259315496e-09
Iteration counts: [0, 1, 21]

--- Iteration 22 ---
Qprime size   : 1107
max |ΔU|      : 7.882e-06
max |ΔU| norm  : 1.819e-05
max |Δn|      : 2.938e-04
max |Δn| norm  : 5.634e-04
max |ΔILDOS|  : 4.453e+00
last Poisson  : 12.682 s
last Quantum  : 1.060 s
-1.7729520994293728e-08 6.286393791892068e-09
Iteration counts: [0, 1, 22]

--- Iteration 23 ---
Qprime size   : 1107
max |ΔU|      : 8.913e-06
max |ΔU| norm  : 1.903e-05
max |Δn|      : 3.264e-04
max |Δn| norm  : 5.839e-04
max |ΔILDOS|  : 4.978e+00
last Poisson  : 12.748 s
last Quantum  : 1.056 s
-3.942227487297871e-09 1.6671744486234959e-09
Iteration counts: [0, 1, 23]

--- Iteration 24 ---
Qprime size   : 1107
max |ΔU|      : 8.409e-06
max |ΔU| norm  : 1.864e-05
max |Δn|      : 3.169e-04
max |Δn| norm  : 5.802e-04
max |ΔILDOS|  : 4.779e+00
last Poisson  : 12.913 s
last Quantum  : 1.055 s
-7.417103888789899e-10 4.301910933575766e-10
Iteration counts: [0, 1, 24]

--- Iteration 25 ---
Qprime size   : 1107
max |ΔU|      : 7.349e-06
max |ΔU| norm  : 1.785e-05
max |Δn|      : 2.836e-04
max |Δn| norm  : 5.598e-04
max |ΔILDOS|  : 4.267e+00
last Poisson  : 12.743 s
last Quantum  : 1.148 s
-1.1709941473808134e-09 4.615292281031865e-10
Iteration counts: [0, 1, 25]

--- Iteration 26 ---
Qprime size   : 1107
max |ΔU|      : 7.794e-06
max |ΔU| norm  : 1.805e-05
max |Δn|      : 2.952e-04
max |Δn| norm  : 5.626e-04
max |ΔILDOS|  : 4.443e+00
last Poisson  : 12.680 s
last Quantum  : 1.143 s
-8.21665894160323e-09 2.7308622384442423e-09
Iteration counts: [0, 1, 26]

--- Iteration 27 ---
Qprime size   : 1107
max |ΔU|      : 8.972e-06
max |ΔU| norm  : 1.902e-05
max |Δn|      : 3.333e-04
max |Δn| norm  : 5.870e-04
max |ΔILDOS|  : 5.030e+00
last Poisson  : 12.775 s
last Quantum  : 1.118 s
9.997608035308179e-11 1.1945837559200737e-10
Iteration counts: [0, 1, 27]

--- Iteration 28 ---
Qprime size   : 1107
max |ΔU|      : 8.423e-06
max |ΔU| norm  : 1.866e-05
max |Δn|      : 3.215e-04
max |Δn| norm  : 5.828e-04
max |ΔILDOS|  : 4.819e+00
last Poisson  : 12.718 s
last Quantum  : 1.133 s
4.787580342269839e-09 -1.5595743457723413e-09
Iteration counts: [0, 1, 28]

--- Iteration 29 ---
Qprime size   : 1107
max |ΔU|      : 7.313e-06
max |ΔU| norm  : 1.775e-05
max |Δn|      : 2.814e-04
max |Δn| norm  : 5.580e-04
max |ΔILDOS|  : 4.193e+00
last Poisson  : 12.837 s
last Quantum  : 1.114 s
-1.4949910228052844e-10 2.8946181510124193e-11
Iteration counts: [0, 1, 29]

--- Iteration 30 ---
Qprime size   : 1107
max |ΔU|      : 7.702e-06
max |ΔU| norm  : 1.798e-05
max |Δn|      : 2.949e-04
max |Δn| norm  : 5.616e-04
max |ΔILDOS|  : 4.413e+00
last Poisson  : 12.665 s
last Quantum  : 1.156 s
-7.059392348046677e-09 2.272236172402851e-09
FSC converged / stopped.
✔ Logged phi=0.0978, Vbg=2.1667

=== Running phi=0.0978, Vbg=2.3333 ===
🔄 Full Hamiltonian rebuild (qparams change)
The poisson problem has been initialized.
Iteration counts: [0, 0, 0]

--- Iteration 0 ---
Qprime size   : 1010
max |ΔU|      : 5.840e-14
max |ΔU| norm  : 1.961e-12
max |Δn|      : 2.448e-13
max |Δn| norm  : 1.589e-12
-8.209177758309973e-05 -2.9694301487040564e-05
Iteration counts: [0, 0, 1]

--- Iteration 1 ---
Qprime size   : 1010
max |ΔU|      : 7.975e-04
max |ΔU| norm  : 1.678e-02
max |Δn|      : 8.101e-03
max |Δn| norm  : 2.819e-02
max |ΔILDOS|  : 7.122e+02
last Poisson  : 13.518 s
last Quantum  : 1.186 s
-0.00040224926463553964 0.00011618442638888133
Iteration counts: [0, 0, 2]

--- Iteration 2 ---
Qprime size   : 1010
max |ΔU|      : 8.905e-04
max |ΔU| norm  : 3.153e-02
max |Δn|      : 3.889e-03
max |Δn| norm  : 2.864e-02
max |ΔILDOS|  : 6.662e+02
last Poisson  : 13.584 s
last Quantum  : 1.100 s
-0.0002390493926517357 6.987187500832068e-05
Iteration counts: [0, 0, 3]

--- Iteration 3 ---
Qprime size   : 1010
max |ΔU|      : 4.951e-04
max |ΔU| norm  : 1.895e-02
max |Δn|      : 2.326e-03
max |Δn| norm  : 1.467e-02
max |ΔILDOS|  : 4.882e+02
last Poisson  : 13.657 s
last Quantum  : 1.060 s
-0.00014026375490143003 4.122087334003397e-05
Iteration counts: [0, 0, 4]

--- Iteration 4 ---
Qprime size   : 1010
max |ΔU|      : 3.041e-04
max |ΔU| norm  : 1.130e-02
max |Δn|      : 1.477e-03
max |Δn| norm  : 8.441e-03
max |ΔILDOS|  : 4.140e+02
last Poisson  : 12.843 s
last Quantum  : 0.872 s
-8.343904825650257e-05 2.4771048613756267e-05
Iteration counts: [0, 0, 5]

--- Iteration 5 ---
Qprime size   : 1010
max |ΔU|      : 1.875e-04
max |ΔU| norm  : 6.811e-03
max |Δn|      : 9.299e-04
max |Δn| norm  : 5.051e-03
max |ΔILDOS|  : 3.309e+02
last Poisson  : 13.442 s
last Quantum  : 0.828 s
-4.966831872601602e-05 1.4878974571778295e-05
Iteration counts: [0, 0, 6]

--- Iteration 6 ---
Qprime size   : 1010
max |ΔU|      : 1.151e-04
max |ΔU| norm  : 4.110e-03
max |Δn|      : 5.847e-04
max |Δn| norm  : 3.146e-03
max |ΔILDOS|  : 2.342e+02
last Poisson  : 13.522 s
last Quantum  : 0.762 s
-2.9816837105010408e-05 8.995296993634317e-06
Iteration counts: [0, 0, 7]

--- Iteration 7 ---
Qprime size   : 1010
max |ΔU|      : 7.110e-05
max |ΔU| norm  : 2.492e-03
max |Δn|      : 3.670e-04
max |Δn| norm  : 2.026e-03
max |ΔILDOS|  : 1.458e+02
last Poisson  : 12.435 s
last Quantum  : 0.767 s
-1.7776725218036513e-05 5.396499641773932e-06
Iteration counts: [0, 0, 8]

--- Iteration 8 ---
Qprime size   : 1010
max |ΔU|      : 4.380e-05
max |ΔU| norm  : 1.508e-03
max |Δn|      : 3.767e-04
max |Δn| norm  : 1.407e-03
max |ΔILDOS|  : 8.715e+01
last Poisson  : 12.436 s
last Quantum  : 0.760 s
-1.0796334315725936e-05 3.295708010286979e-06
Iteration counts: [0, 0, 9]

--- Iteration 9 ---
Qprime size   : 1010
max |ΔU|      : 2.707e-05
max |ΔU| norm  : 9.192e-04
max |Δn|      : 3.587e-04
max |Δn| norm  : 1.088e-03
max |ΔILDOS|  : 5.320e+01
last Poisson  : 12.442 s
last Quantum  : 0.763 s
-6.389693369005287e-06 1.9589645358236887e-06
Iteration counts: [0, 0, 10]

--- Iteration 10 ---
Qprime size   : 1010
max |ΔU|      : 1.668e-05
max |ΔU| norm  : 5.565e-04
max |Δn|      : 4.788e-04
max |Δn| norm  : 9.775e-04
max |ΔILDOS|  : 3.163e+01
last Poisson  : 12.398 s
last Quantum  : 0.788 s
-3.972976995424771e-06 1.2201572871058477e-06
Iteration counts: [0, 0, 11]

--- Iteration 11 ---
Qprime size   : 1010
max |ΔU|      : 1.427e-05
max |ΔU| norm  : 3.441e-04
max |Δn|      : 4.697e-04
max |Δn| norm  : 8.971e-04
max |ΔILDOS|  : 1.943e+01
last Poisson  : 12.448 s
last Quantum  : 0.761 s
-2.2633908699559953e-06 6.960822558899917e-07
Iteration counts: [0, 0, 12]

--- Iteration 12 ---
Qprime size   : 1010
max |ΔU|      : 1.030e-05
max |ΔU| norm  : 2.049e-04
max |Δn|      : 4.611e-04
max |Δn| norm  : 8.562e-04
max |ΔILDOS|  : 1.119e+01
last Poisson  : 12.394 s
last Quantum  : 0.918 s
-1.4632641161118394e-06 4.4839646811885626e-07
Iteration counts: [0, 0, 13]

--- Iteration 13 ---
Qprime size   : 1010
max |ΔU|      : 1.237e-05
max |ΔU| norm  : 1.288e-04
max |Δn|      : 4.619e-04
max |Δn| norm  : 8.407e-04
max |ΔILDOS|  : 7.310e+00
last Poisson  : 12.390 s
last Quantum  : 0.913 s
-7.684325980531105e-07 2.275317448810814e-07
Iteration counts: [0, 0, 14]

--- Iteration 14 ---
Qprime size   : 1010
max |ΔU|      : 1.113e-05
max |ΔU| norm  : 7.864e-05
max |Δn|      : 4.609e-04
max |Δn| norm  : 8.310e-04
max |ΔILDOS|  : 5.816e+00
last Poisson  : 12.447 s
last Quantum  : 0.764 s
-5.839968740878767e-07 1.7655089733522713e-07
Iteration counts: [0, 0, 15]

--- Iteration 15 ---
Qprime size   : 1010
max |ΔU|      : 1.183e-05
max |ΔU| norm  : 5.442e-05
max |Δn|      : 4.613e-04
max |Δn| norm  : 8.247e-04
max |ΔILDOS|  : 6.757e+00
last Poisson  : 12.434 s
last Quantum  : 0.896 s
-2.3742466917706725e-07 6.769429042741704e-08
Iteration counts: [0, 0, 16]

--- Iteration 16 ---
Qprime size   : 1010
max |ΔU|      : 1.140e-05
max |ΔU| norm  : 3.560e-05
max |Δn|      : 4.603e-04
max |Δn| norm  : 8.213e-04
max |ΔILDOS|  : 6.190e+00
last Poisson  : 12.395 s
last Quantum  : 0.755 s
-2.570616664785491e-07 7.842907689009482e-08
Iteration counts: [0, 0, 17]

--- Iteration 17 ---
Qprime size   : 1010
max |ΔU|      : 1.163e-05
max |ΔU| norm  : 2.986e-05
max |Δn|      : 4.605e-04
max |Δn| norm  : 8.187e-04
max |ΔILDOS|  : 6.520e+00
last Poisson  : 12.422 s
last Quantum  : 0.779 s
-4.15647526751292e-08 9.292263921742134e-09
Iteration counts: [0, 0, 18]

--- Iteration 18 ---
Qprime size   : 1010
max |ΔU|      : 1.153e-05
max |ΔU| norm  : 2.449e-05
max |Δn|      : 4.608e-04
max |Δn| norm  : 8.178e-04
max |ΔILDOS|  : 6.354e+00
last Poisson  : 12.661 s
last Quantum  : 0.810 s
-1.4057770001729623e-07 4.393698177665686e-08
Iteration counts: [0, 0, 19]

--- Iteration 19 ---
Qprime size   : 1010
max |ΔU|      : 1.158e-05
max |ΔU| norm  : 2.406e-05
max |Δn|      : 4.606e-04
max |Δn| norm  : 8.164e-04
max |ΔILDOS|  : 6.457e+00
last Poisson  : 13.715 s
last Quantum  : 0.798 s
3.001669328401089e-08 -1.1797535493452085e-08
Iteration counts: [0, 0, 20]

--- Iteration 20 ---
Qprime size   : 1010
max |ΔU|      : 1.154e-05
max |ΔU| norm  : 2.273e-05
max |Δn|      : 4.603e-04
max |Δn| norm  : 8.156e-04
max |ΔILDOS|  : 6.396e+00
last Poisson  : 13.585 s
last Quantum  : 0.779 s
-9.7646899578178e-08 3.1340082562380313e-08
Iteration counts: [0, 0, 21]

--- Iteration 21 ---
Qprime size   : 1010
max |ΔU|      : 1.156e-05
max |ΔU| norm  : 2.290e-05
max |Δn|      : 4.603e-04
max |Δn| norm  : 8.149e-04
max |ΔILDOS|  : 6.434e+00
last Poisson  : 13.013 s
last Quantum  : 0.816 s
5.681298185512409e-08 -1.964065349738512e-08
Iteration counts: [0, 0, 22]

--- Iteration 22 ---
Qprime size   : 1010
max |ΔU|      : 1.156e-05
max |ΔU| norm  : 2.257e-05
max |Δn|      : 4.603e-04
max |Δn| norm  : 8.146e-04
max |ΔILDOS|  : 6.418e+00
last Poisson  : 12.652 s
last Quantum  : 1.015 s
-8.195287297175067e-08 2.6792513180974284e-08
Iteration counts: [0, 0, 23]

--- Iteration 23 ---
Qprime size   : 1010
max |ΔU|      : 1.156e-05
max |ΔU| norm  : 2.266e-05
max |Δn|      : 4.602e-04
max |Δn| norm  : 8.142e-04
max |ΔILDOS|  : 6.430e+00
last Poisson  : 13.084 s
last Quantum  : 0.802 s
6.674511231825927e-08 -2.2510134746815454e-08
Iteration counts: [0, 0, 24]

--- Iteration 24 ---
Qprime size   : 1010
max |ΔU|      : 1.156e-05
max |ΔU| norm  : 2.257e-05
max |Δn|      : 4.601e-04
max |Δn| norm  : 8.139e-04
max |ΔILDOS|  : 6.424e+00
last Poisson  : 13.123 s
last Quantum  : 0.803 s
-7.620760365761832e-08 2.5155701882070086e-08
Iteration counts: [0, 0, 25]

--- Iteration 25 ---
Qprime size   : 1010
max |ΔU|      : 1.156e-05
max |ΔU| norm  : 2.260e-05
max |Δn|      : 4.601e-04
max |Δn| norm  : 8.137e-04
max |ΔILDOS|  : 6.428e+00
last Poisson  : 13.525 s
last Quantum  : 1.096 s
7.048710844082702e-08 -2.3575490388423788e-08
Iteration counts: [0, 0, 26]

--- Iteration 26 ---
Qprime size   : 1010
max |ΔU|      : 1.156e-05
max |ΔU| norm  : 2.258e-05
max |Δn|      : 4.601e-04
max |Δn| norm  : 8.136e-04
max |ΔILDOS|  : 6.427e+00
last Poisson  : 13.597 s
last Quantum  : 1.000 s
-7.409287585378546e-08 2.4565597125351457e-08
Iteration counts: [0, 0, 27]

--- Iteration 27 ---
Qprime size   : 1010
max |ΔU|      : 1.156e-05
max |ΔU| norm  : 2.259e-05
max |Δn|      : 4.601e-04
max |Δn| norm  : 8.135e-04
max |ΔILDOS|  : 6.428e+00
last Poisson  : 12.807 s
last Quantum  : 0.833 s
7.190337710594848e-08 -2.3971851688071366e-08
Iteration counts: [0, 0, 28]

--- Iteration 28 ---
Qprime size   : 1010
max |ΔU|      : 1.156e-05
max |ΔU| norm  : 2.258e-05
max |Δn|      : 4.601e-04
max |Δn| norm  : 8.134e-04
max |ΔILDOS|  : 6.428e+00
last Poisson  : 13.494 s
last Quantum  : 0.748 s
-7.330479245814962e-08 2.4350589203126682e-08
Iteration counts: [0, 0, 29]

--- Iteration 29 ---
Qprime size   : 1010
max |ΔU|      : 1.156e-05
max |ΔU| norm  : 2.258e-05
max |Δn|      : 4.601e-04
max |Δn| norm  : 8.133e-04
max |ΔILDOS|  : 6.429e+00
last Poisson  : 12.263 s
last Quantum  : 0.736 s
7.245196702580006e-08 -2.4122975883132567e-08
Iteration counts: [0, 0, 30]

--- Iteration 30 ---
Qprime size   : 1010
max |ΔU|      : 1.156e-05
max |ΔU| norm  : 2.258e-05
max |Δn|      : 4.601e-04
max |Δn| norm  : 8.132e-04
max |ΔILDOS|  : 6.429e+00
last Poisson  : 13.000 s
last Quantum  : 0.801 s
-7.30057063862789e-08 2.4270792457040945e-08
FSC converged / stopped.
✔ Logged phi=0.0978, Vbg=2.3333

=== Running phi=0.0978, Vbg=2.5000 ===
🔄 Full Hamiltonian rebuild (qparams change)
The poisson problem has been initialized.
Iteration counts: [0, 0, 0]

--- Iteration 0 ---
Qprime size   : 906
max |ΔU|      : 6.395e-14
max |ΔU| norm  : 1.923e-12
max |Δn|      : 4.150e-13
max |Δn| norm  : 1.626e-12
-1.9284440335187394e-05 -4.947841399137105e-05
Iteration counts: [0, 0, 1]

--- Iteration 1 ---
Qprime size   : 906
max |ΔU|      : 6.574e-04
max |ΔU| norm  : 1.295e-02
max |Δn|      : 2.899e-03
max |Δn| norm  : 1.890e-02
max |ΔILDOS|  : 4.202e+03
last Poisson  : 13.456 s
last Quantum  : 0.826 s
-0.0002966600428662589 8.693853916987766e-05
Iteration counts: [0, 0, 2]

--- Iteration 2 ---
Qprime size   : 906
max |ΔU|      : 7.408e-04
max |ΔU| norm  : 2.278e-02
max |Δn|      : 3.306e-03
max |Δn| norm  : 2.529e-02
max |ΔILDOS|  : 4.181e+03
last Poisson  : 13.317 s
last Quantum  : 0.739 s
-0.00017365247440316277 5.114093784608712e-05
Iteration counts: [0, 0, 3]

--- Iteration 3 ---
Qprime size   : 906
max |ΔU|      : 4.509e-04
max |ΔU| norm  : 1.357e-02
max |Δn|      : 1.918e-03
max |Δn| norm  : 1.423e-02
max |ΔILDOS|  : 3.562e+03
last Poisson  : 13.268 s
last Quantum  : 0.737 s
-0.00010192102028148128 3.0354632190289147e-05
Iteration counts: [0, 0, 4]

--- Iteration 4 ---
Qprime size   : 906
max |ΔU|      : 2.698e-04
max |ΔU| norm  : 8.044e-03
max |Δn|      : 1.509e-03
max |Δn| norm  : 8.219e-03
max |ΔILDOS|  : 2.409e+03
last Poisson  : 13.394 s
last Quantum  : 0.724 s
-6.0834741785859456e-05 1.8510857462288494e-05
Iteration counts: [0, 0, 5]

--- Iteration 5 ---
Qprime size   : 906
max |ΔU|      : 1.530e-04
max |ΔU| norm  : 4.809e-03
max |Δn|      : 8.827e-04
max |Δn| norm  : 4.733e-03
max |ΔILDOS|  : 1.466e+03
last Poisson  : 13.128 s
last Quantum  : 0.715 s
-3.650801584565467e-05 1.1398535706113499e-05
Iteration counts: [0, 0, 6]

--- Iteration 6 ---
Qprime size   : 906
max |ΔU|      : 9.207e-05
max |ΔU| norm  : 2.887e-03
max |Δn|      : 5.039e-04
max |Δn| norm  : 2.859e-03
max |ΔILDOS|  : 9.506e+02
last Poisson  : 13.201 s
last Quantum  : 0.816 s
-2.2070625913172993e-05 7.02904695867342e-06
Iteration counts: [0, 0, 7]

--- Iteration 7 ---
Qprime size   : 906
max |ΔU|      : 5.658e-05
max |ΔU| norm  : 1.747e-03
max |Δn|      : 2.965e-04
max |Δn| norm  : 1.764e-03
max |ΔILDOS|  : 5.704e+02
last Poisson  : 13.471 s
last Quantum  : 0.802 s
-1.3327866012312923e-05 4.297702995181705e-06
Iteration counts: [0, 0, 8]

--- Iteration 8 ---
Qprime size   : 906
max |ΔU|      : 3.411e-05
max |ΔU| norm  : 1.051e-03
max |Δn|      : 1.898e-04
max |Δn| norm  : 1.120e-03
max |ΔILDOS|  : 3.320e+02
last Poisson  : 13.452 s
last Quantum  : 0.785 s
-8.039184354161472e-06 2.6081029835139643e-06
Iteration counts: [0, 0, 9]

--- Iteration 9 ---
Qprime size   : 906
max |ΔU|      : 2.106e-05
max |ΔU| norm  : 6.354e-04
max |Δn|      : 1.514e-04
max |Δn| norm  : 7.394e-04
max |ΔILDOS|  : 2.126e+02
last Poisson  : 13.532 s
last Quantum  : 0.750 s
-4.902566738203143e-06 1.5961421800958254e-06
Iteration counts: [0, 0, 10]

--- Iteration 10 ---
Qprime size   : 906
max |ΔU|      : 1.292e-05
max |ΔU| norm  : 3.877e-04
max |Δn|      : 1.290e-04
max |Δn| norm  : 4.959e-04
max |ΔILDOS|  : 1.199e+02
last Poisson  : 13.522 s
last Quantum  : 0.867 s
-2.919808586315052e-06 9.518757552929145e-07
Iteration counts: [0, 0, 11]

--- Iteration 11 ---
Qprime size   : 906
max |ΔU|      : 7.556e-06
max |ΔU| norm  : 2.289e-04
max |Δn|      : 1.266e-04
max |Δn| norm  : 3.551e-04
max |ΔILDOS|  : 7.159e+01
last Poisson  : 13.888 s
last Quantum  : 0.571 s
-1.8325292370998329e-06 5.979727561575632e-07
Iteration counts: [0, 0, 12]

--- Iteration 12 ---
Qprime size   : 906
max |ΔU|      : 4.820e-06
max |ΔU| norm  : 1.427e-04
max |Δn|      : 1.127e-04
max |Δn| norm  : 2.523e-04
max |ΔILDOS|  : 4.226e+01
last Poisson  : 13.265 s
last Quantum  : 0.817 s
-1.098941625256064e-06 3.577052751774546e-07
Iteration counts: [0, 0, 13]

--- Iteration 13 ---
Qprime size   : 906
max |ΔU|      : 2.991e-06
max |ΔU| norm  : 8.667e-05
max |Δn|      : 9.325e-05
max |Δn| norm  : 1.887e-04
max |ΔILDOS|  : 2.542e+01
last Poisson  : 13.279 s
last Quantum  : 0.803 s
-6.755644897525608e-07 2.1729905755959953e-07
Iteration counts: [0, 0, 14]

--- Iteration 14 ---
Qprime size   : 906
max |ΔU|      : 2.518e-06
max |ΔU| norm  : 5.280e-05
max |Δn|      : 8.328e-05
max |Δn| norm  : 1.452e-04
max |ΔILDOS|  : 1.553e+01
last Poisson  : 13.144 s
last Quantum  : 0.792 s
-3.8788012373791337e-07 1.2307571868283108e-07
Iteration counts: [0, 0, 15]

--- Iteration 15 ---
Qprime size   : 906
max |ΔU|      : 1.496e-06
max |ΔU| norm  : 3.104e-05
max |Δn|      : 7.477e-05
max |Δn| norm  : 1.198e-04
max |ΔILDOS|  : 9.750e+00
last Poisson  : 13.054 s
last Quantum  : 0.750 s
-2.4532652714721066e-07 7.703560835171063e-08
Iteration counts: [0, 0, 16]

--- Iteration 16 ---
Qprime size   : 906
max |ΔU|      : 1.788e-06
max |ΔU| norm  : 1.927e-05
max |Δn|      : 6.825e-05
max |Δn| norm  : 1.024e-04
max |ΔILDOS|  : 5.806e+00
last Poisson  : 13.193 s
last Quantum  : 0.696 s
-1.359522150380813e-07 4.172192277956028e-08
Iteration counts: [0, 0, 17]

--- Iteration 17 ---
Qprime size   : 906
max |ΔU|      : 1.432e-06
max |ΔU| norm  : 1.140e-05
max |Δn|      : 6.274e-05
max |Δn| norm  : 9.063e-05
max |ΔILDOS|  : 3.462e+00
last Poisson  : 13.067 s
last Quantum  : 0.709 s
-9.378211856194278e-08 2.8520474691108726e-08
Iteration counts: [0, 0, 18]

--- Iteration 18 ---
Qprime size   : 906
max |ΔU|      : 1.438e-06
max |ΔU| norm  : 7.518e-06
max |Δn|      : 5.757e-05
max |Δn| norm  : 8.143e-05
max |ΔILDOS|  : 2.072e+00
last Poisson  : 13.026 s
last Quantum  : 0.725 s
-4.6747290987085856e-08 1.3598961372882577e-08
Iteration counts: [0, 0, 19]

--- Iteration 19 ---
Qprime size   : 906
max |ΔU|      : 1.244e-06
max |ΔU| norm  : 4.498e-06
max |Δn|      : 5.257e-05
max |Δn| norm  : 7.364e-05
max |ΔILDOS|  : 1.237e+00
last Poisson  : 13.154 s
last Quantum  : 0.700 s
-3.816226442247796e-08 1.1246472752646504e-08
Iteration counts: [0, 0, 20]

--- Iteration 20 ---
Qprime size   : 906
max |ΔU|      : 1.181e-06
max |ΔU| norm  : 3.320e-06
max |Δn|      : 4.826e-05
max |Δn| norm  : 6.708e-05
max |ΔILDOS|  : 7.651e-01
last Poisson  : 13.563 s
last Quantum  : 0.689 s
-1.475408736067622e-08 3.886858019245528e-09
Iteration counts: [0, 0, 21]

--- Iteration 21 ---
Qprime size   : 906
max |ΔU|      : 1.054e-06
max |ΔU| norm  : 2.160e-06
max |Δn|      : 4.402e-05
max |Δn| norm  : 6.111e-05
max |ΔILDOS|  : 6.787e-01
last Poisson  : 13.490 s
last Quantum  : 0.668 s
-1.703135591397279e-08 4.92219439571426e-09
Iteration counts: [0, 0, 22]

--- Iteration 22 ---
Qprime size   : 906
max |ΔU|      : 9.787e-07
max |ΔU| norm  : 1.846e-06
max |Δn|      : 4.043e-05
max |Δn| norm  : 5.598e-05
max |ΔILDOS|  : 6.311e-01
last Poisson  : 13.251 s
last Quantum  : 0.762 s
-3.2825402246970908e-09 5.842463326716756e-10
Iteration counts: [0, 0, 23]

--- Iteration 23 ---
Qprime size   : 906
max |ΔU|      : 8.851e-07
max |ΔU| norm  : 1.403e-06
max |Δn|      : 3.691e-05
max |Δn| norm  : 5.116e-05
max |ΔILDOS|  : 5.700e-01
last Poisson  : 13.335 s
last Quantum  : 0.698 s
-8.668814854644956e-09 2.514012929411872e-09
Iteration counts: [0, 0, 24]

--- Iteration 24 ---
Qprime size   : 906
max |ΔU|      : 8.157e-07
max |ΔU| norm  : 1.297e-06
max |Δn|      : 3.393e-05
max |Δn| norm  : 4.701e-05
max |ΔILDOS|  : 5.243e-01
last Poisson  : 13.314 s
last Quantum  : 0.733 s
6.388716380789422e-10 -4.568142652326174e-10
Iteration counts: [0, 0, 25]

--- Iteration 25 ---
Qprime size   : 906
max |ΔU|      : 7.422e-07
max |ΔU| norm  : 1.100e-06
max |Δn|      : 3.103e-05
max |Δn| norm  : 4.307e-05
max |ΔILDOS|  : 4.771e-01
last Poisson  : 13.359 s
last Quantum  : 0.719 s
-5.115190509252488e-09 1.5215280765817127e-09
Iteration counts: [0, 0, 26]

--- Iteration 26 ---
Qprime size   : 906
max |ΔU|      : 6.828e-07
max |ΔU| norm  : 1.026e-06
max |Δn|      : 2.857e-05
max |Δn| norm  : 3.968e-05
max |ΔILDOS|  : 4.378e-01
last Poisson  : 13.503 s
last Quantum  : 0.724 s
1.8296396278317223e-09 -7.224125255982817e-10
Iteration counts: [0, 0, 27]

--- Iteration 27 ---
Qprime size   : 906
max |ΔU|      : 6.234e-07
max |ΔU| norm  : 9.118e-07
max |Δn|      : 2.618e-05
max |Δn| norm  : 3.645e-05
max |ΔILDOS|  : 3.996e-01
last Poisson  : 13.510 s
last Quantum  : 0.712 s
-3.469144656116778e-09 1.0669942366131267e-09
Iteration counts: [0, 0, 28]

--- Iteration 28 ---
Qprime size   : 906
max |ΔU|      : 5.748e-07
max |ΔU| norm  : 8.487e-07
max |Δn|      : 2.414e-05
max |Δn| norm  : 3.360e-05
max |ΔILDOS|  : 3.681e-01
last Poisson  : 13.529 s
last Quantum  : 0.762 s
2.0555801157625003e-09 -7.349537466533441e-10
Iteration counts: [0, 0, 29]

--- Iteration 29 ---
Qprime size   : 906
max |ΔU|      : 5.261e-07
max |ΔU| norm  : 7.689e-07
max |Δn|      : 2.214e-05
max |Δn| norm  : 3.089e-05
max |ΔILDOS|  : 3.369e-01
last Poisson  : 13.488 s
last Quantum  : 0.704 s
-2.6103098427410664e-09 8.258431757006241e-10
Iteration counts: [0, 0, 30]

--- Iteration 30 ---
Qprime size   : 906
max |ΔU|      : 4.858e-07
max |ΔU| norm  : 7.140e-07
max |Δn|      : 2.042e-05
max |Δn| norm  : 2.848e-05
max |ΔILDOS|  : 3.112e-01
last Poisson  : 13.765 s
last Quantum  : 0.733 s
1.94339497859386e-09 -6.683233526070464e-10
FSC converged / stopped.
✔ Logged phi=0.0978, Vbg=2.5000

=== Running phi=0.1022, Vbg=1.0000 ===
🔄 Full Hamiltonian rebuild (qparams change)
The poisson problem has been initialized.
Iteration counts: [0, 0, 0]

--- Iteration 0 ---
Qprime size   : 906
-0.0019291703567744748 0.000897907022904585
Iteration counts: [0, 1, 0]

--- Iteration 1 ---
Qprime size   : 906
max |ΔU|      : 2.020e-03
max |ΔU| norm  : 1.161e-01
max |Δn|      : 5.990e-03
max |Δn| norm  : 5.005e-02
last Poisson  : 12.381 s
-0.0015449190726067286 0.0007192412548958413
Iteration counts: [0, 2, 0]

--- Iteration 2 ---
Qprime size   : 906
max |ΔU|      : 1.629e-03
max |ΔU| norm  : 9.299e-02
max |Δn|      : 4.606e-03
max |Δn| norm  : 3.941e-02
last Poisson  : 12.288 s
-0.0012338842947909722 0.0005748265144888321
Iteration counts: [0, 3, 0]

--- Iteration 3 ---
Qprime size   : 906
max |ΔU|      : 1.294e-03
max |ΔU| norm  : 7.433e-02
max |Δn|      : 3.532e-03
max |Δn| norm  : 3.112e-02
last Poisson  : 12.292 s
-0.0009888720007818397 0.00046069706668707945
Iteration counts: [0, 4, 0]

--- Iteration 4 ---
Qprime size   : 906
max |ΔU|      : 1.049e-03
max |ΔU| norm  : 5.958e-02
max |Δn|      : 2.706e-03
max |Δn| norm  : 2.470e-02
last Poisson  : 12.285 s
-0.0007892594797493842 0.00036798899154607824
Iteration counts: [0, 4, 1]

--- Iteration 5 ---
Qprime size   : 906
max |ΔU|      : 8.322e-04
max |ΔU| norm  : 4.760e-02
max |Δn|      : 2.648e-03
max |Δn| norm  : 1.975e-02
max |ΔILDOS|  : 8.592e+02
last Poisson  : 12.261 s
last Quantum  : 0.962 s
0.0005051740357912228 -0.00026224057744550803
Iteration counts: [0, 4, 2]

--- Iteration 6 ---
Qprime size   : 906
max |ΔU|      : 6.406e-04
max |ΔU| norm  : 2.997e-02
max |Δn|      : 6.456e-03
max |Δn| norm  : 3.710e-02
max |ΔILDOS|  : 5.284e+02
last Poisson  : 12.342 s
last Quantum  : 0.900 s
0.0003018657020541275 -0.00015600460610614762
Iteration counts: [0, 5, 2]

--- Iteration 7 ---
Qprime size   : 906
max |ΔU|      : 3.348e-04
max |ΔU| norm  : 1.794e-02
max |Δn|      : 2.618e-03
max |Δn| norm  : 1.764e-02
max |ΔILDOS|  : 5.284e+02
last Poisson  : 12.338 s
last Quantum  : 0.900 s
0.00024045002423532533 -0.00012435000573568522
Iteration counts: [0, 5, 3]

--- Iteration 8 ---
Qprime size   : 906
max |ΔU|      : 2.668e-04
max |ΔU| norm  : 1.432e-02
max |Δn|      : 1.970e-03
max |Δn| norm  : 1.332e-02
max |ΔILDOS|  : 4.425e+02
last Poisson  : 12.267 s
last Quantum  : 0.888 s
9.306893278235362e-05 -4.6638538773467493e-05
Iteration counts: [0, 5, 4]

--- Iteration 9 ---
Qprime size   : 906
max |ΔU|      : 1.688e-04
max |ΔU| norm  : 5.340e-03
max |Δn|      : 3.021e-03
max |Δn| norm  : 1.143e-02
max |ΔILDOS|  : 1.693e+02
last Poisson  : 12.331 s
last Quantum  : 0.748 s
5.551374720258558e-05 -2.809808901526418e-05
Iteration counts: [0, 5, 5]

--- Iteration 10 ---
Qprime size   : 906
max |ΔU|      : 1.112e-04
max |ΔU| norm  : 3.235e-03
max |Δn|      : 1.818e-03
max |Δn| norm  : 7.891e-03
max |ΔILDOS|  : 1.019e+02
last Poisson  : 12.353 s
last Quantum  : 0.699 s
3.180699321077308e-05 -1.638884176737633e-05
Iteration counts: [0, 5, 6]

--- Iteration 11 ---
Qprime size   : 906
max |ΔU|      : 9.864e-05
max |ΔU| norm  : 1.944e-03
max |Δn|      : 2.571e-03
max |Δn| norm  : 7.750e-03
max |ΔILDOS|  : 1.112e+02
last Poisson  : 12.293 s
last Quantum  : 0.811 s
1.7441492897757905e-05 -9.468965301852223e-06
Iteration counts: [0, 5, 7]

--- Iteration 12 ---
Qprime size   : 906
max |ΔU|      : 9.721e-05
max |ΔU| norm  : 1.154e-03
max |Δn|      : 2.760e-03
max |Δn| norm  : 8.804e-03
max |ΔILDOS|  : 5.608e+01
last Poisson  : 12.327 s
last Quantum  : 0.569 s
1.1989195210755294e-05 -6.255231599210021e-06
Iteration counts: [0, 5, 8]

--- Iteration 13 ---
Qprime size   : 906
max |ΔU|      : 9.028e-05
max |ΔU| norm  : 8.199e-04
max |Δn|      : 2.235e-03
max |Δn| norm  : 7.384e-03
max |ΔILDOS|  : 7.903e+01
last Poisson  : 13.812 s
last Quantum  : 0.595 s
7.2701120810081656e-06 -3.7842756747808877e-06
Iteration counts: [0, 5, 9]

--- Iteration 14 ---
Qprime size   : 906
max |ΔU|      : 7.436e-05
max |ΔU| norm  : 5.388e-04
max |Δn|      : 2.830e-03
max |Δn| norm  : 9.219e-03
max |ΔILDOS|  : 6.337e+01
last Poisson  : 12.973 s
last Quantum  : 0.886 s
2.9605985062112157e-06 -1.8117808913811275e-06
Iteration counts: [0, 5, 10]

--- Iteration 15 ---
Qprime size   : 906
max |ΔU|      : 6.745e-05
max |ΔU| norm  : 4.139e-04
max |Δn|      : 2.607e-03
max |Δn| norm  : 9.579e-03
max |ΔILDOS|  : 3.037e+01
last Poisson  : 12.963 s
last Quantum  : 0.820 s
3.700841145292958e-06 -1.7612315809976392e-06
Iteration counts: [0, 5, 11]

--- Iteration 16 ---
Qprime size   : 906
max |ΔU|      : 8.417e-05
max |ΔU| norm  : 4.746e-04
max |Δn|      : 2.205e-03
max |Δn| norm  : 8.093e-03
max |ΔILDOS|  : 6.112e+01
last Poisson  : 13.921 s
last Quantum  : 0.557 s
1.9921078880654e-06 -1.0184599874676563e-06
Iteration counts: [0, 5, 12]

--- Iteration 17 ---
Qprime size   : 906
max |ΔU|      : 7.195e-05
max |ΔU| norm  : 3.799e-04
max |Δn|      : 2.108e-03
max |Δn| norm  : 7.323e-03
max |ΔILDOS|  : 3.012e+01
last Poisson  : 13.877 s
last Quantum  : 0.670 s
-1.01062401980814e-06 6.020453174571405e-08
Iteration counts: [0, 5, 13]

--- Iteration 18 ---
Qprime size   : 906
max |ΔU|      : 1.123e-04
max |ΔU| norm  : 5.111e-04
max |Δn|      : 2.766e-03
max |Δn| norm  : 9.296e-03
max |ΔILDOS|  : 4.739e+01
last Poisson  : 13.844 s
last Quantum  : 0.545 s
1.7491752656222449e-06 -6.446473624309595e-07
Iteration counts: [0, 5, 14]

--- Iteration 19 ---
Qprime size   : 906
max |ΔU|      : 8.281e-05
max |ΔU| norm  : 4.129e-04
max |Δn|      : 1.945e-03
max |Δn| norm  : 6.943e-03
max |ΔILDOS|  : 5.455e+01
last Poisson  : 13.941 s
last Quantum  : 0.551 s
1.6750420190542712e-06 -6.424200702982319e-07
Iteration counts: [0, 5, 15]

--- Iteration 20 ---
Qprime size   : 906
max |ΔU|      : 8.823e-05
max |ΔU| norm  : 4.360e-04
max |Δn|      : 2.861e-03
max |Δn| norm  : 8.441e-03
max |ΔILDOS|  : 6.371e+01
last Poisson  : 13.953 s
last Quantum  : 0.551 s
-1.4709700693780102e-06 3.5892101563565944e-07
Iteration counts: [0, 5, 16]

--- Iteration 21 ---
Qprime size   : 906
max |ΔU|      : 8.522e-05
max |ΔU| norm  : 4.735e-04
max |Δn|      : 2.626e-03
max |Δn| norm  : 8.413e-03
max |ΔILDOS|  : 5.220e+01
last Poisson  : 13.808 s
last Quantum  : 0.546 s
6.749414570704362e-07 -2.2821203133351047e-07
Iteration counts: [0, 5, 17]

--- Iteration 22 ---
Qprime size   : 906
max |ΔU|      : 9.580e-05
max |ΔU| norm  : 3.839e-04
max |Δn|      : 2.820e-03
max |Δn| norm  : 8.171e-03
max |ΔILDOS|  : 6.898e+01
last Poisson  : 13.788 s
last Quantum  : 0.585 s
1.246076580610108e-06 -4.1966936113496137e-07
Iteration counts: [0, 5, 18]

--- Iteration 23 ---
Qprime size   : 906
max |ΔU|      : 8.103e-05
max |ΔU| norm  : 3.951e-04
max |Δn|      : 2.169e-03
max |Δn| norm  : 7.614e-03
max |ΔILDOS|  : 3.534e+01
last Poisson  : 13.975 s
last Quantum  : 0.561 s
-1.6742577267184478e-06 5.246692026007105e-07
Iteration counts: [0, 5, 19]

--- Iteration 24 ---
Qprime size   : 906
max |ΔU|      : 1.113e-04
max |ΔU| norm  : 4.871e-04
max |Δn|      : 2.278e-03
max |Δn| norm  : 8.259e-03
max |ΔILDOS|  : 5.101e+01
last Poisson  : 13.762 s
last Quantum  : 0.549 s
-7.156857047285224e-08 7.80338539735128e-09
Iteration counts: [0, 5, 20]

--- Iteration 25 ---
Qprime size   : 906
max |ΔU|      : 9.936e-05
max |ΔU| norm  : 4.513e-04
max |Δn|      : 2.046e-03
max |Δn| norm  : 7.934e-03
max |ΔILDOS|  : 5.296e+01
last Poisson  : 13.826 s
last Quantum  : 0.547 s
-7.980982430528089e-08 4.8061527803424656e-08
Iteration counts: [0, 5, 21]

--- Iteration 26 ---
Qprime size   : 906
max |ΔU|      : 9.308e-05
max |ΔU| norm  : 3.816e-04
max |Δn|      : 2.527e-03
max |Δn| norm  : 8.616e-03
max |ΔILDOS|  : 5.428e+01
last Poisson  : 13.776 s
last Quantum  : 0.549 s
4.368272280276138e-07 -2.0006595990174346e-07
Iteration counts: [0, 5, 22]

--- Iteration 27 ---
Qprime size   : 906
max |ΔU|      : 8.479e-05
max |ΔU| norm  : 3.925e-04
max |Δn|      : 2.494e-03
max |Δn| norm  : 8.693e-03
max |ΔILDOS|  : 4.224e+01
last Poisson  : 13.846 s
last Quantum  : 0.543 s
7.566475040105353e-08 1.3597883832005214e-08
Iteration counts: [0, 5, 23]

--- Iteration 28 ---
Qprime size   : 906
max |ΔU|      : 8.046e-05
max |ΔU| norm  : 3.797e-04
max |Δn|      : 2.303e-03
max |Δn| norm  : 8.193e-03
max |ΔILDOS|  : 5.042e+01
last Poisson  : 13.742 s
last Quantum  : 0.548 s
1.3681154358413081e-06 -4.846265975943992e-07
Iteration counts: [0, 5, 24]

--- Iteration 29 ---
Qprime size   : 906
max |ΔU|      : 7.839e-05
max |ΔU| norm  : 3.910e-04
max |Δn|      : 2.414e-03
max |Δn| norm  : 7.621e-03
max |ΔILDOS|  : 4.003e+01
last Poisson  : 13.735 s
last Quantum  : 0.548 s
-1.3605008232045026e-06 4.3822353301263696e-07
Iteration counts: [0, 5, 25]

--- Iteration 30 ---
Qprime size   : 906
max |ΔU|      : 1.051e-04
max |ΔU| norm  : 4.887e-04
max |Δn|      : 2.657e-03
max |Δn| norm  : 8.666e-03
max |ΔILDOS|  : 5.070e+01
last Poisson  : 13.747 s
last Quantum  : 0.549 s
-1.8535087649544443e-06 7.090047553515727e-07
FSC converged / stopped.
✔ Logged phi=0.1022, Vbg=1.0000

=== Running phi=0.1022, Vbg=1.1667 ===
🔄 Full Hamiltonian rebuild (qparams change)
The poisson problem has been initialized.
Iteration counts: [0, 0, 0]

--- Iteration 0 ---
Qprime size   : 906
-0.000727901151107107 0.00029165277458026353
Iteration counts: [0, 1, 0]

--- Iteration 1 ---
Qprime size   : 906
max |ΔU|      : 9.229e-04
max |ΔU| norm  : 4.464e-02
max |Δn|      : 3.761e-03
max |Δn| norm  : 2.906e-02
last Poisson  : 13.933 s
-0.000582048155309026 0.0002336777263234348
Iteration counts: [0, 1, 1]

--- Iteration 2 ---
Qprime size   : 906
max |ΔU|      : 7.367e-04
max |ΔU| norm  : 3.572e-02
max |Δn|      : 2.934e-03
max |Δn| norm  : 2.275e-02
max |ΔILDOS|  : 4.442e+02
last Poisson  : 13.695 s
last Quantum  : 0.692 s
-0.001288251372258036 0.0005670656507811475
Iteration counts: [0, 1, 2]

--- Iteration 3 ---
Qprime size   : 906
max |ΔU|      : 1.493e-03
max |ΔU| norm  : 7.781e-02
max |Δn|      : 3.985e-03
max |Δn| norm  : 3.819e-02
max |ΔILDOS|  : 4.934e+02
last Poisson  : 13.382 s
last Quantum  : 0.642 s
-0.0007454656209018182 0.0003311369559224732
Iteration counts: [0, 2, 2]

--- Iteration 4 ---
Qprime size   : 906
max |ΔU|      : 8.755e-04
max |ΔU| norm  : 4.555e-02
max |Δn|      : 2.062e-03
max |Δn| norm  : 2.164e-02
max |ΔILDOS|  : 4.934e+02
last Poisson  : 13.513 s
last Quantum  : 0.642 s
-0.0005959007328616162 0.0002649028554027123
Iteration counts: [0, 2, 3]

--- Iteration 5 ---
Qprime size   : 906
max |ΔU|      : 6.784e-04
max |ΔU| norm  : 3.642e-02
max |Δn|      : 1.634e-03
max |Δn| norm  : 1.665e-02
max |ΔILDOS|  : 5.190e+02
last Poisson  : 13.413 s
last Quantum  : 0.643 s
-0.00019687971361156663 8.878715772677664e-05
Iteration counts: [0, 2, 4]

--- Iteration 6 ---
Qprime size   : 906
max |ΔU|      : 3.088e-04
max |ΔU| norm  : 1.214e-02
max |Δn|      : 2.410e-03
max |Δn| norm  : 1.698e-02
max |ΔILDOS|  : 4.858e+02
last Poisson  : 13.409 s
last Quantum  : 0.767 s
-0.0001200946220445528 5.38172770298731e-05
Iteration counts: [0, 2, 5]

--- Iteration 7 ---
Qprime size   : 906
max |ΔU|      : 1.533e-04
max |ΔU| norm  : 7.438e-03
max |Δn|      : 1.524e-03
max |Δn| norm  : 8.447e-03
max |ΔILDOS|  : 3.699e+02
last Poisson  : 13.406 s
last Quantum  : 0.708 s
-6.819338465940485e-05 3.096449078030154e-05
Iteration counts: [0, 2, 6]

--- Iteration 8 ---
Qprime size   : 906
max |ΔU|      : 8.440e-05
max |ΔU| norm  : 4.196e-03
max |Δn|      : 1.423e-03
max |Δn| norm  : 6.547e-03
max |ΔILDOS|  : 2.298e+02
last Poisson  : 13.439 s
last Quantum  : 0.681 s
-4.823098122161372e-05 2.1198242874775182e-05
Iteration counts: [0, 2, 7]

--- Iteration 9 ---
Qprime size   : 906
max |ΔU|      : 1.251e-04
max |ΔU| norm  : 2.960e-03
max |Δn|      : 1.957e-03
max |Δn| norm  : 6.913e-03
max |ΔILDOS|  : 1.763e+02
last Poisson  : 13.384 s
last Quantum  : 0.638 s
-2.330304976455038e-05 1.0748602929263905e-05
Iteration counts: [0, 2, 8]

--- Iteration 10 ---
Qprime size   : 906
max |ΔU|      : 5.432e-05
max |ΔU| norm  : 1.420e-03
max |Δn|      : 1.324e-03
max |Δn| norm  : 6.413e-03
max |ΔILDOS|  : 9.010e+01
last Poisson  : 13.344 s
last Quantum  : 0.620 s
-1.8912032706396037e-05 8.047194233814231e-06
Iteration counts: [0, 2, 9]

--- Iteration 11 ---
Qprime size   : 906
max |ΔU|      : 5.305e-05
max |ΔU| norm  : 1.187e-03
max |Δn|      : 1.553e-03
max |Δn| norm  : 5.957e-03
max |ΔILDOS|  : 6.343e+01
last Poisson  : 13.551 s
last Quantum  : 0.606 s
-7.234465428222947e-06 3.5393409400547416e-06
Iteration counts: [0, 2, 10]

--- Iteration 12 ---
Qprime size   : 906
max |ΔU|      : 6.381e-05
max |ΔU| norm  : 4.872e-04
max |Δn|      : 2.191e-03
max |Δn| norm  : 6.389e-03
max |ΔILDOS|  : 6.051e+01
last Poisson  : 12.960 s
last Quantum  : 0.575 s
-8.191628800373984e-06 3.342843158480442e-06
Iteration counts: [0, 2, 11]

--- Iteration 13 ---
Qprime size   : 906
max |ΔU|      : 4.368e-05
max |ΔU| norm  : 5.738e-04
max |Δn|      : 1.423e-03
max |Δn| norm  : 6.341e-03
max |ΔILDOS|  : 3.801e+01
last Poisson  : 13.777 s
last Quantum  : 0.538 s
-5.897222375636255e-07 5.54801265816466e-07
Iteration counts: [0, 2, 12]

--- Iteration 14 ---
Qprime size   : 906
max |ΔU|      : 4.472e-05
max |ΔU| norm  : 2.592e-04
max |Δn|      : 1.834e-03
max |Δn| norm  : 6.238e-03
max |ΔILDOS|  : 2.109e+01
last Poisson  : 12.537 s
last Quantum  : 0.536 s
-4.69724062943417e-06 1.8221480511666078e-06
Iteration counts: [0, 2, 13]

--- Iteration 15 ---
Qprime size   : 906
max |ΔU|      : 7.766e-05
max |ΔU| norm  : 4.307e-04
max |Δn|      : 1.945e-03
max |Δn| norm  : 6.738e-03
max |ΔILDOS|  : 4.273e+01
last Poisson  : 12.655 s
last Quantum  : 0.814 s
3.3294679196009436e-07 2.3032002224700906e-09
Iteration counts: [0, 2, 14]

--- Iteration 16 ---
Qprime size   : 906
max |ΔU|      : 5.435e-05
max |ΔU| norm  : 2.738e-04
max |Δn|      : 1.284e-03
max |Δn| norm  : 6.038e-03
max |ΔILDOS|  : 2.800e+01
last Poisson  : 13.618 s
last Quantum  : 0.586 s
-2.191975898370557e-06 7.543463240461949e-07
Iteration counts: [0, 2, 15]

--- Iteration 17 ---
Qprime size   : 906
max |ΔU|      : 3.761e-05
max |ΔU| norm  : 2.966e-04
max |Δn|      : 1.465e-03
max |Δn| norm  : 6.269e-03
max |ΔILDOS|  : 2.600e+01
last Poisson  : 13.878 s
last Quantum  : 0.580 s
1.8068524633622811e-06 -5.092366954501683e-07
Iteration counts: [0, 2, 16]

--- Iteration 18 ---
Qprime size   : 906
max |ΔU|      : 4.727e-05
max |ΔU| norm  : 2.959e-04
max |Δn|      : 2.223e-03
max |Δn| norm  : 6.717e-03
max |ΔILDOS|  : 2.878e+01
last Poisson  : 13.865 s
last Quantum  : 0.582 s
-3.3454669302754997e-06 1.1284882477630385e-06
Iteration counts: [0, 2, 17]

--- Iteration 19 ---
Qprime size   : 906
max |ΔU|      : 3.839e-05
max |ΔU| norm  : 3.341e-04
max |Δn|      : 1.534e-03
max |Δn| norm  : 6.270e-03
max |ΔILDOS|  : 2.698e+01
last Poisson  : 13.596 s
last Quantum  : 0.791 s
3.322801854104373e-06 -1.1611637720723267e-06
Iteration counts: [0, 2, 18]

--- Iteration 20 ---
Qprime size   : 906
max |ΔU|      : 4.822e-05
max |ΔU| norm  : 3.379e-04
max |Δn|      : 1.202e-03
max |Δn| norm  : 5.808e-03
max |ΔILDOS|  : 2.614e+01
last Poisson  : 13.229 s
last Quantum  : 0.756 s
-3.4889460930479484e-06 1.2705524366086933e-06
Iteration counts: [0, 2, 19]

--- Iteration 21 ---
Qprime size   : 906
max |ΔU|      : 8.911e-05
max |ΔU| norm  : 3.965e-04
max |Δn|      : 1.715e-03
max |Δn| norm  : 6.509e-03
max |ΔILDOS|  : 4.386e+01
last Poisson  : 13.491 s
last Quantum  : 0.763 s
2.4801862161364815e-06 -8.691626466135609e-07
Iteration counts: [0, 2, 20]

--- Iteration 22 ---
Qprime size   : 906
max |ΔU|      : 5.559e-05
max |ΔU| norm  : 3.216e-04
max |Δn|      : 1.191e-03
max |Δn| norm  : 5.917e-03
max |ΔILDOS|  : 2.986e+01
last Poisson  : 13.311 s
last Quantum  : 0.766 s
-1.481087516940385e-06 4.497729848970615e-07
Iteration counts: [0, 2, 21]

--- Iteration 23 ---
Qprime size   : 906
max |ΔU|      : 3.984e-05
max |ΔU| norm  : 2.766e-04
max |Δn|      : 1.501e-03
max |Δn| norm  : 6.036e-03
max |ΔILDOS|  : 2.473e+01
last Poisson  : 13.385 s
last Quantum  : 0.813 s
1.3296130927253365e-06 -3.402026166073455e-07
Iteration counts: [0, 2, 22]

--- Iteration 24 ---
Qprime size   : 906
max |ΔU|      : 7.048e-05
max |ΔU| norm  : 3.224e-04
max |Δn|      : 1.789e-03
max |Δn| norm  : 6.802e-03
max |ΔILDOS|  : 3.378e+01
last Poisson  : 13.315 s
last Quantum  : 0.759 s
-2.8566018065320484e-06 9.175073414229564e-07
Iteration counts: [0, 2, 23]

--- Iteration 25 ---
Qprime size   : 906
max |ΔU|      : 4.043e-05
max |ΔU| norm  : 3.301e-04
max |Δn|      : 1.480e-03
max |Δn| norm  : 6.303e-03
max |ΔILDOS|  : 2.820e+01
last Poisson  : 13.358 s
last Quantum  : 0.760 s
3.634032917957821e-06 -1.2807261492306462e-06
Iteration counts: [0, 2, 24]

--- Iteration 26 ---
Qprime size   : 906
max |ΔU|      : 5.527e-05
max |ΔU| norm  : 3.642e-04
max |Δn|      : 1.241e-03
max |Δn| norm  : 5.815e-03
max |ΔILDOS|  : 3.019e+01
last Poisson  : 13.374 s
last Quantum  : 0.815 s
-3.2287094390468326e-06 1.1848226887451298e-06
Iteration counts: [0, 2, 25]

--- Iteration 27 ---
Qprime size   : 906
max |ΔU|      : 8.546e-05
max |ΔU| norm  : 3.962e-04
max |Δn|      : 1.800e-03
max |Δn| norm  : 6.586e-03
max |ΔILDOS|  : 4.249e+01
last Poisson  : 13.250 s
last Quantum  : 0.837 s
2.613943645373989e-06 -9.5840382524692e-07
Iteration counts: [0, 2, 26]

--- Iteration 28 ---
Qprime size   : 906
max |ΔU|      : 5.954e-05
max |ΔU| norm  : 3.245e-04
max |Δn|      : 1.199e-03
max |Δn| norm  : 5.857e-03
max |ΔILDOS|  : 2.962e+01
last Poisson  : 13.360 s
last Quantum  : 0.710 s
-2.0789389333715398e-06 7.012205616536845e-07
Iteration counts: [0, 2, 27]

--- Iteration 29 ---
Qprime size   : 906
max |ΔU|      : 3.738e-05
max |ΔU| norm  : 2.740e-04
max |Δn|      : 1.507e-03
max |Δn| norm  : 6.207e-03
max |ΔILDOS|  : 2.544e+01
last Poisson  : 13.415 s
last Quantum  : 0.710 s
2.3573304655144206e-06 -7.667062476919322e-07
Iteration counts: [0, 2, 28]

--- Iteration 30 ---
Qprime size   : 906
max |ΔU|      : 4.672e-05
max |ΔU| norm  : 2.963e-04
max |Δn|      : 2.246e-03
max |Δn| norm  : 6.719e-03
max |ΔILDOS|  : 3.032e+01
last Poisson  : 13.368 s
last Quantum  : 0.791 s
-2.6290914207008187e-06 8.694124852492563e-07
FSC converged / stopped.
✔ Logged phi=0.1022, Vbg=1.1667

=== Running phi=0.1022, Vbg=1.3333 ===
🔄 Full Hamiltonian rebuild (qparams change)
The poisson problem has been initialized.
Iteration counts: [0, 0, 0]

--- Iteration 0 ---
Qprime size   : 901
max |ΔU|      : 2.665e-14
max |ΔU| norm  : 8.941e-13
max |Δn|      : 1.877e-13
max |Δn| norm  : 9.085e-13
-0.0006122828510068375 0.00023337138753682792
Iteration counts: [0, 0, 1]

--- Iteration 1 ---
Qprime size   : 901
max |ΔU|      : 8.502e-04
max |ΔU| norm  : 3.846e-02
max |Δn|      : 5.186e-03
max |Δn| norm  : 2.963e-02
max |ΔILDOS|  : 5.450e+02
last Poisson  : 13.680 s
last Quantum  : 1.026 s
-0.001268661175451111 0.000529731927851212
Iteration counts: [0, 0, 2]

--- Iteration 2 ---
Qprime size   : 901
max |ΔU|      : 1.569e-03
max |ΔU| norm  : 7.693e-02
max |Δn|      : 5.295e-03
max |Δn| norm  : 4.502e-02
max |ΔILDOS|  : 4.653e+02
last Poisson  : 13.946 s
last Quantum  : 0.769 s
-0.0007475179708154978 0.00031390673495998396
Iteration counts: [0, 1, 2]

--- Iteration 3 ---
Qprime size   : 901
max |ΔU|      : 9.212e-04
max |ΔU| norm  : 4.555e-02
max |Δn|      : 3.234e-03
max |Δn| norm  : 2.825e-02
max |ΔILDOS|  : 4.653e+02
last Poisson  : 13.727 s
last Quantum  : 0.769 s
-0.0005979980604027187 0.00025149546787121943
Iteration counts: [0, 1, 3]

--- Iteration 4 ---
Qprime size   : 901
max |ΔU|      : 7.348e-04
max |ΔU| norm  : 3.648e-02
max |Δn|      : 2.511e-03
max |Δn| norm  : 2.149e-02
max |ΔILDOS|  : 4.825e+02
last Poisson  : 13.714 s
last Quantum  : 0.674 s
-0.00021715155185794013 9.204887121169542e-05
Iteration counts: [0, 1, 4]

--- Iteration 5 ---
Qprime size   : 901
max |ΔU|      : 2.992e-04
max |ΔU| norm  : 1.315e-02
max |Δn|      : 2.508e-03
max |Δn| norm  : 1.850e-02
max |ΔILDOS|  : 4.210e+02
last Poisson  : 13.824 s
last Quantum  : 0.808 s
-0.0001330140462267376 5.632099479887505e-05
Iteration counts: [0, 1, 5]

--- Iteration 6 ---
Qprime size   : 901
max |ΔU|      : 1.844e-04
max |ΔU| norm  : 8.066e-03
max |Δn|      : 2.692e-03
max |Δn| norm  : 1.031e-02
max |ΔILDOS|  : 3.563e+02
last Poisson  : 13.655 s
last Quantum  : 0.815 s
-7.831844425262182e-05 3.334988381470713e-05
Iteration counts: [0, 1, 6]

--- Iteration 7 ---
Qprime size   : 901
max |ΔU|      : 1.344e-04
max |ΔU| norm  : 4.769e-03
max |Δn|      : 2.354e-03
max |Δn| norm  : 9.411e-03
max |ΔILDOS|  : 2.127e+02
last Poisson  : 13.763 s
last Quantum  : 0.787 s
-4.7718560583365636e-05 2.03447074933097e-05
Iteration counts: [0, 1, 7]

--- Iteration 8 ---
Qprime size   : 901
max |ΔU|      : 8.940e-05
max |ΔU| norm  : 2.913e-03
max |Δn|      : 2.538e-03
max |Δn| norm  : 9.903e-03
max |ΔILDOS|  : 1.728e+02
last Poisson  : 13.711 s
last Quantum  : 0.750 s
-2.939292950568853e-05 1.2452870816917203e-05
Iteration counts: [0, 1, 8]

--- Iteration 9 ---
Qprime size   : 901
max |ΔU|      : 6.785e-05
max |ΔU| norm  : 1.801e-03
max |Δn|      : 2.098e-03
max |Δn| norm  : 9.287e-03
max |ΔILDOS|  : 8.178e+01
last Poisson  : 13.647 s
last Quantum  : 0.725 s
-1.9750166541225152e-05 8.233701751599283e-06
Iteration counts: [0, 1, 9]

--- Iteration 10 ---
Qprime size   : 901
max |ΔU|      : 8.955e-05
max |ΔU| norm  : 1.246e-03
max |Δn|      : 2.376e-03
max |Δn| norm  : 8.468e-03
max |ΔILDOS|  : 7.622e+01
last Poisson  : 13.690 s
last Quantum  : 0.781 s
-9.70707138660262e-06 4.240678127583025e-06
Iteration counts: [0, 1, 10]

--- Iteration 11 ---
Qprime size   : 901
max |ΔU|      : 6.903e-05
max |ΔU| norm  : 7.096e-04
max |Δn|      : 1.869e-03
max |Δn| norm  : 7.375e-03
max |ΔILDOS|  : 3.928e+01
last Poisson  : 13.677 s
last Quantum  : 0.752 s
-8.467330886142801e-06 3.4291386616991506e-06
Iteration counts: [0, 1, 11]

--- Iteration 12 ---
Qprime size   : 901
max |ΔU|      : 7.230e-05
max |ΔU| norm  : 6.046e-04
max |Δn|      : 2.298e-03
max |Δn| norm  : 7.851e-03
max |ΔILDOS|  : 3.955e+01
last Poisson  : 13.617 s
last Quantum  : 0.800 s
-3.0427992533612986e-06 1.3567702972885738e-06
Iteration counts: [0, 1, 12]

--- Iteration 13 ---
Qprime size   : 901
max |ΔU|      : 6.793e-05
max |ΔU| norm  : 3.697e-04
max |Δn|      : 2.237e-03
max |Δn| norm  : 8.834e-03
max |ΔILDOS|  : 3.730e+01
last Poisson  : 14.011 s
last Quantum  : 0.543 s
-2.1897269451748363e-06 9.66284769842609e-07
Iteration counts: [0, 1, 13]

--- Iteration 14 ---
Qprime size   : 901
max |ΔU|      : 5.263e-05
max |ΔU| norm  : 3.697e-04
max |Δn|      : 2.475e-03
max |Δn| norm  : 8.978e-03
max |ΔILDOS|  : 3.710e+01
last Poisson  : 14.208 s
last Quantum  : 0.604 s
-8.817161647983538e-07 4.3927711918808793e-07
Iteration counts: [0, 1, 14]

--- Iteration 15 ---
Qprime size   : 901
max |ΔU|      : 7.810e-05
max |ΔU| norm  : 4.013e-04
max |Δn|      : 1.590e-03
max |Δn| norm  : 7.338e-03
max |ΔILDOS|  : 3.648e+01
last Poisson  : 14.488 s
last Quantum  : 0.608 s
-1.3892405419150103e-06 5.454494573393481e-07
Iteration counts: [0, 1, 15]

--- Iteration 16 ---
Qprime size   : 901
max |ΔU|      : 6.922e-05
max |ΔU| norm  : 3.708e-04
max |Δn|      : 2.213e-03
max |Δn| norm  : 7.736e-03
max |ΔILDOS|  : 3.476e+01
last Poisson  : 14.448 s
last Quantum  : 0.599 s
3.20736456621581e-07 -7.049360249855296e-08
Iteration counts: [0, 1, 16]

--- Iteration 17 ---
Qprime size   : 901
max |ΔU|      : 6.002e-05
max |ΔU| norm  : 2.824e-04
max |Δn|      : 2.135e-03
max |Δn| norm  : 8.846e-03
max |ΔILDOS|  : 2.757e+01
last Poisson  : 14.556 s
last Quantum  : 0.615 s
-2.631792200221123e-06 9.112753040195949e-07
Iteration counts: [0, 1, 17]

--- Iteration 18 ---
Qprime size   : 901
max |ΔU|      : 6.454e-05
max |ΔU| norm  : 3.674e-04
max |Δn|      : 2.498e-03
max |Δn| norm  : 8.665e-03
max |ΔILDOS|  : 3.685e+01
last Poisson  : 14.513 s
last Quantum  : 0.895 s
6.85678056059138e-07 -2.0465848024133332e-07
Iteration counts: [0, 1, 18]

--- Iteration 19 ---
Qprime size   : 901
max |ΔU|      : 8.474e-05
max |ΔU| norm  : 3.491e-04
max |Δn|      : 1.946e-03
max |Δn| norm  : 8.103e-03
max |ΔILDOS|  : 3.857e+01
last Poisson  : 14.575 s
last Quantum  : 0.832 s
8.925716907365489e-07 -2.9102669885932913e-07
Iteration counts: [0, 1, 19]

--- Iteration 20 ---
Qprime size   : 901
max |ΔU|      : 6.712e-05
max |ΔU| norm  : 3.687e-04
max |Δn|      : 2.251e-03
max |Δn| norm  : 9.234e-03
max |ΔILDOS|  : 3.890e+01
last Poisson  : 14.099 s
last Quantum  : 0.587 s
7.129981691734068e-07 -2.517540346094777e-07
Iteration counts: [0, 1, 20]

--- Iteration 21 ---
Qprime size   : 901
max |ΔU|      : 6.281e-05
max |ΔU| norm  : 3.149e-04
max |Δn|      : 2.325e-03
max |Δn| norm  : 9.388e-03
max |ΔILDOS|  : 3.406e+01
last Poisson  : 13.205 s
last Quantum  : 0.591 s
-9.218119138961328e-07 3.4403128795860815e-07
Iteration counts: [0, 1, 21]

--- Iteration 22 ---
Qprime size   : 901
max |ΔU|      : 6.781e-05
max |ΔU| norm  : 3.642e-04
max |Δn|      : 2.262e-03
max |Δn| norm  : 8.434e-03
max |ΔILDOS|  : 3.807e+01
last Poisson  : 14.003 s
last Quantum  : 0.688 s
-5.400414362949573e-08 2.0810259239763885e-09
Iteration counts: [0, 1, 22]

--- Iteration 23 ---
Qprime size   : 901
max |ΔU|      : 5.477e-05
max |ΔU| norm  : 3.429e-04
max |Δn|      : 1.958e-03
max |Δn| norm  : 7.637e-03
max |ΔILDOS|  : 3.018e+01
last Poisson  : 14.250 s
last Quantum  : 0.635 s
-2.1389331787320108e-06 7.009379563619086e-07
Iteration counts: [0, 1, 23]

--- Iteration 24 ---
Qprime size   : 901
max |ΔU|      : 6.946e-05
max |ΔU| norm  : 4.262e-04
max |Δn|      : 2.144e-03
max |Δn| norm  : 8.179e-03
max |ΔILDOS|  : 3.876e+01
last Poisson  : 13.312 s
last Quantum  : 0.785 s
2.3258358565042013e-06 -7.478086086150514e-07
Iteration counts: [0, 1, 24]

--- Iteration 25 ---
Qprime size   : 901
max |ΔU|      : 7.092e-05
max |ΔU| norm  : 4.147e-04
max |Δn|      : 2.053e-03
max |Δn| norm  : 8.748e-03
max |ΔILDOS|  : 3.867e+01
last Poisson  : 13.892 s
last Quantum  : 0.803 s
-2.6842493925221855e-07 9.334088687007812e-08
Iteration counts: [0, 1, 25]

--- Iteration 26 ---
Qprime size   : 901
max |ΔU|      : 6.326e-05
max |ΔU| norm  : 3.439e-04
max |Δn|      : 2.564e-03
max |Δn| norm  : 8.749e-03
max |ΔILDOS|  : 3.471e+01
last Poisson  : 13.561 s
last Quantum  : 0.779 s
9.083450958721082e-07 -3.190193466400441e-07
Iteration counts: [0, 1, 26]

--- Iteration 27 ---
Qprime size   : 901
max |ΔU|      : 7.331e-05
max |ΔU| norm  : 3.399e-04
max |Δn|      : 2.167e-03
max |Δn| norm  : 8.537e-03
max |ΔILDOS|  : 3.707e+01
last Poisson  : 13.585 s
last Quantum  : 0.771 s
-1.195464200585596e-06 4.0884919026639836e-07
Iteration counts: [0, 1, 27]

--- Iteration 28 ---
Qprime size   : 901
max |ΔU|      : 6.651e-05
max |ΔU| norm  : 3.712e-04
max |Δn|      : 2.133e-03
max |Δn| norm  : 8.716e-03
max |ΔILDOS|  : 3.785e+01
last Poisson  : 13.541 s
last Quantum  : 0.801 s
5.762165326955706e-07 -1.9651090729768982e-07
Iteration counts: [0, 1, 28]

--- Iteration 29 ---
Qprime size   : 901
max |ΔU|      : 5.444e-05
max |ΔU| norm  : 3.193e-04
max |Δn|      : 2.067e-03
max |Δn| norm  : 8.457e-03
max |ΔILDOS|  : 2.974e+01
last Poisson  : 13.534 s
last Quantum  : 0.792 s
-8.974681381097203e-07 3.0116496971357126e-07
Iteration counts: [0, 1, 29]

--- Iteration 30 ---
Qprime size   : 901
max |ΔU|      : 5.912e-05
max |ΔU| norm  : 3.397e-04
max |Δn|      : 2.471e-03
max |Δn| norm  : 9.268e-03
max |ΔILDOS|  : 3.708e+01
last Poisson  : 13.576 s
last Quantum  : 0.798 s
5.824432572974737e-07 -1.9628062235894068e-07
FSC converged / stopped.
✔ Logged phi=0.1022, Vbg=1.3333

=== Running phi=0.1022, Vbg=1.5000 ===
🔄 Full Hamiltonian rebuild (qparams change)
The poisson problem has been initialized.
Iteration counts: [0, 0, 0]

--- Iteration 0 ---
Qprime size   : 878
max |ΔU|      : 4.285e-14
max |ΔU| norm  : 1.358e-12
max |Δn|      : 1.483e-13
max |Δn| norm  : 9.468e-13
-0.0005241978130841928 0.00020221467694912115
Iteration counts: [0, 0, 1]

--- Iteration 1 ---
Qprime size   : 878
max |ΔU|      : 7.796e-04
max |ΔU| norm  : 3.222e-02
max |Δn|      : 5.210e-03
max |Δn| norm  : 2.433e-02
max |ΔILDOS|  : 5.134e+02
last Poisson  : 11.865 s
last Quantum  : 0.847 s
-0.0011144580404195935 0.00046949246296276856
Iteration counts: [0, 0, 2]

--- Iteration 2 ---
Qprime size   : 878
max |ΔU|      : 1.410e-03
max |ΔU| norm  : 6.622e-02
max |Δn|      : 5.686e-03
max |Δn| norm  : 3.729e-02
max |ΔILDOS|  : 4.430e+02
last Poisson  : 12.233 s
last Quantum  : 0.867 s
-0.0006672472780781694 0.00028322876765004163
Iteration counts: [0, 1, 2]

--- Iteration 3 ---
Qprime size   : 878
max |ΔU|      : 8.383e-04
max |ΔU| norm  : 3.979e-02
max |Δn|      : 3.472e-03
max |Δn| norm  : 2.421e-02
max |ΔILDOS|  : 4.430e+02
last Poisson  : 11.898 s
last Quantum  : 0.867 s
-0.0005347319281992677 0.0002271240923798101
Iteration counts: [0, 1, 3]

--- Iteration 4 ---
Qprime size   : 878
max |ΔU|      : 6.722e-04
max |ΔU| norm  : 3.192e-02
max |Δn|      : 2.699e-03
max |Δn| norm  : 1.845e-02
max |ΔILDOS|  : 4.411e+02
last Poisson  : 12.062 s
last Quantum  : 0.888 s
-0.0001919888893607297 8.290345225142879e-05
Iteration counts: [0, 1, 4]

--- Iteration 5 ---
Qprime size   : 878
max |ΔU|      : 2.971e-04
max |ΔU| norm  : 1.167e-02
max |Δn|      : 3.533e-03
max |Δn| norm  : 1.531e-02
max |ΔILDOS|  : 3.576e+02
last Poisson  : 12.004 s
last Quantum  : 0.857 s
-0.0001150372045812515 5.0264511386839706e-05
Iteration counts: [0, 1, 5]

--- Iteration 6 ---
Qprime size   : 878
max |ΔU|      : 1.578e-04
max |ΔU| norm  : 6.997e-03
max |Δn|      : 2.538e-03
max |Δn| norm  : 8.788e-03
max |ΔILDOS|  : 2.597e+02
last Poisson  : 11.919 s
last Quantum  : 0.888 s
-6.847583029865584e-05 3.0303457126555644e-05
Iteration counts: [0, 1, 6]

--- Iteration 7 ---
Qprime size   : 878
max |ΔU|      : 1.050e-04
max |ΔU| norm  : 4.196e-03
max |Δn|      : 2.049e-03
max |Δn| norm  : 7.114e-03
max |ΔILDOS|  : 1.649e+02
last Poisson  : 11.906 s
last Quantum  : 0.737 s
-4.156558559862037e-05 1.854696911354139e-05
Iteration counts: [0, 1, 7]

--- Iteration 8 ---
Qprime size   : 878
max |ΔU|      : 8.030e-05
max |ΔU| norm  : 2.544e-03
max |Δn|      : 2.495e-03
max |Δn| norm  : 7.771e-03
max |ΔILDOS|  : 1.046e+02
last Poisson  : 11.955 s
last Quantum  : 0.730 s
-2.7010423808420145e-05 1.190453535435673e-05
Iteration counts: [0, 1, 8]

--- Iteration 9 ---
Qprime size   : 878
max |ΔU|      : 8.647e-05
max |ΔU| norm  : 1.652e-03
max |Δn|      : 2.120e-03
max |Δn| norm  : 8.253e-03
max |ΔILDOS|  : 6.376e+01
last Poisson  : 12.107 s
last Quantum  : 0.730 s
-1.6115065542179713e-05 7.185197659076486e-06
Iteration counts: [0, 1, 9]

--- Iteration 10 ---
Qprime size   : 878
max |ΔU|      : 6.936e-05
max |ΔU| norm  : 1.012e-03
max |Δn|      : 1.933e-03
max |Δn| norm  : 6.730e-03
max |ΔILDOS|  : 3.942e+01
last Poisson  : 12.042 s
last Quantum  : 0.699 s
-9.547288459859516e-06 4.237232749896876e-06
Iteration counts: [0, 1, 10]

--- Iteration 11 ---
Qprime size   : 878
max |ΔU|      : 6.348e-05
max |ΔU| norm  : 6.639e-04
max |Δn|      : 2.516e-03
max |Δn| norm  : 6.961e-03
max |ΔILDOS|  : 2.939e+01
last Poisson  : 11.788 s
last Quantum  : 0.804 s
-5.542696191346868e-06 2.510827633988172e-06
Iteration counts: [0, 1, 11]

--- Iteration 12 ---
Qprime size   : 878
max |ΔU|      : 5.533e-05
max |ΔU| norm  : 4.270e-04
max |Δn|      : 2.084e-03
max |Δn| norm  : 6.683e-03
max |ΔILDOS|  : 2.386e+01
last Poisson  : 11.887 s
last Quantum  : 0.824 s
-4.817343584081293e-06 2.0037434566038643e-06
Iteration counts: [0, 1, 12]

--- Iteration 13 ---
Qprime size   : 878
max |ΔU|      : 6.554e-05
max |ΔU| norm  : 3.897e-04
max |Δn|      : 1.724e-03
max |Δn| norm  : 7.136e-03
max |ΔILDOS|  : 3.750e+01
last Poisson  : 11.904 s
last Quantum  : 0.740 s
-1.4441019193492795e-06 7.481388301058553e-07
Iteration counts: [0, 1, 13]

--- Iteration 14 ---
Qprime size   : 878
max |ΔU|      : 6.494e-05
max |ΔU| norm  : 2.870e-04
max |Δn|      : 2.466e-03
max |Δn| norm  : 7.304e-03
max |ΔILDOS|  : 2.901e+01
last Poisson  : 12.261 s
last Quantum  : 0.601 s
4.967904710062668e-07 -3.763940540118112e-08
Iteration counts: [0, 1, 14]

--- Iteration 15 ---
Qprime size   : 878
max |ΔU|      : 8.112e-05
max |ΔU| norm  : 3.486e-04
max |Δn|      : 2.506e-03
max |Δn| norm  : 6.894e-03
max |ΔILDOS|  : 3.963e+01
last Poisson  : 12.463 s
last Quantum  : 0.622 s
-1.071228082545494e-06 4.5199844184183246e-07
Iteration counts: [0, 1, 15]

--- Iteration 16 ---
Qprime size   : 878
max |ΔU|      : 5.503e-05
max |ΔU| norm  : 2.566e-04
max |Δn|      : 1.910e-03
max |Δn| norm  : 6.589e-03
max |ΔILDOS|  : 2.470e+01
last Poisson  : 12.359 s
last Quantum  : 0.546 s
-1.1827402046569095e-06 4.405635584750574e-07
Iteration counts: [0, 1, 16]

--- Iteration 17 ---
Qprime size   : 878
max |ΔU|      : 7.541e-05
max |ΔU| norm  : 3.011e-04
max |Δn|      : 2.405e-03
max |Δn| norm  : 7.783e-03
max |ΔILDOS|  : 4.391e+01
last Poisson  : 12.462 s
last Quantum  : 0.809 s
-1.574951934511201e-06 5.65349788947968e-07
Iteration counts: [0, 1, 17]

--- Iteration 18 ---
Qprime size   : 878
max |ΔU|      : 5.565e-05
max |ΔU| norm  : 2.639e-04
max |Δn|      : 2.345e-03
max |Δn| norm  : 7.316e-03
max |ΔILDOS|  : 3.019e+01
last Poisson  : 12.235 s
last Quantum  : 0.744 s
5.157591217053601e-07 -1.730556442483809e-07
Iteration counts: [0, 1, 18]

--- Iteration 19 ---
Qprime size   : 878
max |ΔU|      : 7.033e-05
max |ΔU| norm  : 3.035e-04
max |Δn|      : 1.981e-03
max |Δn| norm  : 6.293e-03
max |ΔILDOS|  : 3.475e+01
last Poisson  : 12.082 s
last Quantum  : 0.739 s
-2.5307730379823675e-07 1.1136213402604294e-07
Iteration counts: [0, 1, 19]

--- Iteration 20 ---
Qprime size   : 878
max |ΔU|      : 6.180e-05
max |ΔU| norm  : 2.774e-04
max |Δn|      : 2.262e-03
max |Δn| norm  : 6.945e-03
max |ΔILDOS|  : 2.854e+01
last Poisson  : 12.194 s
last Quantum  : 0.768 s
-2.529298902210056e-07 8.284614050464621e-08
Iteration counts: [0, 1, 20]

--- Iteration 21 ---
Qprime size   : 878
max |ΔU|      : 8.319e-05
max |ΔU| norm  : 3.078e-04
max |Δn|      : 2.114e-03
max |Δn| norm  : 7.756e-03
max |ΔILDOS|  : 4.309e+01
last Poisson  : 12.012 s
last Quantum  : 0.748 s
-2.944539942777564e-07 1.2465576762581222e-07
Iteration counts: [0, 1, 21]

--- Iteration 22 ---
Qprime size   : 878
max |ΔU|      : 5.014e-05
max |ΔU| norm  : 2.630e-04
max |Δn|      : 1.942e-03
max |Δn| norm  : 6.776e-03
max |ΔILDOS|  : 3.016e+01
last Poisson  : 11.899 s
last Quantum  : 0.748 s
1.1302597439455935e-06 -4.0474928338994164e-07
Iteration counts: [0, 1, 22]

--- Iteration 23 ---
Qprime size   : 878
max |ΔU|      : 7.007e-05
max |ΔU| norm  : 3.054e-04
max |Δn|      : 2.381e-03
max |Δn| norm  : 7.195e-03
max |ΔILDOS|  : 3.398e+01
last Poisson  : 11.935 s
last Quantum  : 0.761 s
2.7010555140058606e-07 -6.974095219892726e-08
Iteration counts: [0, 1, 23]

--- Iteration 24 ---
Qprime size   : 878
max |ΔU|      : 5.506e-05
max |ΔU| norm  : 2.668e-04
max |Δn|      : 2.376e-03
max |Δn| norm  : 6.815e-03
max |ΔILDOS|  : 2.768e+01
last Poisson  : 12.105 s
last Quantum  : 0.798 s
-1.5038298872416985e-06 4.982033640641984e-07
Iteration counts: [0, 1, 24]

--- Iteration 25 ---
Qprime size   : 878
max |ΔU|      : 6.817e-05
max |ΔU| norm  : 2.929e-04
max |Δn|      : 2.272e-03
max |Δn| norm  : 7.394e-03
max |ΔILDOS|  : 3.838e+01
last Poisson  : 12.571 s
last Quantum  : 0.556 s
4.52694190260204e-07 -1.3194219504492665e-07
Iteration counts: [0, 1, 25]

--- Iteration 26 ---
Qprime size   : 878
max |ΔU|      : 6.946e-05
max |ΔU| norm  : 2.678e-04
max |Δn|      : 2.402e-03
max |Δn| norm  : 7.104e-03
max |ΔILDOS|  : 2.949e+01
last Poisson  : 12.437 s
last Quantum  : 0.629 s
1.561603386176976e-06 -5.361711090124091e-07
Iteration counts: [0, 1, 26]

--- Iteration 27 ---
Qprime size   : 878
max |ΔU|      : 7.121e-05
max |ΔU| norm  : 3.043e-04
max |Δn|      : 2.381e-03
max |Δn| norm  : 6.792e-03
max |ΔILDOS|  : 3.509e+01
last Poisson  : 12.527 s
last Quantum  : 0.738 s
-5.735452211313599e-07 1.955209409340724e-07
Iteration counts: [0, 1, 27]

--- Iteration 28 ---
Qprime size   : 878
max |ΔU|      : 5.606e-05
max |ΔU| norm  : 2.625e-04
max |Δn|      : 1.763e-03
max |Δn| norm  : 6.250e-03
max |ΔILDOS|  : 2.939e+01
last Poisson  : 12.029 s
last Quantum  : 0.750 s
-6.628961523247532e-07 2.0977032715686727e-07
Iteration counts: [0, 1, 28]

--- Iteration 29 ---
Qprime size   : 878
max |ΔU|      : 7.436e-05
max |ΔU| norm  : 2.948e-04
max |Δn|      : 2.561e-03
max |Δn| norm  : 7.806e-03
max |ΔILDOS|  : 4.312e+01
last Poisson  : 11.319 s
last Quantum  : 0.552 s
-1.831779148904216e-07 7.951584724545375e-08
Iteration counts: [0, 1, 29]

--- Iteration 30 ---
Qprime size   : 878
max |ΔU|      : 6.209e-05
max |ΔU| norm  : 2.649e-04
max |Δn|      : 2.199e-03
max |Δn| norm  : 7.157e-03
max |ΔILDOS|  : 3.013e+01
last Poisson  : 12.591 s
last Quantum  : 0.760 s
9.051307737060814e-07 -3.072778073080769e-07
FSC converged / stopped.
✔ Logged phi=0.1022, Vbg=1.5000

=== Running phi=0.1022, Vbg=1.6667 ===
🔄 Full Hamiltonian rebuild (qparams change)
The poisson problem has been initialized.
Iteration counts: [0, 0, 0]

--- Iteration 0 ---
Qprime size   : 850
max |ΔU|      : 4.263e-14
max |ΔU| norm  : 1.577e-12
max |Δn|      : 1.210e-13
max |Δn| norm  : 1.033e-12
-0.00039971732055559 0.00012969943130284307
Iteration counts: [0, 0, 1]

--- Iteration 1 ---
Qprime size   : 850
max |ΔU|      : 7.004e-04
max |ΔU| norm  : 2.611e-02
max |Δn|      : 4.506e-03
max |Δn| norm  : 2.897e-02
max |ΔILDOS|  : 1.989e+03
last Poisson  : 13.573 s
last Quantum  : 0.827 s
-0.0009571639539828856 0.00040058614906036553
Iteration counts: [0, 0, 2]

--- Iteration 2 ---
Qprime size   : 850
max |ΔU|      : 1.277e-03
max |ΔU| norm  : 5.556e-02
max |Δn|      : 4.885e-03
max |Δn| norm  : 3.582e-02
max |ΔILDOS|  : 1.394e+03
last Poisson  : 13.809 s
last Quantum  : 0.739 s
-0.0005716557578713772 0.00024099092751569956
Iteration counts: [0, 1, 2]

--- Iteration 3 ---
Qprime size   : 850
max |ΔU|      : 7.601e-04
max |ΔU| norm  : 3.344e-02
max |Δn|      : 2.828e-03
max |Δn| norm  : 2.119e-02
max |ΔILDOS|  : 1.394e+03
last Poisson  : 13.773 s
last Quantum  : 0.739 s
-0.0004570144557733465 0.00019291803628888868
Iteration counts: [0, 1, 3]

--- Iteration 4 ---
Qprime size   : 850
max |ΔU|      : 6.075e-04
max |ΔU| norm  : 2.676e-02
max |Δn|      : 2.207e-03
max |Δn| norm  : 1.647e-02
max |ΔILDOS|  : 1.534e+03
last Poisson  : 13.615 s
last Quantum  : 0.878 s
-0.00015886806752414532 6.964991132269803e-05
Iteration counts: [0, 1, 4]

--- Iteration 5 ---
Qprime size   : 850
max |ΔU|      : 2.444e-04
max |ΔU| norm  : 9.516e-03
max |Δn|      : 2.388e-03
max |Δn| norm  : 1.019e-02
max |ΔILDOS|  : 3.277e+02
last Poisson  : 13.760 s
last Quantum  : 0.910 s
-9.563751005174322e-05 4.221436376637633e-05
Iteration counts: [0, 1, 5]

--- Iteration 6 ---
Qprime size   : 850
max |ΔU|      : 1.388e-04
max |ΔU| norm  : 5.765e-03
max |Δn|      : 9.958e-04
max |Δn| norm  : 4.934e-03
max |ΔILDOS|  : 2.313e+02
last Poisson  : 13.785 s
last Quantum  : 0.845 s
-5.707660427655723e-05 2.541210499309087e-05
Iteration counts: [0, 1, 6]

--- Iteration 7 ---
Qprime size   : 850
max |ΔU|      : 8.597e-05
max |ΔU| norm  : 3.489e-03
max |Δn|      : 5.641e-04
max |Δn| norm  : 3.164e-03
max |ΔILDOS|  : 1.515e+02
last Poisson  : 13.794 s
last Quantum  : 0.795 s
-3.665332610260654e-05 1.6164356841918085e-05
Iteration counts: [0, 1, 7]

--- Iteration 8 ---
Qprime size   : 850
max |ΔU|      : 8.641e-05
max |ΔU| norm  : 2.276e-03
max |Δn|      : 1.657e-03
max |Δn| norm  : 3.645e-03
max |ΔILDOS|  : 1.010e+02
last Poisson  : 13.774 s
last Quantum  : 0.838 s
-2.0346764766995125e-05 9.213619443738177e-06
Iteration counts: [0, 1, 8]

--- Iteration 9 ---
Qprime size   : 850
max |ΔU|      : 3.246e-05
max |ΔU| norm  : 1.278e-03
max |Δn|      : 1.005e-03
max |Δn| norm  : 2.654e-03
max |ΔILDOS|  : 5.862e+01
last Poisson  : 13.761 s
last Quantum  : 0.840 s
-1.290772174892387e-05 5.7582653498609615e-06
Iteration counts: [0, 1, 9]

--- Iteration 10 ---
Qprime size   : 850
max |ΔU|      : 4.237e-05
max |ΔU| norm  : 8.347e-04
max |Δn|      : 7.225e-04
max |Δn| norm  : 1.807e-03
max |ΔILDOS|  : 4.117e+01
last Poisson  : 13.803 s
last Quantum  : 0.831 s
-8.040522632259362e-06 3.6253326594678487e-06
Iteration counts: [0, 1, 10]

--- Iteration 11 ---
Qprime size   : 850
max |ΔU|      : 6.160e-05
max |ΔU| norm  : 5.231e-04
max |Δn|      : 1.647e-03
max |Δn| norm  : 2.948e-03
max |ΔILDOS|  : 3.424e+01
last Poisson  : 13.794 s
last Quantum  : 0.788 s
-5.543280614615437e-06 2.3850002647893e-06
Iteration counts: [0, 1, 11]

--- Iteration 12 ---
Qprime size   : 850
max |ΔU|      : 4.923e-05
max |ΔU| norm  : 3.900e-04
max |Δn|      : 1.354e-03
max |Δn| norm  : 2.897e-03
max |ΔILDOS|  : 2.134e+01
last Poisson  : 13.769 s
last Quantum  : 0.820 s
-1.6928802996823464e-06 9.033811554276558e-07
Iteration counts: [0, 1, 12]

--- Iteration 13 ---
Qprime size   : 850
max |ΔU|      : 3.033e-05
max |ΔU| norm  : 1.712e-04
max |Δn|      : 8.763e-04
max |Δn| norm  : 2.003e-03
max |ΔILDOS|  : 1.277e+01
last Poisson  : 13.732 s
last Quantum  : 0.843 s
-2.5025896163310522e-06 1.0413766701684918e-06
Iteration counts: [0, 1, 13]

--- Iteration 14 ---
Qprime size   : 850
max |ΔU|      : 5.154e-05
max |ΔU| norm  : 1.984e-04
max |Δn|      : 1.615e-03
max |Δn| norm  : 2.715e-03
max |ΔILDOS|  : 2.737e+01
last Poisson  : 13.725 s
last Quantum  : 0.827 s
-1.1207892711070786e-06 5.112478175555883e-07
Iteration counts: [0, 1, 14]

--- Iteration 15 ---
Qprime size   : 850
max |ΔU|      : 4.362e-05
max |ΔU| norm  : 1.211e-04
max |Δn|      : 1.513e-03
max |Δn| norm  : 2.998e-03
max |ΔILDOS|  : 2.156e+01
last Poisson  : 13.693 s
last Quantum  : 0.793 s
-2.74437770213361e-07 1.396257079578268e-07
Iteration counts: [0, 1, 15]

--- Iteration 16 ---
Qprime size   : 850
max |ΔU|      : 2.968e-05
max |ΔU| norm  : 1.127e-04
max |Δn|      : 9.327e-04
max |Δn| norm  : 2.179e-03
max |ΔILDOS|  : 1.474e+01
last Poisson  : 13.780 s
last Quantum  : 0.822 s
-3.572733471516195e-07 1.9125177883444338e-07
Iteration counts: [0, 1, 16]

--- Iteration 17 ---
Qprime size   : 850
max |ΔU|      : 4.744e-05
max |ΔU| norm  : 1.229e-04
max |Δn|      : 1.576e-03
max |Δn| norm  : 2.930e-03
max |ΔILDOS|  : 2.548e+01
last Poisson  : 13.753 s
last Quantum  : 0.856 s
-9.472128632644976e-07 3.287705946045821e-07
Iteration counts: [0, 1, 17]

--- Iteration 18 ---
Qprime size   : 850
max |ΔU|      : 4.290e-05
max |ΔU| norm  : 1.421e-04
max |Δn|      : 1.279e-03
max |Δn| norm  : 2.841e-03
max |ΔILDOS|  : 2.060e+01
last Poisson  : 13.752 s
last Quantum  : 0.852 s
9.330066957988786e-07 -2.9656250302427097e-07
Iteration counts: [0, 1, 18]

--- Iteration 19 ---
Qprime size   : 850
max |ΔU|      : 3.363e-05
max |ΔU| norm  : 1.370e-04
max |Δn|      : 8.497e-04
max |Δn| norm  : 2.078e-03
max |ΔILDOS|  : 1.470e+01
last Poisson  : 13.776 s
last Quantum  : 0.812 s
-7.651980095892112e-07 2.7311444929603487e-07
Iteration counts: [0, 1, 19]

--- Iteration 20 ---
Qprime size   : 850
max |ΔU|      : 5.045e-05
max |ΔU| norm  : 1.204e-04
max |Δn|      : 1.626e-03
max |Δn| norm  : 2.807e-03
max |ΔILDOS|  : 2.590e+01
last Poisson  : 13.763 s
last Quantum  : 0.826 s
-2.5633451592728655e-07 1.0006394971375813e-07
Iteration counts: [0, 1, 20]

--- Iteration 21 ---
Qprime size   : 850
max |ΔU|      : 4.341e-05
max |ΔU| norm  : 9.665e-05
max |Δn|      : 1.535e-03
max |Δn| norm  : 3.105e-03
max |ΔILDOS|  : 2.165e+01
last Poisson  : 13.788 s
last Quantum  : 0.887 s
4.6510890018772965e-07 -1.7185576804964837e-07
Iteration counts: [0, 1, 21]

--- Iteration 22 ---
Qprime size   : 850
max |ΔU|      : 2.902e-05
max |ΔU| norm  : 1.041e-04
max |Δn|      : 1.014e-03
max |Δn| norm  : 2.294e-03
max |ΔILDOS|  : 1.388e+01
last Poisson  : 13.695 s
last Quantum  : 0.792 s
-3.2771753193564295e-08 3.691496746429926e-08
Iteration counts: [0, 1, 22]

--- Iteration 23 ---
Qprime size   : 850
max |ΔU|      : 4.664e-05
max |ΔU| norm  : 1.157e-04
max |Δn|      : 1.576e-03
max |Δn| norm  : 2.921e-03
max |ΔILDOS|  : 2.495e+01
last Poisson  : 13.700 s
last Quantum  : 0.772 s
-6.098987984819375e-07 1.9366505761933189e-07
Iteration counts: [0, 1, 23]

--- Iteration 24 ---
Qprime size   : 850
max |ΔU|      : 4.120e-05
max |ΔU| norm  : 1.212e-04
max |Δn|      : 1.257e-03
max |Δn| norm  : 2.822e-03
max |ΔILDOS|  : 2.061e+01
last Poisson  : 13.742 s
last Quantum  : 0.855 s
9.484259121253212e-07 -3.2296237147069044e-07
Iteration counts: [0, 1, 24]

--- Iteration 25 ---
Qprime size   : 850
max |ΔU|      : 3.289e-05
max |ΔU| norm  : 1.299e-04
max |Δn|      : 8.397e-04
max |Δn| norm  : 2.120e-03
max |ΔILDOS|  : 1.328e+01
last Poisson  : 13.727 s
last Quantum  : 0.800 s
-6.182546025836648e-07 2.1718063586889957e-07
Iteration counts: [0, 1, 25]

--- Iteration 26 ---
Qprime size   : 850
max |ΔU|      : 5.027e-05
max |ΔU| norm  : 1.159e-04
max |Δn|      : 1.621e-03
max |Δn| norm  : 2.891e-03
max |ΔILDOS|  : 2.571e+01
last Poisson  : 13.731 s
last Quantum  : 0.848 s
-4.078081363693045e-07 1.3745783645213486e-07
Iteration counts: [0, 1, 26]

--- Iteration 27 ---
Qprime size   : 850
max |ΔU|      : 4.442e-05
max |ΔU| norm  : 1.025e-04
max |Δn|      : 1.551e-03
max |Δn| norm  : 3.332e-03
max |ΔILDOS|  : 2.255e+01
last Poisson  : 13.711 s
last Quantum  : 0.855 s
6.195153720431478e-07 -2.2247099648581275e-07
Iteration counts: [0, 1, 27]

--- Iteration 28 ---
Qprime size   : 850
max |ΔU|      : 2.929e-05
max |ΔU| norm  : 1.057e-04
max |Δn|      : 1.066e-03
max |Δn| norm  : 2.481e-03
max |ΔILDOS|  : 1.611e+01
last Poisson  : 13.743 s
last Quantum  : 0.793 s
8.07910599966574e-08 -1.3932543315359823e-09
Iteration counts: [0, 1, 28]

--- Iteration 29 ---
Qprime size   : 850
max |ΔU|      : 4.663e-05
max |ΔU| norm  : 1.202e-04
max |Δn|      : 1.579e-03
max |Δn| norm  : 2.888e-03
max |ΔILDOS|  : 2.493e+01
last Poisson  : 13.734 s
last Quantum  : 0.840 s
-7.646267158781202e-07 2.3844615611604065e-07
Iteration counts: [0, 1, 29]

--- Iteration 30 ---
Qprime size   : 850
max |ΔU|      : 4.225e-05
max |ΔU| norm  : 1.384e-04
max |Δn|      : 1.260e-03
max |Δn| norm  : 2.798e-03
max |ΔILDOS|  : 2.050e+01
last Poisson  : 13.782 s
last Quantum  : 0.811 s
1.154068547713054e-06 -3.863118108871909e-07
FSC converged / stopped.
✔ Logged phi=0.1022, Vbg=1.6667

=== Running phi=0.1022, Vbg=1.8333 ===
🔄 Full Hamiltonian rebuild (qparams change)
The poisson problem has been initialized.
Iteration counts: [0, 0, 0]

--- Iteration 0 ---
Qprime size   : 819
max |ΔU|      : 5.818e-14
max |ΔU| norm  : 2.214e-12
max |Δn|      : 2.011e-13
max |Δn| norm  : 1.237e-12
-0.00028978734951389635 6.41210937581295e-05
Iteration counts: [0, 0, 1]

--- Iteration 1 ---
Qprime size   : 819
max |ΔU|      : 6.635e-04
max |ΔU| norm  : 2.248e-02
max |Δn|      : 4.989e-03
max |Δn| norm  : 3.116e-02
max |ΔILDOS|  : 2.074e+03
last Poisson  : 15.408 s
last Quantum  : 0.661 s
-0.0008012969093963043 0.0003181915615939834
Iteration counts: [0, 1, 1]

--- Iteration 2 ---
Qprime size   : 819
max |ΔU|      : 1.144e-03
max |ΔU| norm  : 4.693e-02
max |Δn|      : 5.586e-03
max |Δn| norm  : 3.461e-02
max |ΔILDOS|  : 2.074e+03
last Poisson  : 14.086 s
last Quantum  : 0.661 s
-0.0006406832239702187 0.00025490879818314337
Iteration counts: [0, 2, 1]

--- Iteration 3 ---
Qprime size   : 819
max |ΔU|      : 9.146e-04
max |ΔU| norm  : 3.756e-02
max |Δn|      : 4.370e-03
max |Δn| norm  : 2.719e-02
max |ΔILDOS|  : 2.074e+03
last Poisson  : 13.447 s
last Quantum  : 0.661 s
-0.00051225437019528 0.00020419306640634752
Iteration counts: [0, 2, 2]

--- Iteration 4 ---
Qprime size   : 819
max |ΔU|      : 7.313e-04
max |ΔU| norm  : 3.006e-02
max |Δn|      : 3.421e-03
max |Δn| norm  : 2.137e-02
max |ΔILDOS|  : 7.057e+02
last Poisson  : 14.276 s
last Quantum  : 0.688 s
8.302694155859054e-06 4.6790930131801446e-08
Iteration counts: [0, 2, 3]

--- Iteration 5 ---
Qprime size   : 819
max |ΔU|      : 2.452e-04
max |ΔU| norm  : 1.640e-03
max |Δn|      : 3.979e-03
max |Δn| norm  : 1.591e-02
max |ΔILDOS|  : 1.696e+02
last Poisson  : 15.268 s
last Quantum  : 0.725 s
-2.9881894698282164e-06 3.1097897168183e-06
Iteration counts: [0, 2, 4]

--- Iteration 6 ---
Qprime size   : 819
max |ΔU|      : 1.433e-04
max |ΔU| norm  : 1.148e-03
max |Δn|      : 2.021e-03
max |Δn| norm  : 7.368e-03
max |ΔILDOS|  : 1.124e+02
last Poisson  : 15.260 s
last Quantum  : 0.506 s
-2.800596116601803e-06 2.1952087790677575e-06
Iteration counts: [0, 2, 5]

--- Iteration 7 ---
Qprime size   : 819
max |ΔU|      : 8.502e-05
max |ΔU| norm  : 6.231e-04
max |Δn|      : 1.656e-03
max |Δn| norm  : 4.877e-03
max |ΔILDOS|  : 6.955e+01
last Poisson  : 15.362 s
last Quantum  : 0.498 s
-4.305864330932065e-06 2.4561442179840383e-06
Iteration counts: [0, 2, 6]

--- Iteration 8 ---
Qprime size   : 819
max |ΔU|      : 5.643e-05
max |ΔU| norm  : 5.411e-04
max |Δn|      : 1.626e-03
max |Δn| norm  : 3.768e-03
max |ΔILDOS|  : 4.244e+01
last Poisson  : 15.229 s
last Quantum  : 0.499 s
-2.431570327686063e-06 1.4488053183156591e-06
Iteration counts: [0, 2, 7]

--- Iteration 9 ---
Qprime size   : 819
max |ΔU|      : 5.090e-05
max |ΔU| norm  : 2.855e-04
max |Δn|      : 1.574e-03
max |Δn| norm  : 3.119e-03
max |ΔILDOS|  : 2.592e+01
last Poisson  : 13.984 s
last Quantum  : 0.536 s
-2.4434697816081933e-06 1.311438231879098e-06
Iteration counts: [0, 2, 8]

--- Iteration 10 ---
Qprime size   : 819
max |ΔU|      : 5.380e-05
max |ΔU| norm  : 3.025e-04
max |Δn|      : 1.586e-03
max |Δn| norm  : 3.094e-03
max |ΔILDOS|  : 1.666e+01
last Poisson  : 14.788 s
last Quantum  : 0.580 s
-5.401533828666604e-07 4.322482407081509e-07
Iteration counts: [0, 2, 9]

--- Iteration 11 ---
Qprime size   : 819
max |ΔU|      : 5.237e-05
max |ΔU| norm  : 1.780e-04
max |Δn|      : 1.578e-03
max |Δn| norm  : 3.225e-03
max |ΔILDOS|  : 1.271e+01
last Poisson  : 14.881 s
last Quantum  : 0.583 s
-1.321430557037325e-06 6.946803956880263e-07
Iteration counts: [0, 2, 10]

--- Iteration 12 ---
Qprime size   : 819
max |ΔU|      : 5.300e-05
max |ΔU| norm  : 2.200e-04
max |Δn|      : 1.583e-03
max |Δn| norm  : 3.237e-03
max |ΔILDOS|  : 1.227e+01
last Poisson  : 14.913 s
last Quantum  : 0.499 s
-1.2769438238348195e-07 1.33849898610949e-07
Iteration counts: [0, 2, 11]

--- Iteration 13 ---
Qprime size   : 819
max |ΔU|      : 5.260e-05
max |ΔU| norm  : 1.796e-04
max |Δn|      : 1.576e-03
max |Δn| norm  : 3.116e-03
max |ΔILDOS|  : 1.526e+01
last Poisson  : 14.798 s
last Quantum  : 0.613 s
-9.495645042196501e-07 4.6162407626289075e-07
Iteration counts: [0, 2, 12]

--- Iteration 14 ---
Qprime size   : 819
max |ΔU|      : 5.278e-05
max |ΔU| norm  : 1.977e-04
max |Δn|      : 1.580e-03
max |Δn| norm  : 3.098e-03
max |ΔILDOS|  : 1.228e+01
last Poisson  : 14.732 s
last Quantum  : 0.617 s
3.8443443393426034e-07 -1.0986457919957395e-07
Iteration counts: [0, 2, 13]

--- Iteration 15 ---
Qprime size   : 819
max |ΔU|      : 5.262e-05
max |ΔU| norm  : 1.787e-04
max |Δn|      : 1.575e-03
max |Δn| norm  : 3.214e-03
max |ΔILDOS|  : 1.234e+01
last Poisson  : 14.727 s
last Quantum  : 0.619 s
-6.221379040622743e-07 2.981826647941012e-07
Iteration counts: [0, 2, 14]

--- Iteration 16 ---
Qprime size   : 819
max |ΔU|      : 5.268e-05
max |ΔU| norm  : 1.892e-04
max |Δn|      : 1.578e-03
max |Δn| norm  : 3.238e-03
max |ΔILDOS|  : 1.228e+01
last Poisson  : 14.701 s
last Quantum  : 0.628 s
3.465114827234495e-07 -1.3660510174126677e-07
Iteration counts: [0, 2, 15]

--- Iteration 17 ---
Qprime size   : 819
max |ΔU|      : 5.265e-05
max |ΔU| norm  : 1.854e-04
max |Δn|      : 1.576e-03
max |Δn| norm  : 3.168e-03
max |ΔILDOS|  : 1.450e+01
last Poisson  : 14.804 s
last Quantum  : 0.454 s
-6.536686398306695e-07 2.841246610169877e-07
Iteration counts: [0, 2, 16]

--- Iteration 18 ---
Qprime size   : 819
max |ΔU|      : 5.267e-05
max |ΔU| norm  : 1.870e-04
max |Δn|      : 1.577e-03
max |Δn| norm  : 3.145e-03
max |ΔILDOS|  : 1.229e+01
last Poisson  : 13.981 s
last Quantum  : 0.448 s
5.362119371454474e-07 -2.13550815973915e-07
Iteration counts: [0, 2, 17]

--- Iteration 19 ---
Qprime size   : 819
max |ΔU|      : 5.265e-05
max |ΔU| norm  : 1.827e-04
max |Δn|      : 1.576e-03
max |Δn| norm  : 3.252e-03
max |ΔILDOS|  : 1.230e+01
last Poisson  : 14.263 s
last Quantum  : 0.441 s
-4.5736804540549614e-07 2.0761602945804402e-07
Iteration counts: [0, 2, 18]

--- Iteration 20 ---
Qprime size   : 819
max |ΔU|      : 5.265e-05
max |ΔU| norm  : 1.853e-04
max |Δn|      : 1.577e-03
max |Δn| norm  : 3.259e-03
max |ΔILDOS|  : 1.229e+01
last Poisson  : 14.196 s
last Quantum  : 0.452 s
3.854214147804407e-07 -1.725624662666957e-07
Iteration counts: [0, 2, 19]

--- Iteration 21 ---
Qprime size   : 819
max |ΔU|      : 5.265e-05
max |ΔU| norm  : 1.879e-04
max |Δn|      : 1.576e-03
max |Δn| norm  : 3.201e-03
max |ΔILDOS|  : 1.518e+01
last Poisson  : 14.269 s
last Quantum  : 0.448 s
-5.508163325976077e-07 2.3454550839649295e-07
Iteration counts: [0, 2, 20]

--- Iteration 22 ---
Qprime size   : 819
max |ΔU|      : 5.265e-05
max |ΔU| norm  : 1.856e-04
max |Δn|      : 1.576e-03
max |Δn| norm  : 3.171e-03
max |ΔILDOS|  : 1.230e+01
last Poisson  : 14.187 s
last Quantum  : 0.458 s
5.289089694710492e-07 -2.206773260290834e-07
Iteration counts: [0, 2, 21]

--- Iteration 23 ---
Qprime size   : 819
max |ΔU|      : 5.265e-05
max |ΔU| norm  : 1.833e-04
max |Δn|      : 1.576e-03
max |Δn| norm  : 3.264e-03
max |ΔILDOS|  : 1.230e+01
last Poisson  : 14.379 s
last Quantum  : 0.567 s
-4.0922744069509154e-07 1.8507721887432033e-07
Iteration counts: [0, 2, 22]

--- Iteration 24 ---
Qprime size   : 819
max |ΔU|      : 5.264e-05
max |ΔU| norm  : 1.848e-04
max |Δn|      : 1.576e-03
max |Δn| norm  : 3.278e-03
max |ΔILDOS|  : 1.230e+01
last Poisson  : 14.561 s
last Quantum  : 0.559 s
4.040250376199669e-07 -1.8255510855060017e-07
Iteration counts: [0, 2, 23]

--- Iteration 25 ---
Qprime size   : 819
max |ΔU|      : 5.265e-05
max |ΔU| norm  : 1.878e-04
max |Δn|      : 1.576e-03
max |Δn| norm  : 3.226e-03
max |ΔILDOS|  : 1.471e+01
last Poisson  : 14.935 s
last Quantum  : 0.495 s
-5.37759703146384e-07 2.2742115516422673e-07
Iteration counts: [0, 2, 24]

--- Iteration 26 ---
Qprime size   : 819
max |ΔU|      : 5.265e-05
max |ΔU| norm  : 1.851e-04
max |Δn|      : 1.576e-03
max |Δn| norm  : 3.194e-03
max |ΔILDOS|  : 1.230e+01
last Poisson  : 14.259 s
last Quantum  : 0.490 s
5.318167173707925e-07 -2.2325307561159201e-07
Iteration counts: [0, 2, 25]

--- Iteration 27 ---
Qprime size   : 819
max |ΔU|      : 5.264e-05
max |ΔU| norm  : 1.834e-04
max |Δn|      : 1.576e-03
max |Δn| norm  : 3.284e-03
max |ΔILDOS|  : 1.230e+01
last Poisson  : 14.100 s
last Quantum  : 0.481 s
-4.008049766813489e-07 1.8121706447987817e-07
Iteration counts: [0, 2, 26]

--- Iteration 28 ---
Qprime size   : 819
max |ΔU|      : 5.264e-05
max |ΔU| norm  : 1.847e-04
max |Δn|      : 1.576e-03
max |Δn| norm  : 3.284e-03
max |ΔILDOS|  : 1.230e+01
last Poisson  : 14.125 s
last Quantum  : 0.627 s
3.92402782086854e-07 -1.794644923939675e-07
Iteration counts: [0, 2, 27]

--- Iteration 29 ---
Qprime size   : 819
max |ΔU|      : 5.265e-05
max |ΔU| norm  : 1.883e-04
max |Δn|      : 1.576e-03
max |Δn| norm  : 3.228e-03
max |ΔILDOS|  : 1.515e+01
last Poisson  : 14.114 s
last Quantum  : 0.598 s
-5.232565668325879e-07 2.2221198339445977e-07
Iteration counts: [0, 2, 28]

--- Iteration 30 ---
Qprime size   : 819
max |ΔU|      : 5.265e-05
max |ΔU| norm  : 1.852e-04
max |Δn|      : 1.576e-03
max |Δn| norm  : 3.191e-03
max |ΔILDOS|  : 1.231e+01
last Poisson  : 14.172 s
last Quantum  : 0.453 s
5.238360002787351e-07 -2.2092128306291238e-07
FSC converged / stopped.
✔ Logged phi=0.1022, Vbg=1.8333

=== Running phi=0.1022, Vbg=2.0000 ===
🔄 Full Hamiltonian rebuild (qparams change)
The poisson problem has been initialized.
Iteration counts: [0, 0, 0]

--- Iteration 0 ---
Qprime size   : 776
max |ΔU|      : 5.662e-14
max |ΔU| norm  : 1.046e-12
max |Δn|      : 2.020e-13
max |Δn| norm  : 1.373e-12
-0.0002093938451951811 2.674056714437031e-05
Iteration counts: [0, 0, 1]

--- Iteration 1 ---
Qprime size   : 776
max |ΔU|      : 7.208e-04
max |ΔU| norm  : 1.865e-02
max |Δn|      : 6.150e-03
max |Δn| norm  : 3.018e-02
max |ΔILDOS|  : 4.447e+02
last Poisson  : 12.109 s
last Quantum  : 0.849 s
-0.0006492748605919819 0.00025083313710086387
Iteration counts: [0, 1, 1]

--- Iteration 2 ---
Qprime size   : 776
max |ΔU|      : 1.065e-03
max |ΔU| norm  : 3.807e-02
max |Δn|      : 5.478e-03
max |Δn| norm  : 3.220e-02
max |ΔILDOS|  : 4.447e+02
last Poisson  : 12.164 s
last Quantum  : 0.849 s
-0.0005185747781368948 0.00020086150093591638
Iteration counts: [0, 2, 1]

--- Iteration 3 ---
Qprime size   : 776
max |ΔU|      : 8.496e-04
max |ΔU| norm  : 3.043e-02
max |Δn|      : 4.253e-03
max |Δn| norm  : 2.505e-02
max |ΔILDOS|  : 4.447e+02
last Poisson  : 12.160 s
last Quantum  : 0.849 s
-0.0004148471701035979 0.00016105096540303075
Iteration counts: [0, 2, 2]

--- Iteration 4 ---
Qprime size   : 776
max |ΔU|      : 6.784e-04
max |ΔU| norm  : 2.436e-02
max |Δn|      : 3.299e-03
max |Δn| norm  : 1.957e-02
max |ΔILDOS|  : 6.923e+02
last Poisson  : 12.152 s
last Quantum  : 0.680 s
-4.209952210735713e-06 2.955030645247771e-06
Iteration counts: [0, 2, 3]

--- Iteration 5 ---
Qprime size   : 776
max |ΔU|      : 1.150e-04
max |ΔU| norm  : 1.204e-03
max |Δn|      : 2.916e-03
max |Δn| norm  : 1.504e-02
max |ΔILDOS|  : 1.394e+02
last Poisson  : 12.187 s
last Quantum  : 0.638 s
-5.306822176114795e-06 2.926066363550834e-06
Iteration counts: [0, 2, 4]

--- Iteration 6 ---
Qprime size   : 776
max |ΔU|      : 5.331e-05
max |ΔU| norm  : 6.874e-04
max |Δn|      : 1.256e-03
max |Δn| norm  : 7.047e-03
max |ΔILDOS|  : 6.390e+01
last Poisson  : 12.204 s
last Quantum  : 0.528 s
-4.590907063491146e-06 2.3267686575898013e-06
Iteration counts: [0, 2, 5]

--- Iteration 7 ---
Qprime size   : 776
max |ΔU|      : 4.141e-05
max |ΔU| norm  : 4.474e-04
max |Δn|      : 8.593e-04
max |Δn| norm  : 4.027e-03
max |ΔILDOS|  : 3.205e+01
last Poisson  : 12.158 s
last Quantum  : 0.609 s
-3.2035070963869037e-06 1.5539412632910767e-06
Iteration counts: [0, 2, 6]

--- Iteration 8 ---
Qprime size   : 776
max |ΔU|      : 2.855e-05
max |ΔU| norm  : 2.758e-04
max |Δn|      : 1.148e-03
max |Δn| norm  : 3.057e-03
max |ΔILDOS|  : 1.638e+01
last Poisson  : 12.150 s
last Quantum  : 0.632 s
-1.9040491024212423e-06 9.342478373026932e-07
Iteration counts: [0, 2, 7]

--- Iteration 9 ---
Qprime size   : 776
max |ΔU|      : 2.172e-05
max |ΔU| norm  : 1.698e-04
max |Δn|      : 1.202e-03
max |Δn| norm  : 2.887e-03
max |ΔILDOS|  : 1.080e+01
last Poisson  : 12.156 s
last Quantum  : 0.606 s
-1.296861185748959e-06 6.024920368362843e-07
Iteration counts: [0, 2, 8]

--- Iteration 10 ---
Qprime size   : 776
max |ΔU|      : 2.059e-05
max |ΔU| norm  : 1.134e-04
max |Δn|      : 1.191e-03
max |Δn| norm  : 2.736e-03
max |ΔILDOS|  : 1.104e+01
last Poisson  : 12.151 s
last Quantum  : 0.610 s
-9.05603855284491e-07 4.0555570121302064e-07
Iteration counts: [0, 2, 9]

--- Iteration 11 ---
Qprime size   : 776
max |ΔU|      : 2.364e-05
max |ΔU| norm  : 9.261e-05
max |Δn|      : 1.044e-03
max |Δn| norm  : 2.473e-03
max |ΔILDOS|  : 1.354e+01
last Poisson  : 12.141 s
last Quantum  : 0.582 s
-3.5129231742207943e-07 1.83109318054014e-07
Iteration counts: [0, 2, 10]

--- Iteration 12 ---
Qprime size   : 776
max |ΔU|      : 2.235e-05
max |ΔU| norm  : 6.606e-05
max |Δn|      : 1.078e-03
max |Δn| norm  : 2.480e-03
max |ΔILDOS|  : 1.137e+01
last Poisson  : 12.121 s
last Quantum  : 0.595 s
-2.6936764983021466e-07 1.3094568775838567e-07
Iteration counts: [0, 2, 11]

--- Iteration 13 ---
Qprime size   : 776
max |ΔU|      : 2.113e-05
max |ΔU| norm  : 6.317e-05
max |Δn|      : 1.242e-03
max |Δn| norm  : 2.916e-03
max |ΔILDOS|  : 1.011e+01
last Poisson  : 12.147 s
last Quantum  : 0.615 s
-1.7877438863362984e-07 8.550620326938449e-08
Iteration counts: [0, 2, 12]

--- Iteration 14 ---
Qprime size   : 776
max |ΔU|      : 1.932e-05
max |ΔU| norm  : 6.037e-05
max |Δn|      : 1.203e-03
max |Δn| norm  : 2.823e-03
max |ΔILDOS|  : 1.026e+01
last Poisson  : 12.139 s
last Quantum  : 0.609 s
-3.8983735862138025e-07 1.435861506636448e-07
Iteration counts: [0, 2, 13]

--- Iteration 15 ---
Qprime size   : 776
max |ΔU|      : 2.416e-05
max |ΔU| norm  : 7.312e-05
max |Δn|      : 1.090e-03
max |Δn| norm  : 2.547e-03
max |ΔILDOS|  : 1.446e+01
last Poisson  : 12.140 s
last Quantum  : 0.540 s
1.1355148483151238e-07 -2.8002852221784928e-08
Iteration counts: [0, 2, 14]

--- Iteration 16 ---
Qprime size   : 776
max |ΔU|      : 2.258e-05
max |ΔU| norm  : 6.152e-05
max |Δn|      : 1.075e-03
max |Δn| norm  : 2.584e-03
max |ΔILDOS|  : 1.057e+01
last Poisson  : 12.116 s
last Quantum  : 0.519 s
1.814105562558339e-08 -8.544505872675618e-10
Iteration counts: [0, 2, 15]

--- Iteration 17 ---
Qprime size   : 776
max |ΔU|      : 2.060e-05
max |ΔU| norm  : 6.138e-05
max |Δn|      : 1.245e-03
max |Δn| norm  : 2.963e-03
max |ΔILDOS|  : 1.009e+01
last Poisson  : 12.156 s
last Quantum  : 0.519 s
3.436413737784386e-08 -6.565728142846154e-09
Iteration counts: [0, 2, 16]

--- Iteration 18 ---
Qprime size   : 776
max |ΔU|      : 1.966e-05
max |ΔU| norm  : 6.106e-05
max |Δn|      : 1.197e-03
max |Δn| norm  : 2.840e-03
max |ΔILDOS|  : 1.025e+01
last Poisson  : 12.153 s
last Quantum  : 0.522 s
-3.4419661499581807e-07 1.1509322880976616e-07
Iteration counts: [0, 2, 17]

--- Iteration 19 ---
Qprime size   : 776
max |ΔU|      : 2.426e-05
max |ΔU| norm  : 7.376e-05
max |Δn|      : 1.090e-03
max |Δn| norm  : 2.542e-03
max |ΔILDOS|  : 1.479e+01
last Poisson  : 12.180 s
last Quantum  : 0.577 s
1.864618670443375e-07 -6.028565911219026e-08
Iteration counts: [0, 2, 18]

--- Iteration 20 ---
Qprime size   : 776
max |ΔU|      : 2.234e-05
max |ΔU| norm  : 6.204e-05
max |Δn|      : 1.074e-03
max |Δn| norm  : 2.579e-03
max |ΔILDOS|  : 1.025e+01
last Poisson  : 12.141 s
last Quantum  : 0.501 s
7.774174674221518e-08 -2.622930775804863e-08
Iteration counts: [0, 2, 19]

--- Iteration 21 ---
Qprime size   : 776
max |ΔU|      : 2.003e-05
max |ΔU| norm  : 6.180e-05
max |Δn|      : 1.245e-03
max |Δn| norm  : 2.978e-03
max |ΔILDOS|  : 1.017e+01
last Poisson  : 12.195 s
last Quantum  : 0.497 s
6.130056214219972e-08 -1.841760082677171e-08
Iteration counts: [0, 2, 20]

--- Iteration 22 ---
Qprime size   : 776
max |ΔU|      : 1.981e-05
max |ΔU| norm  : 6.106e-05
max |Δn|      : 1.197e-03
max |Δn| norm  : 2.835e-03
max |ΔILDOS|  : 1.027e+01
last Poisson  : 12.125 s
last Quantum  : 0.577 s
-3.439298718086304e-07 1.1339001775343239e-07
Iteration counts: [0, 2, 21]

--- Iteration 23 ---
Qprime size   : 776
max |ΔU|      : 2.428e-05
max |ΔU| norm  : 7.364e-05
max |Δn|      : 1.091e-03
max |Δn| norm  : 2.525e-03
max |ΔILDOS|  : 1.490e+01
last Poisson  : 12.177 s
last Quantum  : 0.582 s
1.5720947627023037e-07 -5.1524228962901183e-08
Iteration counts: [0, 2, 22]

--- Iteration 24 ---
Qprime size   : 776
max |ΔU|      : 2.123e-05
max |ΔU| norm  : 6.055e-05
max |Δn|      : 1.075e-03
max |Δn| norm  : 2.584e-03
max |ΔILDOS|  : 1.010e+01
last Poisson  : 12.163 s
last Quantum  : 0.500 s
1.1630213621435138e-07 -3.987062947455728e-08
Iteration counts: [0, 2, 23]

--- Iteration 25 ---
Qprime size   : 776
max |ΔU|      : 2.002e-05
max |ΔU| norm  : 6.207e-05
max |Δn|      : 1.245e-03
max |Δn| norm  : 2.991e-03
max |ΔILDOS|  : 9.977e+00
last Poisson  : 12.182 s
last Quantum  : 0.503 s
8.274792485829005e-08 -2.602213128329576e-08
Iteration counts: [0, 2, 24]

--- Iteration 26 ---
Qprime size   : 776
max |ΔU|      : 2.045e-05
max |ΔU| norm  : 6.076e-05
max |Δn|      : 1.197e-03
max |Δn| norm  : 2.819e-03
max |ΔILDOS|  : 1.028e+01
last Poisson  : 12.140 s
last Quantum  : 0.508 s
-3.4635226639801717e-07 1.1409741815093455e-07
Iteration counts: [0, 2, 25]

--- Iteration 27 ---
Qprime size   : 776
max |ΔU|      : 2.430e-05
max |ΔU| norm  : 7.353e-05
max |Δn|      : 1.091e-03
max |Δn| norm  : 2.510e-03
max |ΔILDOS|  : 1.496e+01
last Poisson  : 12.165 s
last Quantum  : 0.493 s
1.0873298864067491e-07 -3.519916323285398e-08
Iteration counts: [0, 2, 26]

--- Iteration 28 ---
Qprime size   : 776
max |ΔU|      : 1.972e-05
max |ΔU| norm  : 6.026e-05
max |Δn|      : 1.075e-03
max |Δn| norm  : 2.616e-03
max |ΔILDOS|  : 1.009e+01
last Poisson  : 12.153 s
last Quantum  : 0.626 s
1.3287281960391097e-07 -4.534518961024127e-08
Iteration counts: [0, 2, 27]

--- Iteration 29 ---
Qprime size   : 776
max |ΔU|      : 2.002e-05
max |ΔU| norm  : 6.242e-05
max |Δn|      : 1.245e-03
max |Δn| norm  : 3.004e-03
max |ΔILDOS|  : 9.942e+00
last Poisson  : 12.231 s
last Quantum  : 0.516 s
1.3279239398810855e-07 -4.306399728858449e-08
Iteration counts: [0, 2, 28]

--- Iteration 30 ---
Qprime size   : 776
max |ΔU|      : 2.199e-05
max |ΔU| norm  : 6.132e-05
max |Δn|      : 1.197e-03
max |Δn| norm  : 2.790e-03
max |ΔILDOS|  : 1.040e+01
last Poisson  : 12.161 s
last Quantum  : 0.506 s
-3.433850949632431e-07 1.1278879096468435e-07
FSC converged / stopped.
✔ Logged phi=0.1022, Vbg=2.0000

=== Running phi=0.1022, Vbg=2.1667 ===
🔄 Full Hamiltonian rebuild (qparams change)
The poisson problem has been initialized.
Iteration counts: [0, 0, 0]

--- Iteration 0 ---
Qprime size   : 720
max |ΔU|      : 5.995e-14
max |ΔU| norm  : 1.254e-12
max |Δn|      : 1.421e-13
max |Δn| norm  : 1.333e-12
-0.00014210372564606077 -2.930391372334581e-06
Iteration counts: [0, 0, 1]

--- Iteration 1 ---
Qprime size   : 720
max |ΔU|      : 7.274e-04
max |ΔU| norm  : 1.520e-02
max |Δn|      : 7.191e-03
max |Δn| norm  : 3.010e-02
max |ΔILDOS|  : 4.466e+02
last Poisson  : 12.756 s
last Quantum  : 0.657 s
-0.000528240239490497 0.00020324570891797286
Iteration counts: [0, 1, 1]

--- Iteration 2 ---
Qprime size   : 720
max |ΔU|      : 9.359e-04
max |ΔU| norm  : 3.007e-02
max |Δn|      : 5.284e-03
max |Δn| norm  : 2.716e-02
max |ΔILDOS|  : 4.466e+02
last Poisson  : 12.818 s
last Quantum  : 0.657 s
-0.00042202715537790033 0.00016271229298729588
Iteration counts: [0, 1, 2]

--- Iteration 3 ---
Qprime size   : 720
max |ΔU|      : 7.445e-04
max |ΔU| norm  : 2.405e-02
max |Δn|      : 4.004e-03
max |Δn| norm  : 2.119e-02
max |ΔILDOS|  : 4.466e+02
last Poisson  : 12.797 s
last Quantum  : 0.585 s
-0.00014018468655596568 5.408970184629677e-05
Iteration counts: [0, 1, 3]

--- Iteration 4 ---
Qprime size   : 720
max |ΔU|      : 2.371e-04
max |ΔU| norm  : 8.270e-03
max |Δn|      : 2.074e-03
max |Δn| norm  : 1.148e-02
max |ΔILDOS|  : 3.707e+02
last Poisson  : 12.816 s
last Quantum  : 0.607 s
-8.63190102526392e-05 3.372908915001381e-05
Iteration counts: [0, 1, 4]

--- Iteration 5 ---
Qprime size   : 720
max |ΔU|      : 1.447e-04
max |ΔU| norm  : 5.086e-03
max |Δn|      : 9.151e-04
max |Δn| norm  : 5.666e-03
max |ΔILDOS|  : 2.755e+02
last Poisson  : 12.798 s
last Quantum  : 0.618 s
-5.337228784025975e-05 2.1127232303187936e-05
Iteration counts: [0, 1, 5]

--- Iteration 6 ---
Qprime size   : 720
max |ΔU|      : 8.975e-05
max |ΔU| norm  : 3.147e-03
max |Δn|      : 9.952e-04
max |Δn| norm  : 3.566e-03
max |ΔILDOS|  : 1.755e+02
last Poisson  : 12.845 s
last Quantum  : 0.602 s
-3.28719102582733e-05 1.3110257819631289e-05
Iteration counts: [0, 1, 6]

--- Iteration 7 ---
Qprime size   : 720
max |ΔU|      : 5.571e-05
max |ΔU| norm  : 1.932e-03
max |Δn|      : 9.170e-04
max |Δn| norm  : 2.590e-03
max |ΔILDOS|  : 1.124e+02
last Poisson  : 12.799 s
last Quantum  : 0.523 s
-2.0305476136484487e-05 8.103559252191948e-06
Iteration counts: [0, 1, 7]

--- Iteration 8 ---
Qprime size   : 720
max |ΔU|      : 3.737e-05
max |ΔU| norm  : 1.196e-03
max |Δn|      : 8.079e-04
max |Δn| norm  : 1.992e-03
max |ΔILDOS|  : 7.243e+01
last Poisson  : 12.814 s
last Quantum  : 0.611 s
-1.2342277924903313e-05 4.927532693255117e-06
Iteration counts: [0, 1, 8]

--- Iteration 9 ---
Qprime size   : 720
max |ΔU|      : 2.467e-05
max |ΔU| norm  : 7.318e-04
max |Δn|      : 7.763e-04
max |Δn| norm  : 1.786e-03
max |ΔILDOS|  : 4.509e+01
last Poisson  : 12.784 s
last Quantum  : 0.601 s
-7.744120539748853e-06 3.0689407265253265e-06
Iteration counts: [0, 1, 9]

--- Iteration 10 ---
Qprime size   : 720
max |ΔU|      : 2.400e-05
max |ΔU| norm  : 4.578e-04
max |Δn|      : 7.572e-04
max |Δn| norm  : 1.714e-03
max |ΔILDOS|  : 2.903e+01
last Poisson  : 12.797 s
last Quantum  : 0.598 s
-4.604436292177794e-06 1.8355574559095762e-06
Iteration counts: [0, 1, 10]

--- Iteration 11 ---
Qprime size   : 720
max |ΔU|      : 1.626e-05
max |ΔU| norm  : 2.757e-04
max |Δn|      : 7.525e-04
max |Δn| norm  : 1.661e-03
max |ΔILDOS|  : 1.771e+01
last Poisson  : 12.800 s
last Quantum  : 0.543 s
-2.994417528900596e-06 1.1752141382772341e-06
Iteration counts: [0, 1, 11]

--- Iteration 12 ---
Qprime size   : 720
max |ΔU|      : 1.916e-05
max |ΔU| norm  : 1.799e-04
max |Δn|      : 7.328e-04
max |Δn| norm  : 1.566e-03
max |ΔILDOS|  : 1.173e+01
last Poisson  : 12.782 s
last Quantum  : 0.591 s
-1.6883869179943844e-06 6.750509238927692e-07
Iteration counts: [0, 1, 12]

--- Iteration 13 ---
Qprime size   : 720
max |ΔU|      : 1.400e-05
max |ΔU| norm  : 1.080e-04
max |Δn|      : 7.322e-04
max |Δn| norm  : 1.560e-03
max |ΔILDOS|  : 1.335e+01
last Poisson  : 12.813 s
last Quantum  : 0.565 s
-1.27141322492366e-06 4.932502459367589e-07
Iteration counts: [0, 1, 13]

--- Iteration 14 ---
Qprime size   : 720
max |ΔU|      : 1.777e-05
max |ΔU| norm  : 8.204e-05
max |Δn|      : 7.356e-04
max |Δn| norm  : 1.574e-03
max |ΔILDOS|  : 1.141e+01
last Poisson  : 12.786 s
last Quantum  : 0.496 s
-5.954843983989365e-07 2.3963836264925704e-07
Iteration counts: [0, 1, 14]

--- Iteration 15 ---
Qprime size   : 720
max |ΔU|      : 1.543e-05
max |ΔU| norm  : 5.105e-05
max |Δn|      : 7.326e-04
max |Δn| norm  : 1.566e-03
max |ΔILDOS|  : 1.241e+01
last Poisson  : 12.800 s
last Quantum  : 0.484 s
-5.645198542907583e-07 2.1178687418094546e-07
Iteration counts: [0, 1, 15]

--- Iteration 16 ---
Qprime size   : 720
max |ΔU|      : 1.671e-05
max |ΔU| norm  : 4.748e-05
max |Δn|      : 7.296e-04
max |Δn| norm  : 1.544e-03
max |ΔILDOS|  : 1.165e+01
last Poisson  : 12.806 s
last Quantum  : 0.482 s
-1.532871532275628e-07 6.385398654120776e-08
Iteration counts: [0, 1, 16]

--- Iteration 17 ---
Qprime size   : 720
max |ΔU|      : 1.589e-05
max |ΔU| norm  : 3.687e-05
max |Δn|      : 7.295e-04
max |Δn| norm  : 1.546e-03
max |ΔILDOS|  : 1.198e+01
last Poisson  : 12.804 s
last Quantum  : 0.504 s
-2.950817489697767e-07 1.0564198124725733e-07
Iteration counts: [0, 1, 17]

--- Iteration 18 ---
Qprime size   : 720
max |ΔU|      : 1.647e-05
max |ΔU| norm  : 3.898e-05
max |Δn|      : 7.293e-04
max |Δn| norm  : 1.549e-03
max |ΔILDOS|  : 1.173e+01
last Poisson  : 12.779 s
last Quantum  : 0.523 s
2.0755636779010035e-08 -3.110466139983777e-09
Iteration counts: [0, 1, 18]

--- Iteration 19 ---
Qprime size   : 720
max |ΔU|      : 1.611e-05
max |ΔU| norm  : 3.537e-05
max |Δn|      : 7.290e-04
max |Δn| norm  : 1.547e-03
max |ΔILDOS|  : 1.184e+01
last Poisson  : 12.794 s
last Quantum  : 0.509 s
-1.8600637138662117e-07 6.43711935633446e-08
Iteration counts: [0, 1, 19]

--- Iteration 20 ---
Qprime size   : 720
max |ΔU|      : 1.630e-05
max |ΔU| norm  : 3.652e-05
max |Δn|      : 7.287e-04
max |Δn| norm  : 1.542e-03
max |ΔILDOS|  : 1.175e+01
last Poisson  : 12.775 s
last Quantum  : 0.506 s
8.438596097051811e-08 -2.716532189273435e-08
Iteration counts: [0, 1, 20]

--- Iteration 21 ---
Qprime size   : 720
max |ΔU|      : 1.617e-05
max |ΔU| norm  : 3.543e-05
max |Δn|      : 7.285e-04
max |Δn| norm  : 1.542e-03
max |ΔILDOS|  : 1.178e+01
last Poisson  : 12.787 s
last Quantum  : 0.417 s
-1.4853350965706457e-07 5.029157086492939e-08
Iteration counts: [0, 1, 21]

--- Iteration 22 ---
Qprime size   : 720
max |ΔU|      : 1.626e-05
max |ΔU| norm  : 3.608e-05
max |Δn|      : 7.284e-04
max |Δn| norm  : 1.544e-03
max |ΔILDOS|  : 1.176e+01
last Poisson  : 12.776 s
last Quantum  : 0.447 s
1.0926061688175187e-07 -3.6377207937081554e-08
Iteration counts: [0, 1, 22]

--- Iteration 23 ---
Qprime size   : 720
max |ΔU|      : 1.621e-05
max |ΔU| norm  : 3.563e-05
max |Δn|      : 7.284e-04
max |Δn| norm  : 1.543e-03
max |ΔILDOS|  : 1.177e+01
last Poisson  : 12.783 s
last Quantum  : 0.474 s
-1.3205104445672368e-07 4.429579048819785e-08
Iteration counts: [0, 1, 23]

--- Iteration 24 ---
Qprime size   : 720
max |ΔU|      : 1.624e-05
max |ΔU| norm  : 3.581e-05
max |Δn|      : 7.284e-04
max |Δn| norm  : 1.541e-03
max |ΔILDOS|  : 1.176e+01
last Poisson  : 12.800 s
last Quantum  : 0.464 s
1.1825854436010898e-07 -3.96173978930076e-08
Iteration counts: [0, 1, 24]

--- Iteration 25 ---
Qprime size   : 720
max |ΔU|      : 1.622e-05
max |ΔU| norm  : 3.568e-05
max |Δn|      : 7.283e-04
max |Δn| norm  : 1.542e-03
max |ΔILDOS|  : 1.176e+01
last Poisson  : 12.803 s
last Quantum  : 0.456 s
-1.2743115135442147e-07 4.2663298271112375e-08
Iteration counts: [0, 1, 25]

--- Iteration 26 ---
Qprime size   : 720
max |ΔU|      : 1.623e-05
max |ΔU| norm  : 3.580e-05
max |Δn|      : 7.283e-04
max |Δn| norm  : 1.542e-03
max |ΔILDOS|  : 1.176e+01
last Poisson  : 12.864 s
last Quantum  : 0.458 s
1.2175871512259817e-07 -4.0827331795845544e-08
Iteration counts: [0, 1, 26]

--- Iteration 27 ---
Qprime size   : 720
max |ΔU|      : 1.622e-05
max |ΔU| norm  : 3.573e-05
max |Δn|      : 7.283e-04
max |Δn| norm  : 1.542e-03
max |ΔILDOS|  : 1.176e+01
last Poisson  : 12.801 s
last Quantum  : 0.427 s
-1.2471834017335464e-07 4.173787930048152e-08
Iteration counts: [0, 1, 27]

--- Iteration 28 ---
Qprime size   : 720
max |ΔU|      : 1.623e-05
max |ΔU| norm  : 3.575e-05
max |Δn|      : 7.283e-04
max |Δn| norm  : 1.542e-03
max |ΔILDOS|  : 1.175e+01
last Poisson  : 12.819 s
last Quantum  : 0.431 s
1.2296681448059623e-07 -4.122512039494215e-08
Iteration counts: [0, 1, 28]

--- Iteration 29 ---
Qprime size   : 720
max |ΔU|      : 1.622e-05
max |ΔU| norm  : 3.573e-05
max |Δn|      : 7.282e-04
max |Δn| norm  : 1.542e-03
max |ΔILDOS|  : 1.175e+01
last Poisson  : 12.785 s
last Quantum  : 0.433 s
-1.243795863528337e-07 4.1643621277232746e-08
Iteration counts: [0, 1, 29]

--- Iteration 30 ---
Qprime size   : 720
max |ΔU|      : 1.622e-05
max |ΔU| norm  : 3.576e-05
max |Δn|      : 7.282e-04
max |Δn| norm  : 1.542e-03
max |ΔILDOS|  : 1.175e+01
last Poisson  : 12.793 s
last Quantum  : 0.435 s
1.2347901103490597e-07 -4.138390095693724e-08
FSC converged / stopped.
✔ Logged phi=0.1022, Vbg=2.1667

=== Running phi=0.1022, Vbg=2.3333 ===
🔄 Full Hamiltonian rebuild (qparams change)
The poisson problem has been initialized.
Iteration counts: [0, 0, 0]

--- Iteration 0 ---
Qprime size   : 660
max |ΔU|      : 7.061e-14
max |ΔU| norm  : 1.861e-12
max |Δn|      : 2.207e-13
max |Δn| norm  : 1.523e-12
-6.619840311238349e-05 -3.850398001485942e-05
Iteration counts: [0, 0, 1]

--- Iteration 1 ---
Qprime size   : 660
max |ΔU|      : 8.095e-04
max |ΔU| norm  : 1.286e-02
max |Δn|      : 7.981e-03
max |Δn| norm  : 2.726e-02
max |ΔILDOS|  : 4.427e+02
last Poisson  : 11.792 s
last Quantum  : 0.422 s
-0.00039460266373324103 0.0001350331309608899
Iteration counts: [0, 0, 2]

--- Iteration 2 ---
Qprime size   : 660
max |ΔU|      : 7.596e-04
max |ΔU| norm  : 2.230e-02
max |Δn|      : 4.116e-03
max |Δn| norm  : 2.620e-02
max |ΔILDOS|  : 4.425e+02
last Poisson  : 11.713 s
last Quantum  : 0.387 s
-0.00023791871543787915 8.31779934333202e-05
Iteration counts: [0, 0, 3]

--- Iteration 3 ---
Qprime size   : 660
max |ΔU|      : 4.498e-04
max |ΔU| norm  : 1.351e-02
max |Δn|      : 2.465e-03
max |Δn| norm  : 1.369e-02
max |ΔILDOS|  : 4.052e+02
last Poisson  : 11.763 s
last Quantum  : 0.384 s
-0.0001425217237060008 5.034509700189427e-05
Iteration counts: [0, 0, 4]

--- Iteration 4 ---
Qprime size   : 660
max |ΔU|      : 2.704e-04
max |ΔU| norm  : 8.123e-03
max |Δn|      : 1.536e-03
max |Δn| norm  : 7.998e-03
max |ΔILDOS|  : 3.933e+02
last Poisson  : 11.736 s
last Quantum  : 0.346 s
-8.637040238035079e-05 3.088085623088369e-05
Iteration counts: [0, 0, 5]

--- Iteration 5 ---
Qprime size   : 660
max |ΔU|      : 1.636e-04
max |ΔU| norm  : 4.928e-03
max |Δn|      : 9.866e-04
max |Δn| norm  : 4.870e-03
max |ΔILDOS|  : 3.047e+02
last Poisson  : 11.795 s
last Quantum  : 0.348 s
-5.278927528282509e-05 1.9243037214279007e-05
Iteration counts: [0, 0, 6]

--- Iteration 6 ---
Qprime size   : 660
max |ΔU|      : 9.941e-05
max |ΔU| norm  : 3.016e-03
max |Δn|      : 6.632e-04
max |Δn| norm  : 3.010e-03
max |ΔILDOS|  : 2.201e+02
last Poisson  : 11.785 s
last Quantum  : 0.350 s
-3.174272712194564e-05 1.1619590334560458e-05
Iteration counts: [0, 0, 7]

--- Iteration 7 ---
Qprime size   : 660
max |ΔU|      : 5.925e-05
max |ΔU| norm  : 1.820e-03
max |Δn|      : 3.964e-04
max |Δn| norm  : 1.887e-03
max |ΔILDOS|  : 1.378e+02
last Poisson  : 11.770 s
last Quantum  : 0.344 s
-1.91870529455601e-05 7.042158813372765e-06
Iteration counts: [0, 0, 8]

--- Iteration 8 ---
Qprime size   : 660
max |ΔU|      : 3.599e-05
max |ΔU| norm  : 1.111e-03
max |Δn|      : 2.563e-04
max |Δn| norm  : 1.203e-03
max |ΔILDOS|  : 8.363e+01
last Poisson  : 11.772 s
last Quantum  : 0.345 s
-1.153204437929919e-05 4.227535730131447e-06
Iteration counts: [0, 0, 9]

--- Iteration 9 ---
Qprime size   : 660
max |ΔU|      : 2.126e-05
max |ΔU| norm  : 6.702e-04
max |Δn|      : 1.631e-04
max |Δn| norm  : 7.900e-04
max |ΔILDOS|  : 4.833e+01
last Poisson  : 11.772 s
last Quantum  : 0.356 s
-7.0119417851860305e-06 2.5881998894191157e-06
Iteration counts: [0, 0, 10]

--- Iteration 10 ---
Qprime size   : 660
max |ΔU|      : 1.326e-05
max |ΔU| norm  : 4.068e-04
max |Δn|      : 1.072e-04
max |Δn| norm  : 5.093e-04
max |ΔILDOS|  : 2.706e+01
last Poisson  : 11.758 s
last Quantum  : 0.387 s
-4.317320480548089e-06 1.5867545239445562e-06
Iteration counts: [0, 0, 11]

--- Iteration 11 ---
Qprime size   : 660
max |ΔU|      : 8.574e-06
max |ΔU| norm  : 2.513e-04
max |Δn|      : 7.315e-05
max |Δn| norm  : 3.340e-04
max |ΔILDOS|  : 1.646e+01
last Poisson  : 11.749 s
last Quantum  : 0.381 s
-2.650793361658523e-06 9.769127318018095e-07
Iteration counts: [0, 0, 12]

--- Iteration 12 ---
Qprime size   : 660
max |ΔU|      : 5.435e-06
max |ΔU| norm  : 1.551e-04
max |Δn|      : 4.835e-05
max |Δn| norm  : 2.154e-04
max |ΔILDOS|  : 1.003e+01
last Poisson  : 11.746 s
last Quantum  : 0.379 s
-1.5906969146995945e-06 5.825540937647559e-07
Iteration counts: [0, 0, 13]

--- Iteration 13 ---
Qprime size   : 660
max |ΔU|      : 3.395e-06
max |ΔU| norm  : 9.523e-05
max |Δn|      : 3.503e-05
max |Δn| norm  : 1.467e-04
max |ΔILDOS|  : 5.984e+00
last Poisson  : 11.726 s
last Quantum  : 0.353 s
-9.832547560235305e-07 3.5889887136089204e-07
Iteration counts: [0, 0, 14]

--- Iteration 14 ---
Qprime size   : 660
max |ΔU|      : 2.135e-06
max |ΔU| norm  : 5.856e-05
max |Δn|      : 2.209e-05
max |Δn| norm  : 9.558e-05
max |ΔILDOS|  : 3.616e+00
last Poisson  : 11.747 s
last Quantum  : 0.383 s
-6.043683744305095e-07 2.1695212870817488e-07
Iteration counts: [0, 0, 15]

--- Iteration 15 ---
Qprime size   : 660
max |ΔU|      : 1.400e-06
max |ΔU| norm  : 3.706e-05
max |Δn|      : 1.928e-05
max |Δn| norm  : 6.563e-05
max |ΔILDOS|  : 2.273e+00
last Poisson  : 11.719 s
last Quantum  : 0.370 s
-3.8892152987494385e-07 1.3978700574144706e-07
Iteration counts: [0, 0, 16]

--- Iteration 16 ---
Qprime size   : 660
max |ΔU|      : 9.115e-07
max |ΔU| norm  : 2.359e-05
max |Δn|      : 1.287e-05
max |Δn| norm  : 4.321e-05
max |ΔILDOS|  : 1.432e+00
last Poisson  : 11.750 s
last Quantum  : 0.375 s
-2.3953731319362277e-07 8.393678966166973e-08
Iteration counts: [0, 0, 17]

--- Iteration 17 ---
Qprime size   : 660
max |ΔU|      : 5.954e-07
max |ΔU| norm  : 1.499e-05
max |Δn|      : 1.064e-05
max |Δn| norm  : 3.028e-05
max |ΔILDOS|  : 9.798e-01
last Poisson  : 11.768 s
last Quantum  : 0.392 s
-1.567992514275634e-07 5.5203178352909606e-08
Iteration counts: [0, 0, 18]

--- Iteration 18 ---
Qprime size   : 660
max |ΔU|      : 3.893e-07
max |ΔU| norm  : 9.585e-06
max |Δn|      : 7.194e-06
max |Δn| norm  : 2.012e-05
max |ΔILDOS|  : 6.698e-01
last Poisson  : 11.742 s
last Quantum  : 0.361 s
-9.533632456019902e-08 3.225480287891479e-08
Iteration counts: [0, 0, 19]

--- Iteration 19 ---
Qprime size   : 660
max |ΔU|      : 2.548e-07
max |ΔU| norm  : 6.082e-06
max |Δn|      : 5.912e-06
max |Δn| norm  : 1.433e-05
max |ΔILDOS|  : 4.573e-01
last Poisson  : 11.736 s
last Quantum  : 0.376 s
-6.330036662858677e-08 2.1591972856295878e-08
Iteration counts: [0, 0, 20]

--- Iteration 20 ---
Qprime size   : 660
max |ΔU|      : 1.707e-07
max |ΔU| norm  : 3.902e-06
max |Δn|      : 4.089e-06
max |Δn| norm  : 9.595e-06
max |ΔILDOS|  : 3.118e-01
last Poisson  : 11.759 s
last Quantum  : 0.385 s
-3.791731877970505e-08 1.2208170413996052e-08
Iteration counts: [0, 0, 21]

--- Iteration 21 ---
Qprime size   : 660
max |ΔU|      : 1.094e-07
max |ΔU| norm  : 2.482e-06
max |Δn|      : 3.282e-06
max |Δn| norm  : 6.916e-06
max |ΔILDOS|  : 2.123e-01
last Poisson  : 11.737 s
last Quantum  : 0.374 s
-2.5761958414537996e-08 8.496344096568611e-09
Iteration counts: [0, 0, 22]

--- Iteration 22 ---
Qprime size   : 660
max |ΔU|      : 9.168e-08
max |ΔU| norm  : 1.604e-06
max |Δn|      : 2.316e-06
max |Δn| norm  : 4.676e-06
max |ΔILDOS|  : 1.444e-01
last Poisson  : 11.756 s
last Quantum  : 0.385 s
-1.512767077843548e-08 4.611836724338089e-09
Iteration counts: [0, 0, 23]

--- Iteration 23 ---
Qprime size   : 660
max |ΔU|      : 5.390e-08
max |ΔU| norm  : 1.024e-06
max |Δn|      : 1.815e-06
max |Δn| norm  : 3.395e-06
max |ΔILDOS|  : 9.809e-02
last Poisson  : 11.730 s
last Quantum  : 0.384 s
-1.0549618400858495e-08 3.3683411450465086e-09
Iteration counts: [0, 0, 24]

--- Iteration 24 ---
Qprime size   : 660
max |ΔU|      : 4.946e-08
max |ΔU| norm  : 6.667e-07
max |Δn|      : 1.301e-06
max |Δn| norm  : 2.324e-06
max |ΔILDOS|  : 6.660e-02
last Poisson  : 13.418 s
last Quantum  : 0.414 s
-6.011167522907179e-09 1.7164280311814699e-09
Iteration counts: [0, 0, 25]

--- Iteration 25 ---
Qprime size   : 660
max |ΔU|      : 3.102e-08
max |ΔU| norm  : 4.276e-07
max |Δn|      : 1.002e-06
max |Δn| norm  : 1.696e-06
max |ΔILDOS|  : 4.519e-02
last Poisson  : 13.223 s
last Quantum  : 0.320 s
-4.342830835411813e-09 1.3452296562891744e-09
Iteration counts: [0, 0, 26]

--- Iteration 26 ---
Qprime size   : 660
max |ΔU|      : 2.677e-08
max |ΔU| norm  : 2.804e-07
max |Δn|      : 7.265e-07
max |Δn| norm  : 1.177e-06
max |ΔILDOS|  : 3.065e-02
last Poisson  : 12.484 s
last Quantum  : 0.387 s
-2.376172287519039e-09 6.265130713248061e-10
Iteration counts: [0, 0, 27]

--- Iteration 27 ---
Qprime size   : 660
max |ΔU|      : 1.756e-08
max |ΔU| norm  : 1.807e-07
max |Δn|      : 5.507e-07
max |Δn| norm  : 8.595e-07
max |ΔILDOS|  : 2.079e-02
last Poisson  : 13.206 s
last Quantum  : 0.432 s
-1.7976094657930594e-09 5.423196091131904e-10
Iteration counts: [0, 0, 28]

--- Iteration 28 ---
Qprime size   : 660
max |ΔU|      : 1.447e-08
max |ΔU| norm  : 1.194e-07
max |Δn|      : 4.015e-07
max |Δn| norm  : 6.033e-07
max |ΔILDOS|  : 1.409e-02
last Poisson  : 13.119 s
last Quantum  : 0.477 s
-9.305058240573991e-10 2.2131666006611696e-10
Iteration counts: [0, 0, 29]

--- Iteration 29 ---
Qprime size   : 660
max |ΔU|      : 9.772e-09
max |ΔU| norm  : 7.739e-08
max |Δn|      : 3.001e-07
max |Δn| norm  : 4.395e-07
max |ΔILDOS|  : 9.555e-03
last Poisson  : 11.801 s
last Quantum  : 0.458 s
-7.471810387552977e-10 2.2051530453475537e-10
Iteration counts: [0, 0, 30]

--- Iteration 30 ---
Qprime size   : 660
max |ΔU|      : 7.755e-09
max |ΔU| norm  : 5.160e-08
max |Δn|      : 2.186e-07
max |Δn| norm  : 3.110e-07
max |ΔILDOS|  : 7.104e-03
last Poisson  : 11.807 s
last Quantum  : 0.500 s
-3.5950378991217635e-10 7.412495129997391e-11
FSC converged / stopped.
✔ Logged phi=0.1022, Vbg=2.3333

=== Running phi=0.1022, Vbg=2.5000 ===
🔄 Full Hamiltonian rebuild (qparams change)
The poisson problem has been initialized.
Iteration counts: [0, 0, 0]

--- Iteration 0 ---
Qprime size   : 596
max |ΔU|      : 1.150e-13
max |ΔU| norm  : 3.846e-12
max |Δn|      : 4.261e-13
max |Δn| norm  : 1.844e-12
4.0175954983185935e-06 -7.166468439544588e-05
Iteration counts: [0, 0, 1]

--- Iteration 1 ---
Qprime size   : 596
max |ΔU|      : 5.654e-04
max |ΔU| norm  : 1.001e-02
max |Δn|      : 2.864e-03
max |Δn| norm  : 1.792e-02
max |ΔILDOS|  : 4.452e+02
last Poisson  : 16.468 s
last Quantum  : 0.398 s
-0.00027950562457476126 7.68422454181419e-05
Iteration counts: [0, 0, 2]

--- Iteration 2 ---
Qprime size   : 596
max |ΔU|      : 6.481e-04
max |ΔU| norm  : 1.631e-02
max |Δn|      : 3.284e-03
max |Δn| norm  : 2.405e-02
max |ΔILDOS|  : 4.446e+02
last Poisson  : 16.484 s
last Quantum  : 0.299 s
-0.00016650744365322853 4.6026263414971973e-05
Iteration counts: [0, 0, 3]

--- Iteration 3 ---
Qprime size   : 596
max |ΔU|      : 3.805e-04
max |ΔU| norm  : 9.617e-03
max |Δn|      : 2.031e-03
max |Δn| norm  : 1.328e-02
max |ΔILDOS|  : 4.327e+02
last Poisson  : 16.692 s
last Quantum  : 0.322 s
-9.760400037176823e-05 2.7273976081188533e-05
Iteration counts: [0, 0, 4]

--- Iteration 4 ---
Qprime size   : 596
max |ΔU|      : 2.107e-04
max |ΔU| norm  : 5.605e-03
max |Δn|      : 1.420e-03
max |Δn| norm  : 7.558e-03
max |ΔILDOS|  : 3.733e+02
last Poisson  : 16.605 s
last Quantum  : 0.353 s
-5.762653361415646e-05 1.652540245328241e-05
Iteration counts: [0, 0, 5]

--- Iteration 5 ---
Qprime size   : 596
max |ΔU|      : 1.291e-04
max |ΔU| norm  : 3.334e-03
max |Δn|      : 8.576e-04
max |Δn| norm  : 4.265e-03
max |ΔILDOS|  : 2.766e+02
last Poisson  : 16.465 s
last Quantum  : 0.323 s
-3.4486273372836136e-05 1.029633822155361e-05
Iteration counts: [0, 0, 6]

--- Iteration 6 ---
Qprime size   : 596
max |ΔU|      : 7.766e-05
max |ΔU| norm  : 2.014e-03
max |Δn|      : 4.459e-04
max |Δn| norm  : 2.487e-03
max |ΔILDOS|  : 1.803e+02
last Poisson  : 16.341 s
last Quantum  : 0.314 s
-2.0912143814827647e-05 6.4942791227439085e-06
Iteration counts: [0, 0, 7]

--- Iteration 7 ---
Qprime size   : 596
max |ΔU|      : 4.756e-05
max |ΔU| norm  : 1.230e-03
max |Δn|      : 2.799e-04
max |Δn| norm  : 1.515e-03
max |ΔILDOS|  : 1.099e+02
last Poisson  : 16.480 s
last Quantum  : 0.328 s
-1.2403064382319091e-05 3.873743156964275e-06
Iteration counts: [0, 0, 8]

--- Iteration 8 ---
Qprime size   : 596
max |ΔU|      : 2.839e-05
max |ΔU| norm  : 7.366e-04
max |Δn|      : 1.863e-04
max |Δn| norm  : 9.480e-04
max |ΔILDOS|  : 6.556e+01
last Poisson  : 16.768 s
last Quantum  : 0.325 s
-7.400026828605953e-06 2.3349085435562407e-06
Iteration counts: [0, 0, 9]

--- Iteration 9 ---
Qprime size   : 596
max |ΔU|      : 1.703e-05
max |ΔU| norm  : 4.433e-04
max |Δn|      : 1.207e-04
max |Δn| norm  : 5.955e-04
max |ΔILDOS|  : 4.000e+01
last Poisson  : 15.836 s
last Quantum  : 0.332 s
-4.278614985016288e-06 1.3256243849104376e-06
Iteration counts: [0, 0, 10]

--- Iteration 10 ---
Qprime size   : 596
max |ΔU|      : 9.957e-06
max |ΔU| norm  : 2.626e-04
max |Δn|      : 7.823e-05
max |Δn| norm  : 3.842e-04
max |ΔILDOS|  : 2.337e+01
last Poisson  : 15.020 s
last Quantum  : 0.326 s
-2.520315646258077e-06 7.66624201429852e-07
Iteration counts: [0, 0, 11]

--- Iteration 11 ---
Qprime size   : 596
max |ΔU|      : 6.284e-06
max |ΔU| norm  : 1.567e-04
max |Δn|      : 4.759e-05
max |Δn| norm  : 2.476e-04
max |ΔILDOS|  : 1.453e+01
last Poisson  : 15.024 s
last Quantum  : 0.329 s
-1.5349162747777243e-06 4.665661822518132e-07
Iteration counts: [0, 0, 12]

--- Iteration 12 ---
Qprime size   : 596
max |ΔU|      : 4.057e-06
max |ΔU| norm  : 9.645e-05
max |Δn|      : 3.026e-05
max |Δn| norm  : 1.602e-04
max |ΔILDOS|  : 9.253e+00
last Poisson  : 15.038 s
last Quantum  : 0.324 s
-9.10480382264218e-07 2.709820664592568e-07
Iteration counts: [0, 0, 13]

--- Iteration 13 ---
Qprime size   : 596
max |ΔU|      : 2.600e-06
max |ΔU| norm  : 5.872e-05
max |Δn|      : 1.983e-05
max |Δn| norm  : 1.057e-04
max |ΔILDOS|  : 5.783e+00
last Poisson  : 15.070 s
last Quantum  : 0.326 s
-5.483274769663542e-07 1.5962710757639025e-07
Iteration counts: [0, 0, 14]

--- Iteration 14 ---
Qprime size   : 596
max |ΔU|      : 1.674e-06
max |ΔU| norm  : 3.597e-05
max |Δn|      : 1.316e-05
max |Δn| norm  : 6.995e-05
max |ΔILDOS|  : 3.643e+00
last Poisson  : 15.029 s
last Quantum  : 0.325 s
-3.3415434407144203e-07 9.543428360069254e-08
Iteration counts: [0, 0, 15]

--- Iteration 15 ---
Qprime size   : 596
max |ΔU|      : 1.076e-06
max |ΔU| norm  : 2.208e-05
max |Δn|      : 9.010e-06
max |Δn| norm  : 4.665e-05
max |ΔILDOS|  : 2.250e+00
last Poisson  : 15.031 s
last Quantum  : 0.330 s
-2.0590170261334237e-07 5.848714835566546e-08
Iteration counts: [0, 0, 16]

--- Iteration 16 ---
Qprime size   : 596
max |ΔU|      : 6.979e-07
max |ΔU| norm  : 1.371e-05
max |Δn|      : 6.264e-06
max |Δn| norm  : 3.099e-05
max |ΔILDOS|  : 1.412e+00
last Poisson  : 15.088 s
last Quantum  : 0.283 s
-1.2446305643244278e-07 3.423018552235579e-08
Iteration counts: [0, 0, 17]

--- Iteration 17 ---
Qprime size   : 596
max |ΔU|      : 4.495e-07
max |ΔU| norm  : 8.434e-06
max |Δn|      : 4.361e-06
max |Δn| norm  : 2.077e-05
max |ΔILDOS|  : 8.739e-01
last Poisson  : 15.031 s
last Quantum  : 0.324 s
-7.468622988055055e-08 1.9595083166960058e-08
Iteration counts: [0, 0, 18]

--- Iteration 18 ---
Qprime size   : 596
max |ΔU|      : 2.889e-07
max |ΔU| norm  : 5.168e-06
max |Δn|      : 3.039e-06
max |Δn| norm  : 1.394e-05
max |ΔILDOS|  : 5.388e-01
last Poisson  : 15.030 s
last Quantum  : 0.320 s
-4.470389595169814e-08 1.1070334042812582e-08
Iteration counts: [0, 0, 19]

--- Iteration 19 ---
Qprime size   : 596
max |ΔU|      : 1.865e-07
max |ΔU| norm  : 3.175e-06
max |Δn|      : 2.115e-06
max |Δn| norm  : 9.377e-06
max |ΔILDOS|  : 3.341e-01
last Poisson  : 15.108 s
last Quantum  : 0.277 s
-2.678878315565217e-08 6.245171650440525e-09
Iteration counts: [0, 0, 20]

--- Iteration 20 ---
Qprime size   : 596
max |ΔU|      : 1.209e-07
max |ΔU| norm  : 1.963e-06
max |Δn|      : 1.469e-06
max |Δn| norm  : 6.310e-06
max |ΔILDOS|  : 2.080e-01
last Poisson  : 15.191 s
last Quantum  : 0.340 s
-1.584331748285487e-08 3.4051873803771015e-09
Iteration counts: [0, 0, 21]

--- Iteration 21 ---
Qprime size   : 596
max |ΔU|      : 7.798e-08
max |ΔU| norm  : 1.202e-06
max |Δn|      : 1.020e-06
max |Δn| norm  : 4.261e-06
max |ΔILDOS|  : 1.263e-01
last Poisson  : 14.969 s
last Quantum  : 0.371 s
-9.385164219572803e-09 1.8192432996415682e-09
Iteration counts: [0, 0, 22]

--- Iteration 22 ---
Qprime size   : 596
max |ΔU|      : 5.067e-08
max |ΔU| norm  : 7.429e-07
max |Δn|      : 7.087e-07
max |Δn| norm  : 2.872e-06
max |ΔILDOS|  : 7.830e-02
last Poisson  : 14.942 s
last Quantum  : 0.428 s
-5.5548190982966426e-09 9.414006342915567e-10
Iteration counts: [0, 0, 23]

--- Iteration 23 ---
Qprime size   : 596
max |ΔU|      : 3.306e-08
max |ΔU| norm  : 4.627e-07
max |Δn|      : 4.923e-07
max |Δn| norm  : 1.938e-06
max |ΔILDOS|  : 4.894e-02
last Poisson  : 14.930 s
last Quantum  : 0.370 s
-3.2838836416016038e-09 4.641800725095422e-10
Iteration counts: [0, 0, 24]

--- Iteration 24 ---
Qprime size   : 596
max |ΔU|      : 2.165e-08
max |ΔU| norm  : 2.905e-07
max |Δn|      : 3.419e-07
max |Δn| norm  : 1.309e-06
max |ΔILDOS|  : 3.087e-02
last Poisson  : 14.983 s
last Quantum  : 0.416 s
-1.9382826083798364e-09 2.111174857598817e-10
Iteration counts: [0, 0, 25]

--- Iteration 25 ---
Qprime size   : 596
max |ΔU|      : 1.423e-08
max |ΔU| norm  : 1.839e-07
max |Δn|      : 2.375e-07
max |Δn| norm  : 8.844e-07
max |ΔILDOS|  : 1.961e-02
last Poisson  : 14.906 s
last Quantum  : 0.402 s
-1.1418121239797237e-09 8.158044829894248e-11
Iteration counts: [0, 0, 26]

--- Iteration 26 ---
Qprime size   : 596
max |ΔU|      : 9.375e-09
max |ΔU| norm  : 1.173e-07
max |Δn|      : 1.649e-07
max |Δn| norm  : 5.982e-07
max |ΔILDOS|  : 1.263e-02
last Poisson  : 14.902 s
last Quantum  : 0.414 s
-6.708162537532385e-10 1.8663908917256572e-11
Iteration counts: [0, 0, 27]

--- Iteration 27 ---
Qprime size   : 596
max |ΔU|      : 6.193e-09
max |ΔU| norm  : 7.541e-08
max |Δn|      : 1.145e-07
max |Δn| norm  : 4.049e-07
max |ΔILDOS|  : 8.149e-03
last Poisson  : 14.906 s
last Quantum  : 0.414 s
-3.9268280402141754e-10 -9.232158740408336e-12
Iteration counts: [0, 0, 28]

--- Iteration 28 ---
Qprime size   : 596
max |ΔU|      : 4.100e-09
max |ΔU| norm  : 4.883e-08
max |Δn|      : 7.946e-08
max |Δn| norm  : 2.742e-07
max |ΔILDOS|  : 5.265e-03
last Poisson  : 14.902 s
last Quantum  : 0.391 s
-2.289810940745824e-10 -1.9243777896010217e-11
Iteration counts: [0, 0, 29]

--- Iteration 29 ---
Qprime size   : 596
max |ΔU|      : 2.720e-09
max |ΔU| norm  : 3.182e-08
max |Δn|      : 5.514e-08
max |Δn| norm  : 1.858e-07
max |ΔILDOS|  : 3.407e-03
last Poisson  : 14.904 s
last Quantum  : 0.387 s
-1.329207405499092e-10 -2.071914351529277e-11
Iteration counts: [0, 0, 30]

--- Iteration 30 ---
Qprime size   : 596
max |ΔU|      : 1.807e-09
max |ΔU| norm  : 2.086e-08
max |Δn|      : 3.826e-08
max |Δn| norm  : 1.261e-07
max |ΔILDOS|  : 2.264e-03
last Poisson  : 14.907 s
last Quantum  : 0.462 s
-7.674167107513063e-11 -1.8563426152215235e-11
FSC converged / stopped.
✔ Logged phi=0.1022, Vbg=2.5000

=== Running phi=0.1067, Vbg=1.0000 ===
🔄 Full Hamiltonian rebuild (qparams change)
The poisson problem has been initialized.
Iteration counts: [0, 0, 0]

--- Iteration 0 ---
Qprime size   : 596
-0.001980450868791685 0.00103591982749709
Iteration counts: [0, 1, 0]

--- Iteration 1 ---
Qprime size   : 596
max |ΔU|      : 2.007e-03
max |ΔU| norm  : 9.355e-02
max |Δn|      : 5.608e-03
max |Δn| norm  : 4.673e-02
last Poisson  : 14.980 s
-0.0015840355053662954 0.0008289936327951912
Iteration counts: [0, 2, 0]

--- Iteration 2 ---
Qprime size   : 596
max |ΔU|      : 1.612e-03
max |ΔU| norm  : 7.486e-02
max |Δn|      : 4.432e-03
max |Δn| norm  : 3.678e-02
last Poisson  : 14.973 s
-0.0012656598357351472 0.0006628594689215688
Iteration counts: [0, 3, 0]

--- Iteration 3 ---
Qprime size   : 596
max |ΔU|      : 1.287e-03
max |ΔU| norm  : 5.986e-02
max |Δn|      : 3.503e-03
max |Δn| norm  : 2.909e-02
last Poisson  : 14.972 s
-0.0010127535234693782 0.0005305496424474873
Iteration counts: [0, 3, 1]

--- Iteration 4 ---
Qprime size   : 596
max |ΔU|      : 1.036e-03
max |ΔU| norm  : 4.793e-02
max |Δn|      : 2.767e-03
max |Δn| norm  : 2.314e-02
max |ΔILDOS|  : 4.549e+02
last Poisson  : 14.967 s
last Quantum  : 0.329 s
0.00020943706902381418 -0.00014512380873433952
Iteration counts: [0, 3, 2]

--- Iteration 5 ---
Qprime size   : 596
max |ΔU|      : 5.576e-04
max |ΔU| norm  : 1.131e-02
max |Δn|      : 4.285e-03
max |Δn| norm  : 2.761e-02
max |ΔILDOS|  : 4.235e+02
last Poisson  : 14.983 s
last Quantum  : 0.335 s
0.0001268885869780278 -8.66812417427215e-05
Iteration counts: [0, 3, 3]

--- Iteration 6 ---
Qprime size   : 596
max |ΔU|      : 3.113e-04
max |ΔU| norm  : 6.717e-03
max |Δn|      : 2.716e-03
max |Δn| norm  : 1.370e-02
max |ΔILDOS|  : 3.298e+02
last Poisson  : 14.972 s
last Quantum  : 0.339 s
7.76859777010063e-05 -5.213527757788151e-05
Iteration counts: [0, 3, 4]

--- Iteration 7 ---
Qprime size   : 596
max |ΔU|      : 1.756e-04
max |ΔU| norm  : 3.970e-03
max |Δn|      : 2.784e-03
max |Δn| norm  : 1.081e-02
max |ΔILDOS|  : 2.036e+02
last Poisson  : 14.976 s
last Quantum  : 0.340 s
4.318789380640875e-05 -3.0043256715404428e-05
Iteration counts: [0, 3, 5]

--- Iteration 8 ---
Qprime size   : 596
max |ΔU|      : 1.095e-04
max |ΔU| norm  : 2.312e-03
max |Δn|      : 2.933e-03
max |Δn| norm  : 8.885e-03
max |ΔILDOS|  : 1.047e+02
last Poisson  : 14.978 s
last Quantum  : 0.340 s
3.528711166256263e-05 -2.1461368412851367e-05
Iteration counts: [0, 3, 6]

--- Iteration 9 ---
Qprime size   : 596
max |ΔU|      : 1.147e-04
max |ΔU| norm  : 1.687e-03
max |Δn|      : 2.462e-03
max |Δn| norm  : 8.251e-03
max |ΔILDOS|  : 6.701e+01
last Poisson  : 14.975 s
last Quantum  : 0.353 s
1.1458735484471738e-05 -9.541367924376918e-06
Iteration counts: [0, 3, 7]

--- Iteration 10 ---
Qprime size   : 596
max |ΔU|      : 1.006e-04
max |ΔU| norm  : 8.584e-04
max |Δn|      : 2.184e-03
max |Δn| norm  : 8.465e-03
max |ΔILDOS|  : 6.823e+01
last Poisson  : 14.974 s
last Quantum  : 0.426 s
1.3942656585971493e-05 -8.402282693706394e-06
Iteration counts: [0, 3, 8]

--- Iteration 11 ---
Qprime size   : 596
max |ΔU|      : 8.222e-05
max |ΔU| norm  : 7.531e-04
max |Δn|      : 2.509e-03
max |Δn| norm  : 7.808e-03
max |ΔILDOS|  : 6.363e+01
last Poisson  : 14.940 s
last Quantum  : 0.407 s
9.383127779427761e-07 -2.383622189384162e-06
Iteration counts: [0, 3, 9]

--- Iteration 12 ---
Qprime size   : 596
max |ΔU|      : 9.728e-05
max |ΔU| norm  : 5.130e-04
max |Δn|      : 2.318e-03
max |Δn| norm  : 7.949e-03
max |ΔILDOS|  : 3.503e+01
last Poisson  : 14.941 s
last Quantum  : 0.403 s
6.542481956163782e-06 -3.81775643915502e-06
Iteration counts: [0, 3, 10]

--- Iteration 13 ---
Qprime size   : 596
max |ΔU|      : 1.056e-04
max |ΔU| norm  : 5.228e-04
max |Δn|      : 2.623e-03
max |Δn| norm  : 8.539e-03
max |ΔILDOS|  : 5.527e+01
last Poisson  : 14.937 s
last Quantum  : 0.389 s
5.79506550486529e-07 -9.561557562141874e-07
Iteration counts: [0, 3, 11]

--- Iteration 14 ---
Qprime size   : 596
max |ΔU|      : 8.711e-05
max |ΔU| norm  : 4.043e-04
max |Δn|      : 2.286e-03
max |Δn| norm  : 8.341e-03
max |ΔILDOS|  : 3.876e+01
last Poisson  : 14.927 s
last Quantum  : 0.410 s
3.64110203700814e-06 -1.7301427519400005e-06
Iteration counts: [0, 3, 12]

--- Iteration 15 ---
Qprime size   : 596
max |ΔU|      : 9.008e-05
max |ΔU| norm  : 4.522e-04
max |Δn|      : 2.488e-03
max |Δn| norm  : 7.749e-03
max |ΔILDOS|  : 5.655e+01
last Poisson  : 14.928 s
last Quantum  : 0.395 s
-3.916683278868811e-06 9.610553217608237e-07
Iteration counts: [0, 3, 13]

--- Iteration 16 ---
Qprime size   : 596
max |ΔU|      : 1.206e-04
max |ΔU| norm  : 5.293e-04
max |Δn|      : 2.243e-03
max |Δn| norm  : 8.492e-03
max |ΔILDOS|  : 5.622e+01
last Poisson  : 14.944 s
last Quantum  : 0.344 s
4.742352399860207e-06 -1.928101062747246e-06
Iteration counts: [0, 3, 14]

--- Iteration 17 ---
Qprime size   : 596
max |ΔU|      : 8.972e-05
max |ΔU| norm  : 4.860e-04
max |Δn|      : 2.482e-03
max |Δn| norm  : 8.282e-03
max |ΔILDOS|  : 4.456e+01
last Poisson  : 14.949 s
last Quantum  : 0.344 s
-2.036469598441049e-06 6.662619184969153e-07
Iteration counts: [0, 3, 15]

--- Iteration 18 ---
Qprime size   : 596
max |ΔU|      : 7.930e-05
max |ΔU| norm  : 3.683e-04
max |Δn|      : 2.916e-03
max |Δn| norm  : 8.929e-03
max |ΔILDOS|  : 5.413e+01
last Poisson  : 14.940 s
last Quantum  : 0.355 s
2.4089758723809106e-06 -9.744405245994554e-07
Iteration counts: [0, 3, 16]

--- Iteration 19 ---
Qprime size   : 596
max |ΔU|      : 7.788e-05
max |ΔU| norm  : 3.681e-04
max |Δn|      : 2.750e-03
max |Δn| norm  : 8.654e-03
max |ΔILDOS|  : 4.135e+01
last Poisson  : 14.946 s
last Quantum  : 0.349 s
-2.0787183146464067e-06 6.293286112321542e-07
Iteration counts: [0, 3, 17]

--- Iteration 20 ---
Qprime size   : 596
max |ΔU|      : 1.023e-04
max |ΔU| norm  : 4.551e-04
max |Δn|      : 2.383e-03
max |Δn| norm  : 8.607e-03
max |ΔILDOS|  : 4.059e+01
last Poisson  : 14.945 s
last Quantum  : 0.349 s
2.2954570081052284e-06 -8.185932910456365e-07
Iteration counts: [0, 3, 18]

--- Iteration 21 ---
Qprime size   : 596
max |ΔU|      : 8.780e-05
max |ΔU| norm  : 4.491e-04
max |Δn|      : 2.395e-03
max |Δn| norm  : 7.800e-03
max |ΔILDOS|  : 5.317e+01
last Poisson  : 14.945 s
last Quantum  : 0.349 s
-2.663991598168594e-06 9.043051753694967e-07
Iteration counts: [0, 3, 19]

--- Iteration 22 ---
Qprime size   : 596
max |ΔU|      : 1.008e-04
max |ΔU| norm  : 4.160e-04
max |Δn|      : 2.764e-03
max |Δn| norm  : 8.760e-03
max |ΔILDOS|  : 6.161e+01
last Poisson  : 14.992 s
last Quantum  : 0.324 s
4.912063447992047e-06 -1.7873800698771313e-06
Iteration counts: [0, 3, 20]

--- Iteration 23 ---
Qprime size   : 596
max |ΔU|      : 8.398e-05
max |ΔU| norm  : 4.743e-04
max |Δn|      : 2.604e-03
max |Δn| norm  : 8.158e-03
max |ΔILDOS|  : 6.141e+01
last Poisson  : 15.848 s
last Quantum  : 0.314 s
-6.185310533060106e-06 2.307305722654693e-06
Iteration counts: [0, 3, 21]

--- Iteration 24 ---
Qprime size   : 596
max |ΔU|      : 1.075e-04
max |ΔU| norm  : 5.446e-04
max |Δn|      : 2.057e-03
max |Δn| norm  : 7.526e-03
max |ΔILDOS|  : 6.520e+01
last Poisson  : 16.931 s
last Quantum  : 0.291 s
1.3637455853123242e-06 -6.18616857818491e-07
Iteration counts: [0, 3, 22]

--- Iteration 25 ---
Qprime size   : 596
max |ΔU|      : 8.902e-05
max |ΔU| norm  : 3.811e-04
max |Δn|      : 2.684e-03
max |Δn| norm  : 8.679e-03
max |ΔILDOS|  : 4.400e+01
last Poisson  : 16.512 s
last Quantum  : 0.287 s
6.450124873187861e-07 -2.0669377034240457e-07
Iteration counts: [0, 3, 23]

--- Iteration 26 ---
Qprime size   : 596
max |ΔU|      : 8.472e-05
max |ΔU| norm  : 3.891e-04
max |Δn|      : 2.405e-03
max |Δn| norm  : 8.614e-03
max |ΔILDOS|  : 4.365e+01
last Poisson  : 16.499 s
last Quantum  : 0.292 s
2.4977642876101595e-06 -7.736308506746109e-07
Iteration counts: [0, 3, 24]

--- Iteration 27 ---
Qprime size   : 596
max |ΔU|      : 9.304e-05
max |ΔU| norm  : 4.507e-04
max |Δn|      : 2.228e-03
max |Δn| norm  : 7.424e-03
max |ΔILDOS|  : 6.356e+01
last Poisson  : 16.490 s
last Quantum  : 0.289 s
-4.950820583204362e-06 1.6598993470292153e-06
Iteration counts: [0, 3, 25]

--- Iteration 28 ---
Qprime size   : 596
max |ΔU|      : 1.193e-04
max |ΔU| norm  : 5.609e-04
max |Δn|      : 2.153e-03
max |Δn| norm  : 7.888e-03
max |ΔILDOS|  : 5.388e+01
last Poisson  : 16.602 s
last Quantum  : 0.472 s
6.1223916009836315e-06 -2.320567453526568e-06
Iteration counts: [0, 3, 26]

--- Iteration 29 ---
Qprime size   : 596
max |ΔU|      : 9.678e-05
max |ΔU| norm  : 5.565e-04
max |Δn|      : 3.016e-03
max |Δn| norm  : 8.467e-03
max |ΔILDOS|  : 6.020e+01
last Poisson  : 16.189 s
last Quantum  : 0.474 s
-3.5137962855824445e-06 1.4644998120747687e-06
Iteration counts: [0, 3, 27]

--- Iteration 30 ---
Qprime size   : 596
max |ΔU|      : 8.632e-05
max |ΔU| norm  : 4.406e-04
max |Δn|      : 2.295e-03
max |Δn| norm  : 7.915e-03
max |ΔILDOS|  : 3.874e+01
last Poisson  : 16.279 s
last Quantum  : 0.499 s
1.0293626360865505e-06 -4.1289636971739043e-07
FSC converged / stopped.
✔ Logged phi=0.1067, Vbg=1.0000

=== Running phi=0.1067, Vbg=1.1667 ===
🔄 Full Hamiltonian rebuild (qparams change)
The poisson problem has been initialized.
Iteration counts: [0, 0, 0]

--- Iteration 0 ---
Qprime size   : 596
-0.0007351411360908951 0.0003283066387332154
Iteration counts: [0, 1, 0]

--- Iteration 1 ---
Qprime size   : 596
max |ΔU|      : 8.817e-04
max |ΔU| norm  : 3.477e-02
max |Δn|      : 3.230e-03
max |Δn| norm  : 2.508e-02
last Poisson  : 16.948 s
-0.0005878290735022191 0.00026305800754691046
Iteration counts: [0, 1, 1]

--- Iteration 2 ---
Qprime size   : 596
max |ΔU|      : 7.033e-04
max |ΔU| norm  : 2.783e-02
max |Δn|      : 2.502e-03
max |Δn| norm  : 1.967e-02
max |ΔILDOS|  : 4.496e+02
last Poisson  : 15.675 s
last Quantum  : 0.336 s
-0.0012966911720169883 0.0006391008419804371
Iteration counts: [0, 1, 2]

--- Iteration 3 ---
Qprime size   : 596
max |ΔU|      : 1.465e-03
max |ΔU| norm  : 6.105e-02
max |Δn|      : 5.013e-03
max |Δn| norm  : 3.336e-02
max |ΔILDOS|  : 4.831e+02
last Poisson  : 15.639 s
last Quantum  : 0.300 s
-0.0007617844003241089 0.00037742816667769115
Iteration counts: [0, 2, 2]

--- Iteration 4 ---
Qprime size   : 596
max |ΔU|      : 8.639e-04
max |ΔU| norm  : 3.614e-02
max |Δn|      : 2.643e-03
max |Δn| norm  : 1.840e-02
max |ΔILDOS|  : 4.831e+02
last Poisson  : 16.206 s
last Quantum  : 0.300 s
-0.0006068234715605995 0.0003011649085987774
Iteration counts: [0, 2, 3]

--- Iteration 5 ---
Qprime size   : 596
max |ΔU|      : 6.535e-04
max |ΔU| norm  : 2.881e-02
max |Δn|      : 1.980e-03
max |Δn| norm  : 1.432e-02
max |ΔILDOS|  : 5.084e+02
last Poisson  : 16.561 s
last Quantum  : 0.481 s
-0.00020107590834261707 0.00010196457932873733
Iteration counts: [0, 2, 4]

--- Iteration 6 ---
Qprime size   : 596
max |ΔU|      : 3.106e-04
max |ΔU| norm  : 9.811e-03
max |Δn|      : 2.587e-03
max |Δn| norm  : 1.046e-02
max |ΔILDOS|  : 4.658e+02
last Poisson  : 16.538 s
last Quantum  : 0.496 s
-0.00012354999414044635 6.24544142638014e-05
Iteration counts: [0, 2, 5]

--- Iteration 7 ---
Qprime size   : 596
max |ΔU|      : 1.400e-04
max |ΔU| norm  : 6.015e-03
max |Δn|      : 1.056e-03
max |Δn| norm  : 5.031e-03
max |ΔILDOS|  : 3.503e+02
last Poisson  : 16.459 s
last Quantum  : 0.478 s
-7.245405300402308e-05 3.7157562627833656e-05
Iteration counts: [0, 2, 6]

--- Iteration 8 ---
Qprime size   : 596
max |ΔU|      : 1.094e-04
max |ΔU| norm  : 3.536e-03
max |Δn|      : 2.162e-03
max |Δn| norm  : 4.250e-03
max |ΔILDOS|  : 2.489e+02
last Poisson  : 16.525 s
last Quantum  : 0.372 s
-4.7443061149917696e-05 2.4010793270777437e-05
Iteration counts: [0, 2, 7]

--- Iteration 9 ---
Qprime size   : 596
max |ΔU|      : 9.296e-05
max |ΔU| norm  : 2.295e-03
max |Δn|      : 1.719e-03
max |Δn| norm  : 4.386e-03
max |ΔILDOS|  : 1.608e+02
last Poisson  : 16.608 s
last Quantum  : 0.411 s
-2.5300011740266018e-05 1.3209431491630487e-05
Iteration counts: [0, 2, 8]

--- Iteration 10 ---
Qprime size   : 596
max |ΔU|      : 7.764e-05
max |ΔU| norm  : 1.268e-03
max |Δn|      : 2.500e-03
max |Δn| norm  : 4.177e-03
max |ΔILDOS|  : 1.069e+02
last Poisson  : 16.506 s
last Quantum  : 0.385 s
-1.887853924602097e-05 9.410724397436951e-06
Iteration counts: [0, 2, 9]

--- Iteration 11 ---
Qprime size   : 596
max |ΔU|      : 1.088e-04
max |ΔU| norm  : 9.346e-04
max |Δn|      : 1.620e-03
max |Δn| norm  : 3.874e-03
max |ΔILDOS|  : 8.762e+01
last Poisson  : 16.432 s
last Quantum  : 0.386 s
-7.070571054642587e-06 4.008050716557183e-06
Iteration counts: [0, 2, 10]

--- Iteration 12 ---
Qprime size   : 596
max |ΔU|      : 5.238e-05
max |ΔU| norm  : 4.139e-04
max |Δn|      : 1.398e-03
max |Δn| norm  : 3.359e-03
max |ΔILDOS|  : 3.628e+01
last Poisson  : 16.515 s
last Quantum  : 0.474 s
-8.377087511204634e-06 3.991600249710592e-06
Iteration counts: [0, 2, 11]

--- Iteration 13 ---
Qprime size   : 596
max |ΔU|      : 1.031e-04
max |ΔU| norm  : 4.900e-04
max |Δn|      : 1.663e-03
max |Δn| norm  : 3.660e-03
max |ΔILDOS|  : 6.520e+01
last Poisson  : 16.471 s
last Quantum  : 0.456 s
-2.5869578121466572e-06 1.4815842515973224e-06
Iteration counts: [0, 2, 12]

--- Iteration 14 ---
Qprime size   : 596
max |ΔU|      : 9.076e-05
max |ΔU| norm  : 2.950e-04
max |Δn|      : 1.889e-03
max |Δn| norm  : 4.189e-03
max |ΔILDOS|  : 3.825e+01
last Poisson  : 16.406 s
last Quantum  : 0.358 s
-3.056585892104535e-06 1.3786944870871153e-06
Iteration counts: [0, 2, 13]

--- Iteration 15 ---
Qprime size   : 596
max |ΔU|      : 6.070e-05
max |ΔU| norm  : 2.249e-04
max |Δn|      : 1.656e-03
max |Δn| norm  : 3.691e-03
max |ΔILDOS|  : 2.486e+01
last Poisson  : 16.509 s
last Quantum  : 0.348 s
-2.9631614593788188e-08 2.190693667244587e-07
Iteration counts: [0, 2, 14]

--- Iteration 16 ---
Qprime size   : 596
max |ΔU|      : 7.554e-05
max |ΔU| norm  : 2.208e-04
max |Δn|      : 1.989e-03
max |Δn| norm  : 4.098e-03
max |ΔILDOS|  : 3.698e+01
last Poisson  : 16.527 s
last Quantum  : 0.431 s
-3.0900459632990196e-06 1.2758034146027042e-06
Iteration counts: [0, 2, 15]

--- Iteration 17 ---
Qprime size   : 596
max |ΔU|      : 8.877e-05
max |ΔU| norm  : 2.577e-04
max |Δn|      : 1.640e-03
max |Δn| norm  : 3.980e-03
max |ΔILDOS|  : 4.370e+01
last Poisson  : 16.576 s
last Quantum  : 0.452 s
2.5381313337804942e-06 -9.320062454432213e-07
Iteration counts: [0, 2, 16]

--- Iteration 18 ---
Qprime size   : 596
max |ΔU|      : 6.284e-05
max |ΔU| norm  : 2.553e-04
max |Δn|      : 1.424e-03
max |Δn| norm  : 3.415e-03
max |ΔILDOS|  : 4.540e+01
last Poisson  : 15.457 s
last Quantum  : 0.323 s
-2.229226295199088e-06 8.585121921589904e-07
Iteration counts: [0, 2, 17]

--- Iteration 19 ---
Qprime size   : 596
max |ΔU|      : 9.138e-05
max |ΔU| norm  : 2.715e-04
max |Δn|      : 1.703e-03
max |Δn| norm  : 3.758e-03
max |ΔILDOS|  : 5.208e+01
last Poisson  : 15.655 s
last Quantum  : 0.400 s
1.2575970299796116e-06 -4.0862475624174263e-07
Iteration counts: [0, 2, 18]

--- Iteration 20 ---
Qprime size   : 596
max |ΔU|      : 8.585e-05
max |ΔU| norm  : 2.892e-04
max |Δn|      : 1.867e-03
max |Δn| norm  : 4.256e-03
max |ΔILDOS|  : 4.455e+01
last Poisson  : 16.572 s
last Quantum  : 0.443 s
-1.3501878131960364e-06 4.809741455572425e-07
Iteration counts: [0, 2, 19]

--- Iteration 21 ---
Qprime size   : 596
max |ΔU|      : 4.333e-05
max |ΔU| norm  : 1.619e-04
max |Δn|      : 1.663e-03
max |Δn| norm  : 4.044e-03
max |ΔILDOS|  : 2.334e+01
last Poisson  : 16.443 s
last Quantum  : 0.453 s
1.0829280515160074e-06 -3.850354527778053e-07
Iteration counts: [0, 2, 20]

--- Iteration 22 ---
Qprime size   : 596
max |ΔU|      : 7.879e-05
max |ΔU| norm  : 2.367e-04
max |Δn|      : 1.949e-03
max |Δn| norm  : 4.339e-03
max |ΔILDOS|  : 3.721e+01
last Poisson  : 16.593 s
last Quantum  : 0.486 s
-2.5872914763875216e-06 9.89953154155688e-07
Iteration counts: [0, 2, 21]

--- Iteration 23 ---
Qprime size   : 596
max |ΔU|      : 9.173e-05
max |ΔU| norm  : 2.741e-04
max |Δn|      : 1.613e-03
max |Δn| norm  : 3.862e-03
max |ΔILDOS|  : 4.405e+01
last Poisson  : 16.541 s
last Quantum  : 0.450 s
3.837853651572925e-06 -1.4859737672662913e-06
Iteration counts: [0, 2, 22]

--- Iteration 24 ---
Qprime size   : 596
max |ΔU|      : 6.675e-05
max |ΔU| norm  : 2.961e-04
max |Δn|      : 1.216e-03
max |Δn| norm  : 3.201e-03
max |ΔILDOS|  : 4.657e+01
last Poisson  : 16.578 s
last Quantum  : 0.430 s
-2.630957230554635e-06 1.0082733161614158e-06
Iteration counts: [0, 2, 23]

--- Iteration 25 ---
Qprime size   : 596
max |ΔU|      : 9.200e-05
max |ΔU| norm  : 2.775e-04
max |Δn|      : 1.696e-03
max |Δn| norm  : 3.877e-03
max |ΔILDOS|  : 5.203e+01
last Poisson  : 16.605 s
last Quantum  : 0.468 s
1.2585299117096964e-06 -4.559770434081088e-07
Iteration counts: [0, 2, 24]

--- Iteration 26 ---
Qprime size   : 596
max |ΔU|      : 8.098e-05
max |ΔU| norm  : 2.725e-04
max |Δn|      : 1.895e-03
max |Δn| norm  : 4.431e-03
max |ΔILDOS|  : 4.382e+01
last Poisson  : 16.411 s
last Quantum  : 0.416 s
-1.2813861224600822e-06 4.400600981409664e-07
Iteration counts: [0, 2, 25]

--- Iteration 27 ---
Qprime size   : 596
max |ΔU|      : 4.462e-05
max |ΔU| norm  : 1.636e-04
max |Δn|      : 1.673e-03
max |Δn| norm  : 4.062e-03
max |ΔILDOS|  : 2.328e+01
last Poisson  : 16.663 s
last Quantum  : 0.430 s
1.5929197334538336e-06 -5.547605275842804e-07
Iteration counts: [0, 2, 26]

--- Iteration 28 ---
Qprime size   : 596
max |ΔU|      : 8.146e-05
max |ΔU| norm  : 2.525e-04
max |Δn|      : 1.933e-03
max |Δn| norm  : 4.271e-03
max |ΔILDOS|  : 3.687e+01
last Poisson  : 16.574 s
last Quantum  : 0.331 s
-2.6259091267356477e-06 1.0084795071663042e-06
Iteration counts: [0, 2, 27]

--- Iteration 29 ---
Qprime size   : 596
max |ΔU|      : 8.953e-05
max |ΔU| norm  : 2.560e-04
max |Δn|      : 1.614e-03
max |Δn| norm  : 4.048e-03
max |ΔILDOS|  : 4.172e+01
last Poisson  : 16.596 s
last Quantum  : 0.440 s
3.377027203293692e-06 -1.3419878543051589e-06
Iteration counts: [0, 2, 28]

--- Iteration 30 ---
Qprime size   : 596
max |ΔU|      : 6.667e-05
max |ΔU| norm  : 2.739e-04
max |Δn|      : 1.223e-03
max |Δn| norm  : 3.233e-03
max |ΔILDOS|  : 4.524e+01
last Poisson  : 16.452 s
last Quantum  : 0.340 s
-2.3674261198404604e-06 9.017278600058703e-07
FSC converged / stopped.
✔ Logged phi=0.1067, Vbg=1.1667

=== Running phi=0.1067, Vbg=1.3333 ===
🔄 Full Hamiltonian rebuild (qparams change)
The poisson problem has been initialized.
Iteration counts: [0, 0, 0]

--- Iteration 0 ---
Qprime size   : 596
-0.0005987913698937449 0.0002484290063584258
Iteration counts: [0, 1, 0]

--- Iteration 1 ---
Qprime size   : 596
max |ΔU|      : 7.843e-04
max |ΔU| norm  : 2.943e-02
max |Δn|      : 4.320e-03
max |Δn| norm  : 2.757e-02
last Poisson  : 16.056 s
-0.0004787175715057478 0.0001992609230427802
Iteration counts: [0, 1, 1]

--- Iteration 2 ---
Qprime size   : 596
max |ΔU|      : 6.272e-04
max |ΔU| norm  : 2.354e-02
max |Δn|      : 3.333e-03
max |Δn| norm  : 2.150e-02
max |ΔILDOS|  : 5.267e+02
last Poisson  : 16.407 s
last Quantum  : 0.431 s
-0.0010903070089005144 0.0005081601531681786
Iteration counts: [0, 1, 2]

--- Iteration 3 ---
Qprime size   : 596
max |ΔU|      : 1.229e-03
max |ΔU| norm  : 5.099e-02
max |Δn|      : 4.390e-03
max |Δn| norm  : 3.344e-02
max |ΔILDOS|  : 4.603e+02
last Poisson  : 16.401 s
last Quantum  : 0.362 s
-0.0006341897509007689 0.00030020573574677823
Iteration counts: [0, 2, 2]

--- Iteration 4 ---
Qprime size   : 596
max |ΔU|      : 7.124e-04
max |ΔU| norm  : 3.021e-02
max |Δn|      : 2.242e-03
max |Δn| norm  : 1.842e-02
max |ΔILDOS|  : 4.603e+02
last Poisson  : 16.205 s
last Quantum  : 0.362 s
-0.0005066133098101623 0.0002402589747263035
Iteration counts: [0, 2, 3]

--- Iteration 5 ---
Qprime size   : 596
max |ΔU|      : 5.679e-04
max |ΔU| norm  : 2.416e-02
max |Δn|      : 1.696e-03
max |Δn| norm  : 1.430e-02
max |ΔILDOS|  : 5.158e+02
last Poisson  : 16.273 s
last Quantum  : 0.326 s
-0.00017167385155089903 8.348312090499755e-05
Iteration counts: [0, 2, 4]

--- Iteration 6 ---
Qprime size   : 596
max |ΔU|      : 2.099e-04
max |ΔU| norm  : 8.376e-03
max |Δn|      : 2.148e-03
max |Δn| norm  : 1.234e-02
max |ΔILDOS|  : 4.240e+02
last Poisson  : 16.262 s
last Quantum  : 0.332 s
-0.00010800076093039032 5.265057517269993e-05
Iteration counts: [0, 2, 5]

--- Iteration 7 ---
Qprime size   : 596
max |ΔU|      : 1.303e-04
max |ΔU| norm  : 5.231e-03
max |Δn|      : 1.005e-03
max |Δn| norm  : 5.364e-03
max |ΔILDOS|  : 3.263e+02
last Poisson  : 16.315 s
last Quantum  : 0.376 s
-6.548700471994131e-05 3.2094635957731024e-05
Iteration counts: [0, 2, 6]

--- Iteration 8 ---
Qprime size   : 596
max |ΔU|      : 8.185e-05
max |ΔU| norm  : 3.174e-03
max |Δn|      : 1.169e-03
max |Δn| norm  : 3.962e-03
max |ΔILDOS|  : 1.919e+02
last Poisson  : 16.301 s
last Quantum  : 0.372 s
-4.073122919915509e-05 2.0016414349388536e-05
Iteration counts: [0, 2, 7]

--- Iteration 9 ---
Qprime size   : 596
max |ΔU|      : 7.241e-05
max |ΔU| norm  : 1.972e-03
max |Δn|      : 1.052e-03
max |Δn| norm  : 3.470e-03
max |ΔILDOS|  : 1.549e+02
last Poisson  : 16.337 s
last Quantum  : 0.366 s
-2.32204772616846e-05 1.1630812479199881e-05
Iteration counts: [0, 2, 8]

--- Iteration 10 ---
Qprime size   : 596
max |ΔU|      : 4.024e-05
max |ΔU| norm  : 1.145e-03
max |Δn|      : 1.167e-03
max |Δn| norm  : 3.291e-03
max |ΔILDOS|  : 6.816e+01
last Poisson  : 16.251 s
last Quantum  : 0.372 s
-1.601471254825142e-05 7.825625086018004e-06
Iteration counts: [0, 2, 9]

--- Iteration 11 ---
Qprime size   : 596
max |ΔU|      : 5.493e-05
max |ΔU| norm  : 7.700e-04
max |Δn|      : 1.062e-03
max |Δn| norm  : 2.856e-03
max |ΔILDOS|  : 7.003e+01
last Poisson  : 16.192 s
last Quantum  : 0.364 s
-8.461614660570921e-06 4.26111334318814e-06
Iteration counts: [0, 2, 10]

--- Iteration 12 ---
Qprime size   : 596
max |ΔU|      : 2.903e-05
max |ΔU| norm  : 4.235e-04
max |Δn|      : 9.635e-04
max |Δn| norm  : 2.648e-03
max |ΔILDOS|  : 2.110e+01
last Poisson  : 16.188 s
last Quantum  : 0.367 s
-5.76853624631471e-06 2.864224190012154e-06
Iteration counts: [0, 2, 11]

--- Iteration 13 ---
Qprime size   : 596
max |ΔU|      : 3.542e-05
max |ΔU| norm  : 2.886e-04
max |Δn|      : 1.331e-03
max |Δn| norm  : 3.070e-03
max |ΔILDOS|  : 3.880e+01
last Poisson  : 16.303 s
last Quantum  : 0.371 s
-2.3910438187302923e-06 1.2876300503995202e-06
Iteration counts: [0, 2, 12]

--- Iteration 14 ---
Qprime size   : 596
max |ΔU|      : 3.072e-05
max |ΔU| norm  : 1.610e-04
max |Δn|      : 1.238e-03
max |Δn| norm  : 3.255e-03
max |ΔILDOS|  : 1.152e+01
last Poisson  : 15.616 s
last Quantum  : 0.380 s
-3.184765933738505e-06 1.4413054325918245e-06
Iteration counts: [0, 2, 13]

--- Iteration 15 ---
Qprime size   : 596
max |ΔU|      : 4.237e-05
max |ΔU| norm  : 1.771e-04
max |Δn|      : 1.029e-03
max |Δn| norm  : 2.656e-03
max |ΔILDOS|  : 2.506e+01
last Poisson  : 16.114 s
last Quantum  : 0.349 s
-5.214344439133536e-07 3.268455556578685e-07
Iteration counts: [0, 2, 14]

--- Iteration 16 ---
Qprime size   : 596
max |ΔU|      : 4.280e-05
max |ΔU| norm  : 1.162e-04
max |Δn|      : 1.117e-03
max |Δn| norm  : 2.922e-03
max |ΔILDOS|  : 1.698e+01
last Poisson  : 16.395 s
last Quantum  : 0.345 s
-1.2242269868277402e-06 5.62152359254766e-07
Iteration counts: [0, 2, 15]

--- Iteration 17 ---
Qprime size   : 596
max |ΔU|      : 4.098e-05
max |ΔU| norm  : 1.163e-04
max |Δn|      : 1.035e-03
max |Δn| norm  : 2.902e-03
max |ΔILDOS|  : 1.874e+01
last Poisson  : 16.350 s
last Quantum  : 0.405 s
4.1154113900061047e-08 1.7658739908319367e-08
Iteration counts: [0, 2, 16]

--- Iteration 18 ---
Qprime size   : 596
max |ΔU|      : 3.294e-05
max |ΔU| norm  : 8.712e-05
max |Δn|      : 1.048e-03
max |Δn| norm  : 2.612e-03
max |ΔILDOS|  : 1.328e+01
last Poisson  : 16.369 s
last Quantum  : 0.400 s
-8.778664158129289e-07 3.749267621417582e-07
Iteration counts: [0, 2, 17]

--- Iteration 19 ---
Qprime size   : 596
max |ΔU|      : 3.196e-05
max |ΔU| norm  : 9.548e-05
max |Δn|      : 1.306e-03
max |Δn| norm  : 3.013e-03
max |ΔILDOS|  : 1.689e+01
last Poisson  : 16.138 s
last Quantum  : 0.405 s
7.048373375279915e-07 -2.553303491082942e-07
Iteration counts: [0, 2, 18]

--- Iteration 20 ---
Qprime size   : 596
max |ΔU|      : 3.252e-05
max |ΔU| norm  : 1.010e-04
max |Δn|      : 1.171e-03
max |Δn| norm  : 3.112e-03
max |ΔILDOS|  : 1.486e+01
last Poisson  : 16.265 s
last Quantum  : 0.448 s
-1.0199093143145866e-06 3.9454425147227915e-07
Iteration counts: [0, 2, 19]

--- Iteration 21 ---
Qprime size   : 596
max |ΔU|      : 4.070e-05
max |ΔU| norm  : 1.150e-04
max |Δn|      : 1.045e-03
max |Δn| norm  : 2.752e-03
max |ΔILDOS|  : 1.626e+01
last Poisson  : 16.171 s
last Quantum  : 0.434 s
5.944755880419262e-07 -2.2385525533739695e-07
Iteration counts: [0, 2, 20]

--- Iteration 22 ---
Qprime size   : 596
max |ΔU|      : 4.377e-05
max |ΔU| norm  : 1.146e-04
max |Δn|      : 1.100e-03
max |Δn| norm  : 2.971e-03
max |ΔILDOS|  : 1.747e+01
last Poisson  : 16.136 s
last Quantum  : 0.419 s
-6.213331938181925e-07 2.520894260630121e-07
Iteration counts: [0, 2, 21]

--- Iteration 23 ---
Qprime size   : 596
max |ΔU|      : 3.962e-05
max |ΔU| norm  : 1.103e-04
max |Δn|      : 1.104e-03
max |Δn| norm  : 2.995e-03
max |ΔILDOS|  : 1.595e+01
last Poisson  : 16.116 s
last Quantum  : 0.390 s
6.198705549354726e-07 -2.4337369915308306e-07
Iteration counts: [0, 2, 22]

--- Iteration 24 ---
Qprime size   : 596
max |ΔU|      : 3.455e-05
max |ΔU| norm  : 9.357e-05
max |Δn|      : 1.045e-03
max |Δn| norm  : 2.585e-03
max |ΔILDOS|  : 1.558e+01
last Poisson  : 16.212 s
last Quantum  : 0.380 s
-7.394775198619319e-07 2.8546143817761306e-07
Iteration counts: [0, 2, 23]

--- Iteration 25 ---
Qprime size   : 596
max |ΔU|      : 3.367e-05
max |ΔU| norm  : 9.357e-05
max |Δn|      : 1.041e-03
max |Δn| norm  : 2.776e-03
max |ΔILDOS|  : 1.579e+01
last Poisson  : 16.316 s
last Quantum  : 0.385 s
4.114883145459622e-07 -1.7230673693077944e-07
Iteration counts: [0, 2, 24]

--- Iteration 26 ---
Qprime size   : 596
max |ΔU|      : 3.160e-05
max |ΔU| norm  : 9.570e-05
max |Δn|      : 1.045e-03
max |Δn| norm  : 2.810e-03
max |ΔILDOS|  : 1.561e+01
last Poisson  : 16.353 s
last Quantum  : 0.435 s
8.842452854403966e-08 -5.428288387175631e-10
Iteration counts: [0, 2, 25]

--- Iteration 27 ---
Qprime size   : 596
max |ΔU|      : 3.763e-05
max |ΔU| norm  : 1.147e-04
max |Δn|      : 1.079e-03
max |Δn| norm  : 3.038e-03
max |ΔILDOS|  : 2.027e+01
last Poisson  : 16.313 s
last Quantum  : 0.432 s
3.065597818942223e-07 -1.3265361904852073e-07
Iteration counts: [0, 2, 26]

--- Iteration 28 ---
Qprime size   : 596
max |ΔU|      : 3.274e-05
max |ΔU| norm  : 9.117e-05
max |Δn|      : 1.063e-03
max |Δn| norm  : 2.799e-03
max |ΔILDOS|  : 1.558e+01
last Poisson  : 16.409 s
last Quantum  : 0.378 s
-1.1251126742624786e-06 4.175277992834633e-07
Iteration counts: [0, 2, 27]

--- Iteration 29 ---
Qprime size   : 596
max |ΔU|      : 4.063e-05
max |ΔU| norm  : 1.157e-04
max |Δn|      : 1.065e-03
max |Δn| norm  : 2.540e-03
max |ΔILDOS|  : 1.564e+01
last Poisson  : 16.197 s
last Quantum  : 0.417 s
1.0710600407181773e-06 -3.978212761895923e-07
Iteration counts: [0, 2, 28]

--- Iteration 30 ---
Qprime size   : 596
max |ΔU|      : 4.488e-05
max |ΔU| norm  : 1.314e-04
max |Δn|      : 1.046e-03
max |Δn| norm  : 2.879e-03
max |ΔILDOS|  : 2.013e+01
last Poisson  : 16.160 s
last Quantum  : 0.398 s
-9.169171157796293e-07 3.4253965193732444e-07
FSC converged / stopped.
✔ Logged phi=0.1067, Vbg=1.3333

=== Running phi=0.1067, Vbg=1.5000 ===
🔄 Full Hamiltonian rebuild (qparams change)
The poisson problem has been initialized.
Iteration counts: [0, 0, 0]

--- Iteration 0 ---
Qprime size   : 582
max |ΔU|      : 6.550e-14
max |ΔU| norm  : 1.562e-12
max |Δn|      : 2.467e-13
max |Δn| norm  : 1.180e-12
-0.0005108773208085724 0.00020340716120848776
Iteration counts: [0, 0, 1]

--- Iteration 1 ---
Qprime size   : 582
max |ΔU|      : 8.135e-04
max |ΔU| norm  : 2.464e-02
max |Δn|      : 5.801e-03
max |Δn| norm  : 2.536e-02
max |ΔILDOS|  : 5.203e+02
last Poisson  : 14.372 s
last Quantum  : 0.441 s
-0.001103208799087745 0.0005023704177163916
Iteration counts: [0, 0, 2]

--- Iteration 2 ---
Qprime size   : 582
max |ΔU|      : 1.333e-03
max |ΔU| norm  : 5.118e-02
max |Δn|      : 5.897e-03
max |Δn| norm  : 3.738e-02
max |ΔILDOS|  : 4.478e+02
last Poisson  : 14.055 s
last Quantum  : 0.430 s
-0.0006458602502786174 0.0002978921746676726
Iteration counts: [0, 1, 2]

--- Iteration 3 ---
Qprime size   : 582
max |ΔU|      : 7.782e-04
max |ΔU| norm  : 3.034e-02
max |Δn|      : 3.425e-03
max |Δn| norm  : 2.211e-02
max |ΔILDOS|  : 4.478e+02
last Poisson  : 14.175 s
last Quantum  : 0.430 s
-0.0005167215272663273 0.00023883536135789983
Iteration counts: [0, 1, 3]

--- Iteration 4 ---
Qprime size   : 582
max |ΔU|      : 6.241e-04
max |ΔU| norm  : 2.429e-02
max |Δn|      : 2.596e-03
max |Δn| norm  : 1.706e-02
max |ΔILDOS|  : 5.262e+02
last Poisson  : 14.080 s
last Quantum  : 0.362 s
-0.00019141840305864378 9.021441107813911e-05
Iteration counts: [0, 1, 4]

--- Iteration 5 ---
Qprime size   : 582
max |ΔU|      : 2.664e-04
max |ΔU| norm  : 9.133e-03
max |Δn|      : 2.960e-03
max |Δn| norm  : 1.264e-02
max |ΔILDOS|  : 3.652e+02
last Poisson  : 14.145 s
last Quantum  : 0.410 s
-0.00011717107715465007 5.5571500218939506e-05
Iteration counts: [0, 1, 5]

--- Iteration 6 ---
Qprime size   : 582
max |ΔU|      : 1.680e-04
max |ΔU| norm  : 5.606e-03
max |Δn|      : 1.410e-03
max |Δn| norm  : 6.849e-03
max |ΔILDOS|  : 2.619e+02
last Poisson  : 14.124 s
last Quantum  : 0.430 s
-7.090241002791342e-05 3.389302265223921e-05
Iteration counts: [0, 1, 6]

--- Iteration 7 ---
Qprime size   : 582
max |ΔU|      : 1.045e-04
max |ΔU| norm  : 3.420e-03
max |Δn|      : 1.666e-03
max |Δn| norm  : 5.993e-03
max |ΔILDOS|  : 1.710e+02
last Poisson  : 14.179 s
last Quantum  : 0.377 s
-4.410336221090215e-05 2.1118835221363405e-05
Iteration counts: [0, 1, 7]

--- Iteration 8 ---
Qprime size   : 582
max |ΔU|      : 9.448e-05
max |ΔU| norm  : 2.126e-03
max |Δn|      : 1.373e-03
max |Δn| norm  : 4.942e-03
max |ΔILDOS|  : 1.032e+02
last Poisson  : 14.047 s
last Quantum  : 0.416 s
-2.691583644607993e-05 1.3037488824454807e-05
Iteration counts: [0, 1, 8]

--- Iteration 9 ---
Qprime size   : 582
max |ΔU|      : 6.788e-05
max |ΔU| norm  : 1.322e-03
max |Δn|      : 1.762e-03
max |Δn| norm  : 5.456e-03
max |ΔILDOS|  : 6.256e+01
last Poisson  : 14.087 s
last Quantum  : 0.428 s
-1.5203682890000386e-05 7.516140248761641e-06
Iteration counts: [0, 1, 9]

--- Iteration 10 ---
Qprime size   : 582
max |ΔU|      : 5.642e-05
max |ΔU| norm  : 7.605e-04
max |Δn|      : 1.822e-03
max |Δn| norm  : 5.201e-03
max |ΔILDOS|  : 3.824e+01
last Poisson  : 14.149 s
last Quantum  : 0.386 s
-1.0166362269158521e-05 4.953660795873271e-06
Iteration counts: [0, 1, 10]

--- Iteration 11 ---
Qprime size   : 582
max |ΔU|      : 4.911e-05
max |ΔU| norm  : 5.431e-04
max |Δn|      : 1.526e-03
max |Δn| norm  : 4.600e-03
max |ΔILDOS|  : 2.314e+01
last Poisson  : 14.095 s
last Quantum  : 0.425 s
-6.001478908213862e-06 2.928813608864564e-06
Iteration counts: [0, 1, 11]

--- Iteration 12 ---
Qprime size   : 582
max |ΔU|      : 6.217e-05
max |ΔU| norm  : 3.754e-04
max |Δn|      : 1.297e-03
max |Δn| norm  : 4.318e-03
max |ΔILDOS|  : 2.619e+01
last Poisson  : 13.994 s
last Quantum  : 0.411 s
-3.7794761446368064e-06 1.8662302396150574e-06
Iteration counts: [0, 1, 12]

--- Iteration 13 ---
Qprime size   : 582
max |ΔU|      : 6.615e-05
max |ΔU| norm  : 3.042e-04
max |Δn|      : 1.281e-03
max |Δn| norm  : 4.529e-03
max |ΔILDOS|  : 2.996e+01
last Poisson  : 14.230 s
last Quantum  : 0.446 s
-2.5045406435571305e-06 1.1588159380487284e-06
Iteration counts: [0, 1, 13]

--- Iteration 14 ---
Qprime size   : 582
max |ΔU|      : 5.051e-05
max |ΔU| norm  : 2.316e-04
max |Δn|      : 2.393e-03
max |Δn| norm  : 5.225e-03
max |ΔILDOS|  : 2.385e+01
last Poisson  : 13.991 s
last Quantum  : 0.426 s
-2.3131183388907276e-07 3.208783840629574e-07
Iteration counts: [0, 1, 14]

--- Iteration 15 ---
Qprime size   : 582
max |ΔU|      : 5.329e-05
max |ΔU| norm  : 2.410e-04
max |Δn|      : 1.791e-03
max |Δn| norm  : 5.409e-03
max |ΔILDOS|  : 2.895e+01
last Poisson  : 14.270 s
last Quantum  : 0.379 s
-8.12368880956014e-07 3.747832754332514e-07
Iteration counts: [0, 1, 15]

--- Iteration 16 ---
Qprime size   : 582
max |ΔU|      : 5.134e-05
max |ΔU| norm  : 2.046e-04
max |Δn|      : 2.282e-03
max |Δn| norm  : 5.321e-03
max |ΔILDOS|  : 2.240e+01
last Poisson  : 14.289 s
last Quantum  : 0.370 s
-1.5321754504603633e-06 6.27443660708307e-07
Iteration counts: [0, 1, 16]

--- Iteration 17 ---
Qprime size   : 582
max |ΔU|      : 4.247e-05
max |ΔU| norm  : 2.010e-04
max |Δn|      : 1.427e-03
max |Δn| norm  : 4.630e-03
max |ΔILDOS|  : 2.087e+01
last Poisson  : 14.131 s
last Quantum  : 0.428 s
-1.0383678076075135e-06 3.8351569507288696e-07
Iteration counts: [0, 1, 17]

--- Iteration 18 ---
Qprime size   : 582
max |ΔU|      : 6.429e-05
max |ΔU| norm  : 2.448e-04
max |Δn|      : 1.274e-03
max |Δn| norm  : 4.253e-03
max |ΔILDOS|  : 2.654e+01
last Poisson  : 14.260 s
last Quantum  : 0.376 s
6.805484940576394e-07 -1.8682815999213187e-07
Iteration counts: [0, 1, 18]

--- Iteration 19 ---
Qprime size   : 582
max |ΔU|      : 7.069e-05
max |ΔU| norm  : 2.450e-04
max |Δn|      : 1.701e-03
max |Δn| norm  : 4.941e-03
max |ΔILDOS|  : 3.229e+01
last Poisson  : 14.168 s
last Quantum  : 0.366 s
4.7557931731260395e-07 -1.781894302474134e-07
Iteration counts: [0, 1, 19]

--- Iteration 20 ---
Qprime size   : 582
max |ΔU|      : 4.391e-05
max |ΔU| norm  : 1.934e-04
max |Δn|      : 2.459e-03
max |Δn| norm  : 5.578e-03
max |ΔILDOS|  : 2.591e+01
last Poisson  : 14.152 s
last Quantum  : 0.393 s
-9.85995424010187e-07 3.8301841514971854e-07
Iteration counts: [0, 1, 20]

--- Iteration 21 ---
Qprime size   : 582
max |ΔU|      : 4.819e-05
max |ΔU| norm  : 2.051e-04
max |Δn|      : 1.748e-03
max |Δn| norm  : 5.328e-03
max |ΔILDOS|  : 2.235e+01
last Poisson  : 14.284 s
last Quantum  : 0.383 s
4.703101568830834e-07 -1.8283406330948667e-07
Iteration counts: [0, 1, 21]

--- Iteration 22 ---
Qprime size   : 582
max |ΔU|      : 4.330e-05
max |ΔU| norm  : 1.854e-04
max |Δn|      : 1.917e-03
max |Δn| norm  : 5.073e-03
max |ΔILDOS|  : 2.121e+01
last Poisson  : 14.014 s
last Quantum  : 0.472 s
3.477607194349793e-07 -9.16400602750563e-08
Iteration counts: [0, 1, 22]

--- Iteration 23 ---
Qprime size   : 582
max |ΔU|      : 5.190e-05
max |ΔU| norm  : 2.118e-04
max |Δn|      : 1.714e-03
max |Δn| norm  : 5.186e-03
max |ΔILDOS|  : 2.843e+01
last Poisson  : 14.157 s
last Quantum  : 0.400 s
-1.1331757658102491e-06 3.701294192141238e-07
Iteration counts: [0, 1, 23]

--- Iteration 24 ---
Qprime size   : 582
max |ΔU|      : 6.726e-05
max |ΔU| norm  : 2.513e-04
max |Δn|      : 1.483e-03
max |Δn| norm  : 4.578e-03
max |ΔILDOS|  : 2.766e+01
last Poisson  : 14.294 s
last Quantum  : 0.427 s
2.3320986657735354e-08 1.6068921219148243e-08
Iteration counts: [0, 1, 24]

--- Iteration 25 ---
Qprime size   : 582
max |ΔU|      : 7.012e-05
max |ΔU| norm  : 2.379e-04
max |Δn|      : 1.531e-03
max |Δn| norm  : 4.723e-03
max |ΔILDOS|  : 3.208e+01
last Poisson  : 14.123 s
last Quantum  : 0.398 s
7.060118851505417e-07 -2.747888297531979e-07
Iteration counts: [0, 1, 25]

--- Iteration 26 ---
Qprime size   : 582
max |ΔU|      : 4.424e-05
max |ΔU| norm  : 1.910e-04
max |Δn|      : 2.457e-03
max |Δn| norm  : 5.536e-03
max |ΔILDOS|  : 2.596e+01
last Poisson  : 14.111 s
last Quantum  : 0.485 s
-1.8042502181903377e-07 9.244606535429988e-08
Iteration counts: [0, 1, 26]

--- Iteration 27 ---
Qprime size   : 582
max |ΔU|      : 5.191e-05
max |ΔU| norm  : 2.042e-04
max |Δn|      : 1.778e-03
max |Δn| norm  : 5.596e-03
max |ΔILDOS|  : 2.233e+01
last Poisson  : 14.154 s
last Quantum  : 0.383 s
5.548727747336358e-07 -2.1519620964388642e-07
Iteration counts: [0, 1, 27]

--- Iteration 28 ---
Qprime size   : 582
max |ΔU|      : 4.350e-05
max |ΔU| norm  : 1.921e-04
max |Δn|      : 1.918e-03
max |Δn| norm  : 5.042e-03
max |ΔILDOS|  : 2.123e+01
last Poisson  : 13.978 s
last Quantum  : 0.475 s
-7.518089907418514e-07 2.849340301646192e-07
Iteration counts: [0, 1, 28]

--- Iteration 29 ---
Qprime size   : 582
max |ΔU|      : 4.234e-05
max |ΔU| norm  : 1.862e-04
max |Δn|      : 1.462e-03
max |Δn| norm  : 4.587e-03
max |ΔILDOS|  : 2.050e+01
last Poisson  : 14.217 s
last Quantum  : 0.456 s
-5.64346690064829e-07 1.7453648027656953e-07
Iteration counts: [0, 1, 29]

--- Iteration 30 ---
Qprime size   : 582
max |ΔU|      : 6.723e-05
max |ΔU| norm  : 2.521e-04
max |Δn|      : 1.274e-03
max |Δn| norm  : 4.414e-03
max |ΔILDOS|  : 2.765e+01
last Poisson  : 14.217 s
last Quantum  : 0.357 s
7.016359786796276e-07 -2.255865538557117e-07
FSC converged / stopped.
✔ Logged phi=0.1067, Vbg=1.5000

=== Running phi=0.1067, Vbg=1.6667 ===
🔄 Full Hamiltonian rebuild (qparams change)
The poisson problem has been initialized.
Iteration counts: [0, 0, 0]

--- Iteration 0 ---
Qprime size   : 559
max |ΔU|      : 5.929e-14
max |ΔU| norm  : 1.005e-12
max |Δn|      : 2.300e-13
max |Δn| norm  : 1.176e-12
-0.0003929323172541542 0.00014025305492596497
Iteration counts: [0, 0, 1]

--- Iteration 1 ---
Qprime size   : 559
max |ΔU|      : 7.480e-04
max |ΔU| norm  : 1.958e-02
max |Δn|      : 7.068e-03
max |Δn| norm  : 2.569e-02
max |ΔILDOS|  : 6.627e+02
last Poisson  : 13.317 s
last Quantum  : 0.384 s
-0.0009499353932309273 0.000438839967969966
Iteration counts: [0, 0, 2]

--- Iteration 2 ---
Qprime size   : 559
max |ΔU|      : 1.170e-03
max |ΔU| norm  : 4.334e-02
max |Δn|      : 5.246e-03
max |Δn| norm  : 3.143e-02
max |ΔILDOS|  : 4.519e+02
last Poisson  : 13.333 s
last Quantum  : 0.386 s
-0.0005618405015861925 0.00026020665541862055
Iteration counts: [0, 1, 2]

--- Iteration 3 ---
Qprime size   : 559
max |ΔU|      : 7.128e-04
max |ΔU| norm  : 2.599e-02
max |Δn|      : 3.017e-03
max |Δn| norm  : 1.831e-02
max |ΔILDOS|  : 4.519e+02
last Poisson  : 14.127 s
last Quantum  : 0.386 s
-0.00044903182315674266 0.0002083316621020886
Iteration counts: [0, 1, 3]

--- Iteration 4 ---
Qprime size   : 559
max |ΔU|      : 5.635e-04
max |ΔU| norm  : 2.079e-02
max |Δn|      : 2.317e-03
max |Δn| norm  : 1.416e-02
max |ΔILDOS|  : 4.362e+02
last Poisson  : 14.657 s
last Quantum  : 0.306 s
-0.0001626453032814448 7.777346703714244e-05
Iteration counts: [0, 1, 4]

--- Iteration 5 ---
Qprime size   : 559
max |ΔU|      : 2.371e-04
max |ΔU| norm  : 7.460e-03
max |Δn|      : 2.378e-03
max |Δn| norm  : 9.440e-03
max |ΔILDOS|  : 3.255e+02
last Poisson  : 14.846 s
last Quantum  : 0.262 s
-9.752466310519443e-05 4.693496903407355e-05
Iteration counts: [0, 1, 5]

--- Iteration 6 ---
Qprime size   : 559
max |ΔU|      : 1.288e-04
max |ΔU| norm  : 4.498e-03
max |Δn|      : 9.604e-04
max |Δn| norm  : 4.686e-03
max |ΔILDOS|  : 2.237e+02
last Poisson  : 14.633 s
last Quantum  : 0.298 s
-6.019077347437525e-05 2.9006909559578134e-05
Iteration counts: [0, 1, 6]

--- Iteration 7 ---
Qprime size   : 559
max |ΔU|      : 8.090e-05
max |ΔU| norm  : 2.782e-03
max |Δn|      : 6.153e-04
max |Δn| norm  : 2.942e-03
max |ΔILDOS|  : 1.519e+02
last Poisson  : 14.618 s
last Quantum  : 0.347 s
-3.798028996136246e-05 1.8179481691642394e-05
Iteration counts: [0, 1, 7]

--- Iteration 8 ---
Qprime size   : 559
max |ΔU|      : 8.898e-05
max |ΔU| norm  : 1.758e-03
max |Δn|      : 1.808e-03
max |Δn| norm  : 3.300e-03
max |ΔILDOS|  : 9.259e+01
last Poisson  : 13.465 s
last Quantum  : 0.333 s
-2.326292763199786e-05 1.1113351009555011e-05
Iteration counts: [0, 1, 8]

--- Iteration 9 ---
Qprime size   : 559
max |ΔU|      : 5.328e-05
max |ΔU| norm  : 1.084e-03
max |Δn|      : 1.215e-03
max |Δn| norm  : 2.612e-03
max |ΔILDOS|  : 5.717e+01
last Poisson  : 13.456 s
last Quantum  : 0.334 s
-1.243591336016975e-05 6.121178035425325e-06
Iteration counts: [0, 1, 9]

--- Iteration 10 ---
Qprime size   : 559
max |ΔU|      : 2.933e-05
max |ΔU| norm  : 5.970e-04
max |Δn|      : 1.284e-03
max |Δn| norm  : 2.164e-03
max |ΔILDOS|  : 3.429e+01
last Poisson  : 13.488 s
last Quantum  : 0.325 s
-1.0323338438648145e-05 4.733751898872668e-06
Iteration counts: [0, 1, 10]

--- Iteration 11 ---
Qprime size   : 559
max |ΔU|      : 6.686e-05
max |ΔU| norm  : 4.982e-04
max |Δn|      : 1.598e-03
max |Δn| norm  : 2.945e-03
max |ΔILDOS|  : 3.276e+01
last Poisson  : 13.483 s
last Quantum  : 0.325 s
-4.221794403799988e-06 2.116227040645672e-06
Iteration counts: [0, 1, 11]

--- Iteration 12 ---
Qprime size   : 559
max |ΔU|      : 3.162e-05
max |ΔU| norm  : 2.279e-04
max |Δn|      : 1.261e-03
max |Δn| norm  : 2.628e-03
max |ΔILDOS|  : 1.640e+01
last Poisson  : 13.488 s
last Quantum  : 0.316 s
-3.402446906890331e-06 1.588240830389802e-06
Iteration counts: [0, 1, 12]

--- Iteration 13 ---
Qprime size   : 559
max |ΔU|      : 3.400e-05
max |ΔU| norm  : 1.758e-04
max |Δn|      : 1.273e-03
max |Δn| norm  : 1.949e-03
max |ΔILDOS|  : 1.555e+01
last Poisson  : 13.487 s
last Quantum  : 0.312 s
-2.1452183206790445e-06 9.953068517984645e-07
Iteration counts: [0, 1, 13]

--- Iteration 14 ---
Qprime size   : 559
max |ΔU|      : 5.196e-05
max |ΔU| norm  : 1.489e-04
max |Δn|      : 1.792e-03
max |Δn| norm  : 3.097e-03
max |ΔILDOS|  : 3.007e+01
last Poisson  : 14.552 s
last Quantum  : 0.360 s
-2.093981405625904e-06 8.867079189814833e-07
Iteration counts: [0, 1, 14]

--- Iteration 15 ---
Qprime size   : 559
max |ΔU|      : 4.263e-05
max |ΔU| norm  : 1.424e-04
max |Δn|      : 1.333e-03
max |Δn| norm  : 2.902e-03
max |ΔILDOS|  : 1.901e+01
last Poisson  : 13.271 s
last Quantum  : 0.332 s
9.994386910626745e-07 -2.9290889872807116e-07
Iteration counts: [0, 1, 15]

--- Iteration 16 ---
Qprime size   : 559
max |ΔU|      : 4.127e-05
max |ΔU| norm  : 1.345e-04
max |Δn|      : 1.304e-03
max |Δn| norm  : 2.432e-03
max |ΔILDOS|  : 1.717e+01
last Poisson  : 13.266 s
last Quantum  : 0.339 s
-1.8842320989893333e-06 7.478341442448017e-07
Iteration counts: [0, 1, 16]

--- Iteration 17 ---
Qprime size   : 559
max |ΔU|      : 4.975e-05
max |ΔU| norm  : 1.519e-04
max |Δn|      : 1.441e-03
max |Δn| norm  : 2.938e-03
max |ΔILDOS|  : 2.337e+01
last Poisson  : 13.259 s
last Quantum  : 0.291 s
4.01716043247477e-07 -1.386813822184231e-07
Iteration counts: [0, 1, 17]

--- Iteration 18 ---
Qprime size   : 559
max |ΔU|      : 3.727e-05
max |ΔU| norm  : 1.033e-04
max |Δn|      : 1.411e-03
max |Δn| norm  : 3.089e-03
max |ΔILDOS|  : 1.745e+01
last Poisson  : 13.254 s
last Quantum  : 0.367 s
-3.4490920811452983e-07 1.536136007035014e-07
Iteration counts: [0, 1, 18]

--- Iteration 19 ---
Qprime size   : 559
max |ΔU|      : 3.159e-05
max |ΔU| norm  : 7.739e-05
max |Δn|      : 1.280e-03
max |Δn| norm  : 2.430e-03
max |ΔILDOS|  : 1.541e+01
last Poisson  : 13.264 s
last Quantum  : 0.317 s
-7.637223185019494e-08 3.91316572235585e-08
Iteration counts: [0, 1, 19]

--- Iteration 20 ---
Qprime size   : 559
max |ΔU|      : 4.752e-05
max |ΔU| norm  : 1.108e-04
max |Δn|      : 1.705e-03
max |Δn| norm  : 3.240e-03
max |ΔILDOS|  : 2.743e+01
last Poisson  : 13.268 s
last Quantum  : 0.324 s
-7.57241595162363e-07 2.8341985906459865e-07
Iteration counts: [0, 1, 20]

--- Iteration 21 ---
Qprime size   : 559
max |ΔU|      : 3.632e-05
max |ΔU| norm  : 1.005e-04
max |Δn|      : 1.363e-03
max |Δn| norm  : 2.912e-03
max |ΔILDOS|  : 1.977e+01
last Poisson  : 13.275 s
last Quantum  : 0.328 s
1.623592906915836e-06 -5.964484260455111e-07
Iteration counts: [0, 1, 21]

--- Iteration 22 ---
Qprime size   : 559
max |ΔU|      : 4.172e-05
max |ΔU| norm  : 1.435e-04
max |Δn|      : 1.323e-03
max |Δn| norm  : 2.457e-03
max |ΔILDOS|  : 1.793e+01
last Poisson  : 13.268 s
last Quantum  : 0.328 s
-1.5196492795727103e-06 5.685388097857803e-07
Iteration counts: [0, 1, 22]

--- Iteration 23 ---
Qprime size   : 559
max |ΔU|      : 5.205e-05
max |ΔU| norm  : 1.458e-04
max |Δn|      : 1.513e-03
max |Δn| norm  : 2.978e-03
max |ΔILDOS|  : 2.420e+01
last Poisson  : 13.258 s
last Quantum  : 0.322 s
6.387207657531016e-07 -2.516173575703176e-07
Iteration counts: [0, 1, 23]

--- Iteration 24 ---
Qprime size   : 559
max |ΔU|      : 3.981e-05
max |ΔU| norm  : 1.063e-04
max |Δn|      : 1.518e-03
max |Δn| norm  : 3.162e-03
max |ΔILDOS|  : 1.841e+01
last Poisson  : 13.766 s
last Quantum  : 0.290 s
-1.892669352924047e-07 7.97115743352581e-08
Iteration counts: [0, 1, 24]

--- Iteration 25 ---
Qprime size   : 559
max |ΔU|      : 3.127e-05
max |ΔU| norm  : 7.759e-05
max |Δn|      : 1.290e-03
max |Δn| norm  : 2.507e-03
max |ΔILDOS|  : 1.617e+01
last Poisson  : 14.913 s
last Quantum  : 0.339 s
2.446447637540222e-08 -5.9718019014364035e-09
Iteration counts: [0, 1, 25]

--- Iteration 26 ---
Qprime size   : 559
max |ΔU|      : 4.790e-05
max |ΔU| norm  : 1.118e-04
max |Δn|      : 1.715e-03
max |Δn| norm  : 3.293e-03
max |ΔILDOS|  : 2.758e+01
last Poisson  : 14.671 s
last Quantum  : 0.315 s
-6.471597028259086e-07 2.3868225674347506e-07
Iteration counts: [0, 1, 26]

--- Iteration 27 ---
Qprime size   : 559
max |ΔU|      : 3.587e-05
max |ΔU| norm  : 9.668e-05
max |Δn|      : 1.373e-03
max |Δn| norm  : 2.908e-03
max |ΔILDOS|  : 1.980e+01
last Poisson  : 14.701 s
last Quantum  : 0.287 s
1.6450653049063683e-06 -6.07993352922286e-07
Iteration counts: [0, 1, 27]

--- Iteration 28 ---
Qprime size   : 559
max |ΔU|      : 4.156e-05
max |ΔU| norm  : 1.434e-04
max |Δn|      : 1.329e-03
max |Δn| norm  : 2.460e-03
max |ΔILDOS|  : 1.780e+01
last Poisson  : 14.757 s
last Quantum  : 0.267 s
-1.4882041259028383e-06 5.556197240478892e-07
Iteration counts: [0, 1, 28]

--- Iteration 29 ---
Qprime size   : 559
max |ΔU|      : 5.215e-05
max |ΔU| norm  : 1.447e-04
max |Δn|      : 1.517e-03
max |Δn| norm  : 2.974e-03
max |ΔILDOS|  : 2.420e+01
last Poisson  : 14.741 s
last Quantum  : 0.261 s
6.546970305856766e-07 -2.585747325977043e-07
Iteration counts: [0, 1, 29]

--- Iteration 30 ---
Qprime size   : 559
max |ΔU|      : 4.014e-05
max |ΔU| norm  : 1.070e-04
max |Δn|      : 1.535e-03
max |Δn| norm  : 3.170e-03
max |ΔILDOS|  : 1.857e+01
last Poisson  : 14.726 s
last Quantum  : 0.346 s
-2.0635748753047153e-07 8.456497372997813e-08
FSC converged / stopped.
✔ Logged phi=0.1067, Vbg=1.6667

=== Running phi=0.1067, Vbg=1.8333 ===
🔄 Full Hamiltonian rebuild (qparams change)
The poisson problem has been initialized.
Iteration counts: [0, 0, 0]

--- Iteration 0 ---
Qprime size   : 534
max |ΔU|      : 5.307e-14
max |ΔU| norm  : 2.104e-12
max |Δn|      : 1.972e-13
max |Δn| norm  : 1.211e-12
-0.00026775306488177093 6.281245669331761e-05
Iteration counts: [0, 0, 1]

--- Iteration 1 ---
Qprime size   : 534
max |ΔU|      : 6.428e-04
max |ΔU| norm  : 1.583e-02
max |Δn|      : 4.626e-03
max |Δn| norm  : 2.776e-02
max |ΔILDOS|  : 5.014e+02
last Poisson  : 16.007 s
last Quantum  : 0.359 s
-0.0007786560934535284 0.0003472092467589714
Iteration counts: [0, 0, 2]

--- Iteration 2 ---
Qprime size   : 534
max |ΔU|      : 1.056e-03
max |ΔU| norm  : 3.418e-02
max |Δn|      : 4.977e-03
max |Δn| norm  : 2.993e-02
max |ΔILDOS|  : 4.514e+02
last Poisson  : 15.921 s
last Quantum  : 0.317 s
-0.00046662217904892703 0.0002100950750925169
Iteration counts: [0, 0, 3]

--- Iteration 3 ---
Qprime size   : 534
max |ΔU|      : 6.278e-04
max |ΔU| norm  : 2.059e-02
max |Δn|      : 3.310e-03
max |Δn| norm  : 1.737e-02
max |ΔILDOS|  : 4.422e+02
last Poisson  : 15.949 s
last Quantum  : 0.329 s
-0.00027847445501272023 0.00012679485531255367
Iteration counts: [0, 0, 4]

--- Iteration 4 ---
Qprime size   : 534
max |ΔU|      : 3.728e-04
max |ΔU| norm  : 1.242e-02
max |Δn|      : 1.622e-03
max |Δn| norm  : 1.012e-02
max |ΔILDOS|  : 3.901e+02
last Poisson  : 15.823 s
last Quantum  : 0.322 s
-0.00016657080907991176 7.677597416630787e-05
Iteration counts: [0, 0, 5]

--- Iteration 5 ---
Qprime size   : 534
max |ΔU|      : 2.260e-04
max |ΔU| norm  : 7.540e-03
max |Δn|      : 8.901e-04
max |Δn| norm  : 5.783e-03
max |ΔILDOS|  : 3.444e+02
last Poisson  : 15.819 s
last Quantum  : 0.320 s
-9.979147178434077e-05 4.6593069572740946e-05
Iteration counts: [0, 0, 6]

--- Iteration 6 ---
Qprime size   : 534
max |ΔU|      : 1.365e-04
max |ΔU| norm  : 4.557e-03
max |Δn|      : 6.409e-04
max |Δn| norm  : 3.599e-03
max |ΔILDOS|  : 2.398e+02
last Poisson  : 15.991 s
last Quantum  : 0.328 s
-5.969159898923899e-05 2.8128518889566506e-05
Iteration counts: [0, 0, 7]

--- Iteration 7 ---
Qprime size   : 534
max |ΔU|      : 8.107e-05
max |ΔU| norm  : 2.740e-03
max |Δn|      : 4.362e-04
max |Δn| norm  : 2.279e-03
max |ΔILDOS|  : 1.620e+02
last Poisson  : 15.994 s
last Quantum  : 0.325 s
-3.609767946135326e-05 1.7136316782971094e-05
Iteration counts: [0, 0, 8]

--- Iteration 8 ---
Qprime size   : 534
max |ΔU|      : 4.975e-05
max |ΔU| norm  : 1.671e-03
max |Δn|      : 2.787e-04
max |Δn| norm  : 1.446e-03
max |ΔILDOS|  : 9.986e+01
last Poisson  : 15.676 s
last Quantum  : 0.241 s
-2.182338726895141e-05 1.0423240557785263e-05
Iteration counts: [0, 0, 9]

--- Iteration 9 ---
Qprime size   : 534
max |ΔU|      : 3.084e-05
max |ΔU| norm  : 1.020e-03
max |Δn|      : 1.847e-04
max |Δn| norm  : 9.313e-04
max |ΔILDOS|  : 6.088e+01
last Poisson  : 15.168 s
last Quantum  : 0.238 s
-1.3131157844641388e-05 6.278119618496913e-06
Iteration counts: [0, 0, 10]

--- Iteration 10 ---
Qprime size   : 534
max |ΔU|      : 1.909e-05
max |ΔU| norm  : 6.199e-04
max |Δn|      : 1.221e-04
max |Δn| norm  : 6.090e-04
max |ΔILDOS|  : 3.778e+01
last Poisson  : 15.096 s
last Quantum  : 0.244 s
-7.679222164942927e-06 3.664826798036668e-06
Iteration counts: [0, 0, 11]

--- Iteration 11 ---
Qprime size   : 534
max |ΔU|      : 1.134e-05
max |ΔU| norm  : 3.647e-04
max |Δn|      : 8.258e-05
max |Δn| norm  : 4.079e-04
max |ΔILDOS|  : 2.193e+01
last Poisson  : 14.952 s
last Quantum  : 0.238 s
-4.729395252358722e-06 2.267455535630582e-06
Iteration counts: [0, 0, 12]

--- Iteration 12 ---
Qprime size   : 534
max |ΔU|      : 7.099e-06
max |ΔU| norm  : 2.267e-04
max |Δn|      : 5.880e-05
max |Δn| norm  : 2.639e-04
max |ΔILDOS|  : 1.389e+01
last Poisson  : 14.953 s
last Quantum  : 0.238 s
-2.970208279217594e-06 1.4352968283158499e-06
Iteration counts: [0, 0, 13]

--- Iteration 13 ---
Qprime size   : 534
max |ΔU|      : 4.525e-06
max |ΔU| norm  : 1.439e-04
max |Δn|      : 4.162e-05
max |Δn| norm  : 1.739e-04
max |ΔILDOS|  : 8.950e+00
last Poisson  : 14.913 s
last Quantum  : 0.245 s
-1.8119534703544822e-06 8.808410508185586e-07
Iteration counts: [0, 0, 14]

--- Iteration 14 ---
Qprime size   : 534
max |ΔU|      : 2.751e-06
max |ΔU| norm  : 8.862e-05
max |Δn|      : 2.905e-05
max |Δn| norm  : 1.175e-04
max |ΔILDOS|  : 5.397e+00
last Poisson  : 15.650 s
last Quantum  : 0.294 s
-1.10784425519183e-06 5.399948220646129e-07
Iteration counts: [0, 0, 15]

--- Iteration 15 ---
Qprime size   : 534
max |ΔU|      : 1.733e-06
max |ΔU| norm  : 5.482e-05
max |Δn|      : 2.004e-05
max |Δn| norm  : 7.874e-05
max |ΔILDOS|  : 3.320e+00
last Poisson  : 16.042 s
last Quantum  : 0.312 s
-6.762765540132319e-07 3.300346000125635e-07
Iteration counts: [0, 0, 16]

--- Iteration 16 ---
Qprime size   : 534
max |ΔU|      : 1.107e-06
max |ΔU| norm  : 3.388e-05
max |Δn|      : 1.372e-05
max |Δn| norm  : 5.296e-05
max |ΔILDOS|  : 2.048e+00
last Poisson  : 16.078 s
last Quantum  : 0.300 s
-4.125911188227095e-07 2.0128685261788538e-07
Iteration counts: [0, 0, 17]

--- Iteration 17 ---
Qprime size   : 534
max |ΔU|      : 7.099e-07
max |ΔU| norm  : 2.096e-05
max |Δn|      : 9.331e-06
max |Δn| norm  : 3.568e-05
max |ΔILDOS|  : 1.267e+00
last Poisson  : 15.867 s
last Quantum  : 0.297 s
-2.513822231589851e-07 1.2246576509713912e-07
Iteration counts: [0, 0, 18]

--- Iteration 18 ---
Qprime size   : 534
max |ΔU|      : 4.561e-07
max |ΔU| norm  : 1.297e-05
max |Δn|      : 6.320e-06
max |Δn| norm  : 2.407e-05
max |ΔILDOS|  : 7.858e-01
last Poisson  : 15.422 s
last Quantum  : 0.297 s
-1.5307344006431825e-07 7.438084457912836e-08
Iteration counts: [0, 0, 19]

--- Iteration 19 ---
Qprime size   : 534
max |ΔU|      : 2.938e-07
max |ΔU| norm  : 8.031e-06
max |Δn|      : 4.267e-06
max |Δn| norm  : 1.627e-05
max |ΔILDOS|  : 4.886e-01
last Poisson  : 15.210 s
last Quantum  : 0.289 s
-9.316052033449387e-08 4.510382294414001e-08
Iteration counts: [0, 0, 20]

--- Iteration 20 ---
Qprime size   : 534
max |ΔU|      : 1.897e-07
max |ΔU| norm  : 4.981e-06
max |Δn|      : 2.874e-06
max |Δn| norm  : 1.103e-05
max |ΔILDOS|  : 3.047e-01
last Poisson  : 14.885 s
last Quantum  : 0.274 s
-5.667505168527318e-08 2.7311545637016297e-08
Iteration counts: [0, 0, 21]

--- Iteration 21 ---
Qprime size   : 534
max |ΔU|      : 1.228e-07
max |ΔU| norm  : 3.096e-06
max |Δn|      : 1.931e-06
max |Δn| norm  : 7.489e-06
max |ΔILDOS|  : 2.016e-01
last Poisson  : 14.637 s
last Quantum  : 0.288 s
-3.447096816386762e-08 1.6517919480401747e-08
Iteration counts: [0, 0, 22]

--- Iteration 22 ---
Qprime size   : 534
max |ΔU|      : 7.973e-08
max |ΔU| norm  : 1.930e-06
max |Δn|      : 1.296e-06
max |Δn| norm  : 5.098e-06
max |ΔILDOS|  : 1.427e-01
last Poisson  : 14.548 s
last Quantum  : 0.278 s
-2.096673348379249e-08 9.980554814695703e-09
Iteration counts: [0, 0, 23]

--- Iteration 23 ---
Qprime size   : 534
max |ΔU|      : 5.191e-08
max |ΔU| norm  : 1.207e-06
max |Δn|      : 8.687e-07
max |Δn| norm  : 3.478e-06
max |ΔILDOS|  : 1.011e-01
last Poisson  : 14.697 s
last Quantum  : 0.303 s
-1.2756651879053588e-08 6.026454388742782e-09
Iteration counts: [0, 0, 24]

--- Iteration 24 ---
Qprime size   : 534
max |ΔU|      : 3.390e-08
max |ΔU| norm  : 7.585e-07
max |Δn|      : 5.816e-07
max |Δn| norm  : 2.378e-06
max |ΔILDOS|  : 7.168e-02
last Poisson  : 14.535 s
last Quantum  : 0.273 s
-7.768475638324222e-09 3.6385338227876656e-09
Iteration counts: [0, 0, 25]

--- Iteration 25 ---
Qprime size   : 534
max |ΔU|      : 2.221e-08
max |ΔU| norm  : 4.794e-07
max |Δn|      : 3.890e-07
max |Δn| norm  : 1.629e-06
max |ΔILDOS|  : 5.087e-02
last Poisson  : 14.525 s
last Quantum  : 0.293 s
-4.736303544031911e-09 2.197301441574918e-09
Iteration counts: [0, 0, 26]

--- Iteration 26 ---
Qprime size   : 534
max |ΔU|      : 1.577e-08
max |ΔU| norm  : 3.049e-07
max |Δn|      : 2.600e-07
max |Δn| norm  : 1.119e-06
max |ΔILDOS|  : 3.613e-02
last Poisson  : 14.520 s
last Quantum  : 0.284 s
-2.8921076791240387e-09 1.3278530225907027e-09
Iteration counts: [0, 0, 27]

--- Iteration 27 ---
Qprime size   : 534
max |ΔU|      : 1.168e-08
max |ΔU| norm  : 1.953e-07
max |Δn|      : 1.737e-07
max |Δn| norm  : 7.698e-07
max |ΔILDOS|  : 2.576e-02
last Poisson  : 14.640 s
last Quantum  : 0.279 s
-1.7695895818393586e-09 8.034562508582639e-10
Iteration counts: [0, 0, 28]

--- Iteration 28 ---
Qprime size   : 534
max |ΔU|      : 8.594e-09
max |ΔU| norm  : 1.261e-07
max |Δn|      : 1.159e-07
max |Δn| norm  : 5.308e-07
max |ΔILDOS|  : 1.841e-02
last Poisson  : 14.553 s
last Quantum  : 0.288 s
-1.0855282373616612e-09 4.870971691243113e-10
Iteration counts: [0, 0, 29]

--- Iteration 29 ---
Qprime size   : 534
max |ΔU|      : 6.291e-09
max |ΔU| norm  : 8.211e-08
max |Δn|      : 8.318e-08
max |Δn| norm  : 3.668e-07
max |ΔILDOS|  : 1.316e-02
last Poisson  : 14.890 s
last Quantum  : 0.290 s
-6.680009737914179e-10 2.961094527177325e-10
Iteration counts: [0, 0, 30]

--- Iteration 30 ---
Qprime size   : 534
max |ΔU|      : 4.587e-09
max |ΔU| norm  : 5.391e-08
max |Δn|      : 5.980e-08
max |Δn| norm  : 2.539e-07
max |ΔILDOS|  : 9.410e-03
last Poisson  : 14.526 s
last Quantum  : 0.298 s
-4.1262671682099903e-10 1.8065975175056246e-10
FSC converged / stopped.
✔ Logged phi=0.1067, Vbg=1.8333

=== Running phi=0.1067, Vbg=2.0000 ===
🔄 Full Hamiltonian rebuild (qparams change)
The poisson problem has been initialized.
Iteration counts: [0, 0, 0]

--- Iteration 0 ---
Qprime size   : 501
max |ΔU|      : 5.396e-14
max |ΔU| norm  : 2.473e-12
max |Δn|      : 2.049e-13
max |Δn| norm  : 1.443e-12
-0.00018272068940157103 1.62967287573073e-05
Iteration counts: [0, 0, 1]

--- Iteration 1 ---
Qprime size   : 501
max |ΔU|      : 7.271e-04
max |ΔU| norm  : 1.369e-02
max |Δn|      : 5.459e-03
max |Δn| norm  : 2.738e-02
max |ΔILDOS|  : 5.736e+02
last Poisson  : 14.176 s
last Quantum  : 0.300 s
-0.0006411192937057351 0.00027565863227746473
Iteration counts: [0, 0, 2]

--- Iteration 2 ---
Qprime size   : 501
max |ΔU|      : 9.258e-04
max |ΔU| norm  : 2.794e-02
max |Δn|      : 5.481e-03
max |Δn| norm  : 2.888e-02
max |ΔILDOS|  : 4.559e+02
last Poisson  : 14.176 s
last Quantum  : 0.262 s
-0.00037333250067488603 0.00016222444271535248
Iteration counts: [0, 0, 3]

--- Iteration 3 ---
Qprime size   : 501
max |ΔU|      : 5.476e-04
max |ΔU| norm  : 1.654e-02
max |Δn|      : 2.186e-03
max |Δn| norm  : 1.608e-02
max |ΔILDOS|  : 4.536e+02
last Poisson  : 14.151 s
last Quantum  : 0.271 s
-0.00022098565990483505 9.718861676501354e-05
Iteration counts: [0, 0, 4]

--- Iteration 4 ---
Qprime size   : 501
max |ΔU|      : 2.974e-04
max |ΔU| norm  : 9.849e-03
max |Δn|      : 1.727e-03
max |Δn| norm  : 9.511e-03
max |ΔILDOS|  : 4.290e+02
last Poisson  : 14.198 s
last Quantum  : 0.265 s
-0.00013175903446302104 5.827308626134021e-05
Iteration counts: [0, 0, 5]

--- Iteration 5 ---
Qprime size   : 501
max |ΔU|      : 1.871e-04
max |ΔU| norm  : 5.991e-03
max |Δn|      : 8.508e-04
max |Δn| norm  : 5.487e-03
max |ΔILDOS|  : 3.292e+02
last Poisson  : 14.712 s
last Quantum  : 0.261 s
-7.89199733166506e-05 3.505991376022293e-05
Iteration counts: [0, 0, 6]

--- Iteration 6 ---
Qprime size   : 501
max |ΔU|      : 1.112e-04
max |ΔU| norm  : 3.621e-03
max |Δn|      : 7.477e-04
max |Δn| norm  : 3.378e-03
max |ΔILDOS|  : 2.277e+02
last Poisson  : 14.247 s
last Quantum  : 0.244 s
-4.725122298857191e-05 2.0841716850506746e-05
Iteration counts: [0, 0, 7]

--- Iteration 7 ---
Qprime size   : 501
max |ΔU|      : 6.966e-05
max |ΔU| norm  : 2.193e-03
max |Δn|      : 6.644e-04
max |Δn| norm  : 2.129e-03
max |ΔILDOS|  : 1.525e+02
last Poisson  : 14.230 s
last Quantum  : 0.229 s
-2.8462730710671258e-05 1.2629692744863747e-05
Iteration counts: [0, 0, 8]

--- Iteration 8 ---
Qprime size   : 501
max |ΔU|      : 4.226e-05
max |ΔU| norm  : 1.324e-03
max |Δn|      : 4.705e-04
max |Δn| norm  : 1.377e-03
max |ΔILDOS|  : 8.880e+01
last Poisson  : 14.317 s
last Quantum  : 0.260 s
-1.7508073504341122e-05 7.84176323845968e-06
Iteration counts: [0, 0, 9]

--- Iteration 9 ---
Qprime size   : 501
max |ΔU|      : 2.774e-05
max |ΔU| norm  : 8.230e-04
max |Δn|      : 4.464e-04
max |Δn| norm  : 9.322e-04
max |ΔILDOS|  : 6.021e+01
last Poisson  : 14.215 s
last Quantum  : 0.258 s
-1.0448493070279063e-05 4.667095577379739e-06
Iteration counts: [0, 0, 10]

--- Iteration 10 ---
Qprime size   : 501
max |ΔU|      : 2.098e-05
max |ΔU| norm  : 4.890e-04
max |Δn|      : 4.564e-04
max |Δn| norm  : 7.430e-04
max |ΔILDOS|  : 3.269e+01
last Poisson  : 14.209 s
last Quantum  : 0.277 s
-6.466536468601696e-06 2.9230593263981394e-06
Iteration counts: [0, 0, 11]

--- Iteration 11 ---
Qprime size   : 501
max |ΔU|      : 1.266e-05
max |ΔU| norm  : 3.090e-04
max |Δn|      : 4.202e-04
max |Δn| norm  : 5.955e-04
max |ΔILDOS|  : 2.396e+01
last Poisson  : 14.249 s
last Quantum  : 0.255 s
-4.007169183323237e-06 1.8206869448603634e-06
Iteration counts: [0, 0, 12]

--- Iteration 12 ---
Qprime size   : 501
max |ΔU|      : 1.234e-05
max |ΔU| norm  : 1.880e-04
max |Δn|      : 3.378e-04
max |Δn| norm  : 4.635e-04
max |ΔILDOS|  : 1.264e+01
last Poisson  : 14.237 s
last Quantum  : 0.243 s
-2.3656809542487158e-06 1.0772474820483314e-06
Iteration counts: [0, 0, 13]

--- Iteration 13 ---
Qprime size   : 501
max |ΔU|      : 7.662e-06
max |ΔU| norm  : 1.192e-04
max |Δn|      : 3.400e-04
max |Δn| norm  : 4.335e-04
max |ΔILDOS|  : 1.081e+01
last Poisson  : 14.350 s
last Quantum  : 0.256 s
-1.495822031667967e-06 6.827428033978812e-07
Iteration counts: [0, 0, 14]

--- Iteration 14 ---
Qprime size   : 501
max |ΔU|      : 1.056e-05
max |ΔU| norm  : 7.075e-05
max |Δn|      : 3.376e-04
max |Δn| norm  : 4.215e-04
max |ΔILDOS|  : 4.487e+00
last Poisson  : 14.823 s
last Quantum  : 0.237 s
-8.170956932870201e-07 3.6651934327168563e-07
Iteration counts: [0, 0, 15]

--- Iteration 15 ---
Qprime size   : 501
max |ΔU|      : 8.906e-06
max |ΔU| norm  : 4.945e-05
max |Δn|      : 3.360e-04
max |Δn| norm  : 4.144e-04
max |ΔILDOS|  : 6.227e+00
last Poisson  : 15.349 s
last Quantum  : 0.247 s
-5.030581130540847e-07 2.153330197811888e-07
Iteration counts: [0, 0, 16]

--- Iteration 16 ---
Qprime size   : 501
max |ΔU|      : 9.516e-06
max |ΔU| norm  : 2.635e-05
max |Δn|      : 3.262e-04
max |Δn| norm  : 4.074e-04
max |ΔILDOS|  : 3.614e+00
last Poisson  : 15.402 s
last Quantum  : 0.241 s
-2.5834819877144617e-07 1.0557997814532295e-07
Iteration counts: [0, 0, 17]

--- Iteration 17 ---
Qprime size   : 501
max |ΔU|      : 9.046e-06
max |ΔU| norm  : 2.642e-05
max |Δn|      : 3.253e-04
max |Δn| norm  : 4.095e-04
max |ΔILDOS|  : 4.794e+00
last Poisson  : 15.588 s
last Quantum  : 0.237 s
-1.759553138013692e-07 7.300593993872158e-08
Iteration counts: [0, 0, 18]

--- Iteration 18 ---
Qprime size   : 501
max |ΔU|      : 9.157e-06
max |ΔU| norm  : 1.734e-05
max |Δn|      : 3.209e-04
max |Δn| norm  : 4.102e-04
max |ΔILDOS|  : 3.424e+00
last Poisson  : 15.386 s
last Quantum  : 0.221 s
-8.255049245370897e-08 2.8907246636890625e-08
Iteration counts: [0, 0, 19]

--- Iteration 19 ---
Qprime size   : 501
max |ΔU|      : 9.034e-06
max |ΔU| norm  : 2.108e-05
max |Δn|      : 3.203e-04
max |Δn| norm  : 4.140e-04
max |ΔILDOS|  : 4.512e+00
last Poisson  : 14.391 s
last Quantum  : 0.227 s
-6.576615274001868e-08 2.8438412856375785e-08
Iteration counts: [0, 0, 20]

--- Iteration 20 ---
Qprime size   : 501
max |ΔU|      : 9.059e-06
max |ΔU| norm  : 1.805e-05
max |Δn|      : 3.189e-04
max |Δn| norm  : 4.175e-04
max |ΔILDOS|  : 3.945e+00
last Poisson  : 14.406 s
last Quantum  : 0.221 s
-2.655105022790223e-08 5.542543190055147e-09
Iteration counts: [0, 0, 21]

--- Iteration 21 ---
Qprime size   : 501
max |ΔU|      : 9.029e-06
max |ΔU| norm  : 2.026e-05
max |Δn|      : 3.186e-04
max |Δn| norm  : 4.216e-04
max |ΔILDOS|  : 4.617e+00
last Poisson  : 14.286 s
last Quantum  : 0.257 s
-2.329342933667038e-08 1.2129800913829665e-08
Iteration counts: [0, 0, 22]

--- Iteration 22 ---
Qprime size   : 501
max |ΔU|      : 9.034e-06
max |ΔU| norm  : 1.930e-05
max |Δn|      : 3.182e-04
max |Δn| norm  : 4.251e-04
max |ΔILDOS|  : 4.470e+00
last Poisson  : 14.357 s
last Quantum  : 0.256 s
-1.0539431695448863e-08 -7.142375594135686e-10
Iteration counts: [0, 0, 23]

--- Iteration 23 ---
Qprime size   : 501
max |ΔU|      : 9.028e-06
max |ΔU| norm  : 2.041e-05
max |Δn|      : 3.181e-04
max |Δn| norm  : 4.285e-04
max |ΔILDOS|  : 4.802e+00
last Poisson  : 14.259 s
last Quantum  : 0.275 s
-6.867587222203063e-09 6.285326897872217e-09
Iteration counts: [0, 0, 24]

--- Iteration 24 ---
Qprime size   : 501
max |ΔU|      : 9.025e-06
max |ΔU| norm  : 2.009e-05
max |Δn|      : 3.179e-04
max |Δn| norm  : 4.307e-04
max |ΔILDOS|  : 4.767e+00
last Poisson  : 14.177 s
last Quantum  : 0.256 s
-5.740592689366288e-09 -2.4527396539150043e-09
Iteration counts: [0, 0, 25]

--- Iteration 25 ---
Qprime size   : 501
max |ΔU|      : 9.024e-06
max |ΔU| norm  : 2.061e-05
max |Δn|      : 3.178e-04
max |Δn| norm  : 4.328e-04
max |ΔILDOS|  : 4.928e+00
last Poisson  : 14.188 s
last Quantum  : 0.258 s
-3.8590584102281187e-10 4.158728442015271e-09
Iteration counts: [0, 0, 26]

--- Iteration 26 ---
Qprime size   : 501
max |ΔU|      : 9.021e-06
max |ΔU| norm  : 2.051e-05
max |Δn|      : 3.177e-04
max |Δn| norm  : 4.341e-04
max |ΔILDOS|  : 4.925e+00
last Poisson  : 14.148 s
last Quantum  : 0.259 s
-4.497181529009792e-09 -2.8399607693965714e-09
Iteration counts: [0, 0, 27]

--- Iteration 27 ---
Qprime size   : 501
max |ΔU|      : 9.022e-06
max |ΔU| norm  : 2.076e-05
max |Δn|      : 3.177e-04
max |Δn| norm  : 4.353e-04
max |ΔILDOS|  : 5.005e+00
last Poisson  : 14.135 s
last Quantum  : 0.258 s
2.404036338835529e-09 3.305966012288089e-09
Iteration counts: [0, 0, 28]

--- Iteration 28 ---
Qprime size   : 501
max |ΔU|      : 9.019e-06
max |ΔU| norm  : 2.073e-05
max |Δn|      : 3.176e-04
max |Δn| norm  : 4.361e-04
max |ΔILDOS|  : 5.012e+00
last Poisson  : 14.147 s
last Quantum  : 0.258 s
-4.3638119951490645e-09 -2.8431686087282475e-09
Iteration counts: [0, 0, 29]

--- Iteration 29 ---
Qprime size   : 501
max |ΔU|      : 9.020e-06
max |ΔU| norm  : 2.086e-05
max |Δn|      : 3.176e-04
max |Δn| norm  : 4.368e-04
max |ΔILDOS|  : 5.054e+00
last Poisson  : 14.133 s
last Quantum  : 0.253 s
3.6999129096259785e-09 2.9313960513895584e-09
Iteration counts: [0, 0, 30]

--- Iteration 30 ---
Qprime size   : 501
max |ΔU|      : 9.018e-06
max |ΔU| norm  : 2.086e-05
max |Δn|      : 3.176e-04
max |Δn| norm  : 4.373e-04
max |ΔILDOS|  : 5.061e+00
last Poisson  : 14.143 s
last Quantum  : 0.257 s
-4.525718916968345e-09 -2.7607864476903687e-09
FSC converged / stopped.
✔ Logged phi=0.1067, Vbg=2.0000

=== Running phi=0.1067, Vbg=2.1667 ===
🔄 Full Hamiltonian rebuild (qparams change)
The poisson problem has been initialized.
Iteration counts: [0, 0, 0]

--- Iteration 0 ---
Qprime size   : 460
max |ΔU|      : 6.528e-14
max |ΔU| norm  : 1.422e-12
max |Δn|      : 2.105e-13
max |Δn| norm  : 1.519e-12
-0.00010186529986742415 -3.67311227885122e-05
Iteration counts: [0, 0, 1]

--- Iteration 1 ---
Qprime size   : 460
max |ΔU|      : 8.163e-04
max |ΔU| norm  : 1.253e-02
max |Δn|      : 6.723e-03
max |Δn| norm  : 2.898e-02
max |ΔILDOS|  : 4.460e+02
last Poisson  : 13.022 s
last Quantum  : 0.268 s
-0.0005037622769114642 0.00020562536729945962
Iteration counts: [0, 0, 2]

--- Iteration 2 ---
Qprime size   : 460
max |ΔU|      : 7.597e-04
max |ΔU| norm  : 2.065e-02
max |Δn|      : 5.391e-03
max |Δn| norm  : 2.547e-02
max |ΔILDOS|  : 4.421e+02
last Poisson  : 12.978 s
last Quantum  : 0.239 s
-0.00029031287075568845 0.00011821084779231876
Iteration counts: [0, 0, 3]

--- Iteration 3 ---
Qprime size   : 460
max |ΔU|      : 4.457e-04
max |ΔU| norm  : 1.217e-02
max |Δn|      : 3.372e-03
max |Δn| norm  : 1.396e-02
max |ΔILDOS|  : 4.428e+02
last Poisson  : 12.960 s
last Quantum  : 0.240 s
-0.0001732967375039403 7.122922487791186e-05
Iteration counts: [0, 0, 4]

--- Iteration 4 ---
Qprime size   : 460
max |ΔU|      : 2.740e-04
max |ΔU| norm  : 7.362e-03
max |Δn|      : 2.086e-03
max |Δn| norm  : 8.061e-03
max |ΔILDOS|  : 3.965e+02
last Poisson  : 12.928 s
last Quantum  : 0.219 s
-0.00010399415041348593 4.361423534269669e-05
Iteration counts: [0, 0, 5]

--- Iteration 5 ---
Qprime size   : 460
max |ΔU|      : 1.673e-04
max |ΔU| norm  : 4.450e-03
max |Δn|      : 1.268e-03
max |Δn| norm  : 4.620e-03
max |ΔILDOS|  : 2.855e+02
last Poisson  : 12.954 s
last Quantum  : 0.195 s
-6.325673478441234e-05 2.6635421862811514e-05
Iteration counts: [0, 0, 6]

--- Iteration 6 ---
Qprime size   : 460
max |ΔU|      : 1.040e-04
max |ΔU| norm  : 2.726e-03
max |Δn|      : 7.629e-04
max |Δn| norm  : 2.801e-03
max |ΔILDOS|  : 2.042e+02
last Poisson  : 12.957 s
last Quantum  : 0.217 s
-3.796960700407302e-05 1.6067836832097148e-05
Iteration counts: [0, 0, 7]

--- Iteration 7 ---
Qprime size   : 460
max |ΔU|      : 6.387e-05
max |ΔU| norm  : 1.645e-03
max |Δn|      : 4.310e-04
max |Δn| norm  : 1.791e-03
max |ΔILDOS|  : 1.263e+02
last Poisson  : 12.954 s
last Quantum  : 0.195 s
-2.3467078630751715e-05 9.941741376817227e-06
Iteration counts: [0, 0, 8]

--- Iteration 8 ---
Qprime size   : 460
max |ΔU|      : 4.055e-05
max |ΔU| norm  : 1.022e-03
max |Δn|      : 3.941e-04
max |Δn| norm  : 1.189e-03
max |ΔILDOS|  : 7.923e+01
last Poisson  : 12.972 s
last Quantum  : 0.196 s
-1.3879859334689165e-05 5.925607339793547e-06
Iteration counts: [0, 0, 9]

--- Iteration 9 ---
Qprime size   : 460
max |ΔU|      : 2.457e-05
max |ΔU| norm  : 6.080e-04
max |Δn|      : 4.166e-04
max |Δn| norm  : 8.406e-04
max |ΔILDOS|  : 4.841e+01
last Poisson  : 12.965 s
last Quantum  : 0.198 s
-8.974862526331622e-06 3.89544844482126e-06
Iteration counts: [0, 0, 10]

--- Iteration 10 ---
Qprime size   : 460
max |ΔU|      : 2.221e-05
max |ΔU| norm  : 3.920e-04
max |Δn|      : 4.063e-04
max |Δn| norm  : 6.411e-04
max |ΔILDOS|  : 2.999e+01
last Poisson  : 13.040 s
last Quantum  : 0.225 s
-4.954973019247741e-06 2.1369184293880204e-06
Iteration counts: [0, 0, 11]

--- Iteration 11 ---
Qprime size   : 460
max |ΔU|      : 9.255e-06
max |ΔU| norm  : 2.210e-04
max |Δn|      : 4.141e-04
max |Δn| norm  : 5.476e-04
max |ΔILDOS|  : 1.826e+01
last Poisson  : 13.013 s
last Quantum  : 0.221 s
-3.1539368279774445e-06 1.3115808278259461e-06
Iteration counts: [0, 0, 12]

--- Iteration 12 ---
Qprime size   : 460
max |ΔU|      : 1.637e-05
max |ΔU| norm  : 1.430e-04
max |Δn|      : 4.167e-04
max |Δn| norm  : 5.007e-04
max |ΔILDOS|  : 1.133e+01
last Poisson  : 12.968 s
last Quantum  : 0.195 s
-1.7099316303822936e-06 7.405043673823678e-07
Iteration counts: [0, 0, 13]

--- Iteration 13 ---
Qprime size   : 460
max |ΔU|      : 1.049e-05
max |ΔU| norm  : 8.018e-05
max |Δn|      : 4.029e-04
max |Δn| norm  : 4.618e-04
max |ΔILDOS|  : 6.623e+00
last Poisson  : 13.144 s
last Quantum  : 0.260 s
-1.3853235181693599e-06 5.887554377904365e-07
Iteration counts: [0, 0, 14]

--- Iteration 14 ---
Qprime size   : 460
max |ΔU|      : 1.409e-05
max |ΔU| norm  : 6.488e-05
max |Δn|      : 4.104e-04
max |Δn| norm  : 4.590e-04
max |ΔILDOS|  : 5.549e+00
last Poisson  : 13.076 s
last Quantum  : 0.255 s
-6.31882140633743e-07 2.9601904105673775e-07
Iteration counts: [0, 0, 15]

--- Iteration 15 ---
Qprime size   : 460
max |ΔU|      : 1.194e-05
max |ΔU| norm  : 3.535e-05
max |Δn|      : 4.086e-04
max |Δn| norm  : 4.516e-04
max |ΔILDOS|  : 4.545e+00
last Poisson  : 13.128 s
last Quantum  : 0.284 s
-6.68123435333205e-07 2.822103082267945e-07
Iteration counts: [0, 0, 16]

--- Iteration 16 ---
Qprime size   : 460
max |ΔU|      : 1.327e-05
max |ΔU| norm  : 3.571e-05
max |Δn|      : 4.089e-04
max |Δn| norm  : 4.503e-04
max |ΔILDOS|  : 4.997e+00
last Poisson  : 13.143 s
last Quantum  : 0.296 s
-1.604875072230953e-07 9.060529370073017e-08
Iteration counts: [0, 0, 17]

--- Iteration 17 ---
Qprime size   : 460
max |ΔU|      : 1.243e-05
max |ΔU| norm  : 2.140e-05
max |Δn|      : 4.084e-04
max |Δn| norm  : 4.481e-04
max |ΔILDOS|  : 4.708e+00
last Poisson  : 13.088 s
last Quantum  : 0.273 s
-3.663254194221531e-07 1.488662080955509e-07
Iteration counts: [0, 0, 18]

--- Iteration 18 ---
Qprime size   : 460
max |ΔU|      : 1.295e-05
max |ΔU| norm  : 2.561e-05
max |Δn|      : 4.085e-04
max |Δn| norm  : 4.482e-04
max |ΔILDOS|  : 4.870e+00
last Poisson  : 13.157 s
last Quantum  : 0.269 s
3.38314315790909e-08 3.5445367961160905e-09
Iteration counts: [0, 0, 19]

--- Iteration 19 ---
Qprime size   : 460
max |ΔU|      : 1.262e-05
max |ΔU| norm  : 1.980e-05
max |Δn|      : 4.084e-04
max |Δn| norm  : 4.475e-04
max |ΔILDOS|  : 4.771e+00
last Poisson  : 13.138 s
last Quantum  : 0.234 s
-2.42522589058208e-07 9.262425790334444e-08
Iteration counts: [0, 0, 20]

--- Iteration 20 ---
Qprime size   : 460
max |ΔU|      : 1.283e-05
max |ΔU| norm  : 2.251e-05
max |Δn|      : 4.084e-04
max |Δn| norm  : 4.477e-04
max |ΔILDOS|  : 4.835e+00
last Poisson  : 13.131 s
last Quantum  : 0.233 s
1.1108288518197666e-07 -3.175574509549813e-08
Iteration counts: [0, 0, 21]

--- Iteration 21 ---
Qprime size   : 460
max |ΔU|      : 1.269e-05
max |ΔU| norm  : 2.023e-05
max |Δn|      : 4.083e-04
max |Δn| norm  : 4.474e-04
max |ΔILDOS|  : 4.794e+00
last Poisson  : 13.151 s
last Quantum  : 0.240 s
-1.9387859965988405e-07 7.030519233687432e-08
Iteration counts: [0, 0, 22]

--- Iteration 22 ---
Qprime size   : 460
max |ΔU|      : 1.278e-05
max |ΔU| norm  : 2.152e-05
max |Δn|      : 4.083e-04
max |Δn| norm  : 4.474e-04
max |ΔILDOS|  : 4.819e+00
last Poisson  : 13.118 s
last Quantum  : 0.233 s
1.4138417213400694e-07 -4.560824659664963e-08
Iteration counts: [0, 0, 23]

--- Iteration 23 ---
Qprime size   : 460
max |ΔU|      : 1.272e-05
max |ΔU| norm  : 2.059e-05
max |Δn|      : 4.083e-04
max |Δn| norm  : 4.473e-04
max |ΔILDOS|  : 4.803e+00
last Poisson  : 13.096 s
last Quantum  : 0.237 s
-1.7452834316426254e-07 6.133560737128644e-08
Iteration counts: [0, 0, 24]

--- Iteration 24 ---
Qprime size   : 460
max |ΔU|      : 1.276e-05
max |ΔU| norm  : 2.115e-05
max |Δn|      : 4.083e-04
max |Δn| norm  : 4.474e-04
max |ΔILDOS|  : 4.813e+00
last Poisson  : 13.118 s
last Quantum  : 0.234 s
1.535187251335218e-07 -5.131336288254548e-08
Iteration counts: [0, 0, 25]

--- Iteration 25 ---
Qprime size   : 460
max |ΔU|      : 1.274e-05
max |ΔU| norm  : 2.077e-05
max |Δn|      : 4.083e-04
max |Δn| norm  : 4.473e-04
max |ΔILDOS|  : 4.806e+00
last Poisson  : 13.087 s
last Quantum  : 0.229 s
-1.6674697577922854e-07 5.765026118095508e-08
Iteration counts: [0, 0, 26]

--- Iteration 26 ---
Qprime size   : 460
max |ΔU|      : 1.275e-05
max |ΔU| norm  : 2.101e-05
max |Δn|      : 4.083e-04
max |Δn| norm  : 4.473e-04
max |ΔILDOS|  : 4.810e+00
last Poisson  : 13.107 s
last Quantum  : 0.236 s
1.5840390446075463e-07 -5.364742247961905e-08
Iteration counts: [0, 0, 27]

--- Iteration 27 ---
Qprime size   : 460
max |ΔU|      : 1.274e-05
max |ΔU| norm  : 2.086e-05
max |Δn|      : 4.083e-04
max |Δn| norm  : 4.473e-04
max |ΔILDOS|  : 4.808e+00
last Poisson  : 13.073 s
last Quantum  : 0.238 s
-1.6364679609319576e-07 5.6162696578065735e-08
Iteration counts: [0, 0, 28]

--- Iteration 28 ---
Qprime size   : 460
max |ΔU|      : 1.275e-05
max |ΔU| norm  : 2.095e-05
max |Δn|      : 4.083e-04
max |Δn| norm  : 4.473e-04
max |ΔILDOS|  : 4.809e+00
last Poisson  : 13.116 s
last Quantum  : 0.252 s
1.603481823565141e-07 -5.4584664144061154e-08
Iteration counts: [0, 0, 29]

--- Iteration 29 ---
Qprime size   : 460
max |ΔU|      : 1.274e-05
max |ΔU| norm  : 2.089e-05
max |Δn|      : 4.082e-04
max |Δn| norm  : 4.473e-04
max |ΔILDOS|  : 4.808e+00
last Poisson  : 13.105 s
last Quantum  : 0.237 s
-1.6241673567971028e-07 5.5569674171003315e-08
Iteration counts: [0, 0, 30]

--- Iteration 30 ---
Qprime size   : 460
max |ΔU|      : 1.274e-05
max |ΔU| norm  : 2.093e-05
max |Δn|      : 4.082e-04
max |Δn| norm  : 4.473e-04
max |ΔILDOS|  : 4.809e+00
last Poisson  : 13.110 s
last Quantum  : 0.210 s
1.61117687797476e-07 -5.495584987293703e-08
FSC converged / stopped.
✔ Logged phi=0.1067, Vbg=2.1667

=== Running phi=0.1067, Vbg=2.3333 ===
🔄 Full Hamiltonian rebuild (qparams change)
The poisson problem has been initialized.
Iteration counts: [0, 0, 0]

--- Iteration 0 ---
Qprime size   : 415
max |ΔU|      : 5.462e-14
max |ΔU| norm  : 1.568e-12
max |Δn|      : 2.023e-13
max |Δn| norm  : 1.476e-12
-2.186293675415497e-05 -7.638896609331688e-05
Iteration counts: [0, 0, 1]

--- Iteration 1 ---
Qprime size   : 415
max |ΔU|      : 7.922e-04
max |ΔU| norm  : 1.055e-02
max |Δn|      : 7.810e-03
max |Δn| norm  : 2.549e-02
max |ΔILDOS|  : 4.449e+02
last Poisson  : 14.382 s
last Quantum  : 0.226 s
-0.00036272748848002924 0.00012780016876248195
Iteration counts: [0, 0, 2]

--- Iteration 2 ---
Qprime size   : 415
max |ΔU|      : 6.462e-04
max |ΔU| norm  : 1.453e-02
max |Δn|      : 3.899e-03
max |Δn| norm  : 2.350e-02
max |ΔILDOS|  : 4.432e+02
last Poisson  : 14.323 s
last Quantum  : 0.216 s
-0.00021294175716111174 7.626233820536861e-05
Iteration counts: [0, 0, 3]

--- Iteration 3 ---
Qprime size   : 415
max |ΔU|      : 3.843e-04
max |ΔU| norm  : 8.622e-03
max |Δn|      : 2.361e-03
max |Δn| norm  : 1.238e-02
max |ΔILDOS|  : 4.248e+02
last Poisson  : 14.337 s
last Quantum  : 0.192 s
-0.00012594547136750278 4.5869645990796836e-05
Iteration counts: [0, 0, 4]

--- Iteration 4 ---
Qprime size   : 415
max |ΔU|      : 2.214e-04
max |ΔU| norm  : 5.151e-03
max |Δn|      : 1.398e-03
max |Δn| norm  : 7.301e-03
max |ΔILDOS|  : 3.465e+02
last Poisson  : 14.290 s
last Quantum  : 0.191 s
-7.549912258037596e-05 2.7796636019282643e-05
Iteration counts: [0, 0, 5]

--- Iteration 5 ---
Qprime size   : 415
max |ΔU|      : 1.250e-04
max |ΔU| norm  : 3.128e-03
max |Δn|      : 9.107e-04
max |Δn| norm  : 4.553e-03
max |ΔILDOS|  : 2.372e+02
last Poisson  : 14.322 s
last Quantum  : 0.186 s
-4.6003567303058527e-05 1.6987846647892885e-05
Iteration counts: [0, 0, 6]

--- Iteration 6 ---
Qprime size   : 415
max |ΔU|      : 7.779e-05
max |ΔU| norm  : 1.921e-03
max |Δn|      : 5.321e-04
max |Δn| norm  : 2.865e-03
max |ΔILDOS|  : 1.565e+02
last Poisson  : 14.367 s
last Quantum  : 0.190 s
-2.8024376467313332e-05 1.03163919769438e-05
Iteration counts: [0, 0, 7]

--- Iteration 7 ---
Qprime size   : 415
max |ΔU|      : 4.839e-05
max |ΔU| norm  : 1.175e-03
max |Δn|      : 3.475e-04
max |Δn| norm  : 1.797e-03
max |ΔILDOS|  : 9.161e+01
last Poisson  : 14.844 s
last Quantum  : 0.201 s
-1.683883998061818e-05 6.112195302350705e-06
Iteration counts: [0, 0, 8]

--- Iteration 8 ---
Qprime size   : 415
max |ΔU|      : 3.006e-05
max |ΔU| norm  : 7.121e-04
max |Δn|      : 2.320e-04
max |Δn| norm  : 1.147e-03
max |ΔILDOS|  : 5.443e+01
last Poisson  : 15.467 s
last Quantum  : 0.186 s
-1.006597385102652e-05 3.5597691533267277e-06
Iteration counts: [0, 0, 9]

--- Iteration 9 ---
Qprime size   : 415
max |ΔU|      : 1.855e-05
max |ΔU| norm  : 4.289e-04
max |Δn|      : 1.545e-04
max |Δn| norm  : 7.364e-04
max |ΔILDOS|  : 3.163e+01
last Poisson  : 15.322 s
last Quantum  : 0.202 s
-6.4520882727105635e-06 2.370458851133058e-06
Iteration counts: [0, 0, 10]

--- Iteration 10 ---
Qprime size   : 415
max |ΔU|      : 1.183e-05
max |ΔU| norm  : 2.741e-04
max |Δn|      : 9.745e-05
max |Δn| norm  : 4.783e-04
max |ΔILDOS|  : 1.964e+01
last Poisson  : 15.329 s
last Quantum  : 0.204 s
-3.991270395411667e-06 1.4687384699199177e-06
Iteration counts: [0, 0, 11]

--- Iteration 11 ---
Qprime size   : 415
max |ΔU|      : 7.571e-06
max |ΔU| norm  : 1.715e-04
max |Δn|      : 6.157e-05
max |Δn| norm  : 3.100e-04
max |ΔILDOS|  : 1.248e+01
last Poisson  : 15.708 s
last Quantum  : 0.259 s
-2.3401801632204062e-06 8.275176288907468e-07
Iteration counts: [0, 0, 12]

--- Iteration 12 ---
Qprime size   : 415
max |ΔU|      : 4.728e-06
max |ΔU| norm  : 1.029e-04
max |Δn|      : 4.409e-05
max |Δn| norm  : 2.035e-04
max |ΔILDOS|  : 7.385e+00
last Poisson  : 15.641 s
last Quantum  : 0.207 s
-1.3469676027855462e-06 4.465967182125975e-07
Iteration counts: [0, 0, 13]

--- Iteration 13 ---
Qprime size   : 415
max |ΔU|      : 2.888e-06
max |ΔU| norm  : 6.086e-05
max |Δn|      : 3.144e-05
max |Δn| norm  : 1.334e-04
max |ΔILDOS|  : 4.126e+00
last Poisson  : 15.758 s
last Quantum  : 0.197 s
-7.810667181902096e-07 2.4076296752550624e-07
Iteration counts: [0, 0, 14]

--- Iteration 14 ---
Qprime size   : 415
max |ΔU|      : 1.796e-06
max |ΔU| norm  : 3.637e-05
max |Δn|      : 2.201e-05
max |Δn| norm  : 8.812e-05
max |ΔILDOS|  : 2.474e+00
last Poisson  : 15.693 s
last Quantum  : 0.195 s
-4.5457335568215816e-07 1.28319284130659e-07
Iteration counts: [0, 0, 15]

--- Iteration 15 ---
Qprime size   : 415
max |ΔU|      : 1.120e-06
max |ΔU| norm  : 2.190e-05
max |Δn|      : 1.527e-05
max |Δn| norm  : 5.817e-05
max |ΔILDOS|  : 1.494e+00
last Poisson  : 15.040 s
last Quantum  : 0.190 s
-2.6476716841499083e-07 6.702606001562197e-08
Iteration counts: [0, 0, 16]

--- Iteration 16 ---
Qprime size   : 415
max |ΔU|      : 7.005e-07
max |ΔU| norm  : 1.325e-05
max |Δn|      : 1.054e-05
max |Δn| norm  : 3.856e-05
max |ΔILDOS|  : 9.018e-01
last Poisson  : 15.140 s
last Quantum  : 0.200 s
-1.5436197434394935e-07 3.399948325218236e-08
Iteration counts: [0, 0, 17]

--- Iteration 17 ---
Qprime size   : 415
max |ΔU|      : 4.851e-07
max |ΔU| norm  : 8.066e-06
max |Δn|      : 7.257e-06
max |Δn| norm  : 2.566e-05
max |ΔILDOS|  : 5.709e-01
last Poisson  : 15.054 s
last Quantum  : 0.203 s
-8.997349581334691e-08 1.64674288665964e-08
Iteration counts: [0, 0, 18]

--- Iteration 18 ---
Qprime size   : 415
max |ΔU|      : 3.410e-07
max |ΔU| norm  : 4.941e-06
max |Δn|      : 4.985e-06
max |Δn| norm  : 1.714e-05
max |ΔILDOS|  : 3.720e-01
last Poisson  : 14.682 s
last Quantum  : 0.201 s
-5.245982408301498e-08 7.3952611252919024e-09
Iteration counts: [0, 0, 19]

--- Iteration 19 ---
Qprime size   : 415
max |ΔU|      : 2.387e-07
max |ΔU| norm  : 3.052e-06
max |Δn|      : 3.419e-06
max |Δn| norm  : 1.149e-05
max |ΔILDOS|  : 2.429e-01
last Poisson  : 14.372 s
last Quantum  : 0.203 s
-3.0576219683079466e-08 2.852564126037302e-09
Iteration counts: [0, 0, 20]

--- Iteration 20 ---
Qprime size   : 415
max |ΔU|      : 1.665e-07
max |ΔU| norm  : 1.901e-06
max |Δn|      : 2.342e-06
max |Δn| norm  : 7.725e-06
max |ΔILDOS|  : 1.590e-01
last Poisson  : 14.370 s
last Quantum  : 0.198 s
-1.7818126428461735e-08 6.989705461582608e-10
Iteration counts: [0, 0, 21]

--- Iteration 21 ---
Qprime size   : 415
max |ΔU|      : 1.157e-07
max |ΔU| norm  : 1.195e-06
max |Δn|      : 1.603e-06
max |Δn| norm  : 5.209e-06
max |ΔILDOS|  : 1.042e-01
last Poisson  : 14.333 s
last Quantum  : 0.202 s
-1.0376671890649864e-08 -2.3131059395244515e-10
Iteration counts: [0, 0, 22]

--- Iteration 22 ---
Qprime size   : 415
max |ΔU|      : 8.023e-08
max |ΔU| norm  : 7.585e-07
max |Δn|      : 1.097e-06
max |Δn| norm  : 3.521e-06
max |ΔILDOS|  : 6.848e-02
last Poisson  : 14.407 s
last Quantum  : 0.199 s
-6.0391160112549545e-09 -5.579452974000064e-10
Iteration counts: [0, 0, 23]

--- Iteration 23 ---
Qprime size   : 415
max |ΔU|      : 5.548e-08
max |ΔU| norm  : 4.858e-07
max |Δn|      : 7.498e-07
max |Δn| norm  : 2.386e-06
max |ΔILDOS|  : 4.507e-02
last Poisson  : 14.277 s
last Quantum  : 0.189 s
-3.511536302396096e-09 -6.056642202482122e-10
Iteration counts: [0, 0, 24]

--- Iteration 24 ---
Qprime size   : 415
max |ΔU|      : 3.829e-08
max |ΔU| norm  : 3.138e-07
max |Δn|      : 5.123e-07
max |Δn| norm  : 1.620e-06
max |ΔILDOS|  : 3.009e-02
last Poisson  : 14.449 s
last Quantum  : 0.198 s
-2.0400325754447097e-09 -5.387732552466231e-10
Iteration counts: [0, 0, 25]

--- Iteration 25 ---
Qprime size   : 415
max |ΔU|      : 2.637e-08
max |ΔU| norm  : 2.044e-07
max |Δn|      : 3.499e-07
max |Δn| norm  : 1.102e-06
max |ΔILDOS|  : 2.048e-02
last Poisson  : 14.310 s
last Quantum  : 0.211 s
-1.1839186848856665e-09 -4.3706662469132554e-10
Iteration counts: [0, 0, 26]

--- Iteration 26 ---
Qprime size   : 415
max |ΔU|      : 1.813e-08
max |ΔU| norm  : 1.341e-07
max |Δn|      : 2.389e-07
max |Δn| norm  : 7.514e-07
max |ΔILDOS|  : 1.396e-02
last Poisson  : 14.400 s
last Quantum  : 0.191 s
-6.863451258076453e-10 -3.362073120943355e-10
Iteration counts: [0, 0, 27]

--- Iteration 27 ---
Qprime size   : 415
max |ΔU|      : 1.245e-08
max |ΔU| norm  : 8.857e-08
max |Δn|      : 1.630e-07
max |Δn| norm  : 5.131e-07
max |ΔILDOS|  : 9.522e-03
last Poisson  : 14.348 s
last Quantum  : 0.189 s
-3.9742234645511866e-10 -2.498881118246701e-10
Iteration counts: [0, 0, 28]

--- Iteration 28 ---
Qprime size   : 415
max |ΔU|      : 8.540e-09
max |ΔU| norm  : 5.881e-08
max |Δn|      : 1.112e-07
max |Δn| norm  : 3.510e-07
max |ΔILDOS|  : 6.504e-03
last Poisson  : 14.361 s
last Quantum  : 0.189 s
-2.2984965140482524e-10 -1.813396019557674e-10
Iteration counts: [0, 0, 29]

--- Iteration 29 ---
Qprime size   : 415
max |ΔU|      : 5.850e-09
max |ΔU| norm  : 3.923e-08
max |Δn|      : 7.587e-08
max |Δn| norm  : 2.405e-07
max |ΔILDOS|  : 4.446e-03
last Poisson  : 14.324 s
last Quantum  : 0.188 s
-1.327683058219339e-10 -1.2931382267820155e-10
Iteration counts: [0, 0, 30]

--- Iteration 30 ---
Qprime size   : 415
max |ΔU|      : 4.003e-09
max |ΔU| norm  : 2.627e-08
max |Δn|      : 5.173e-08
max |Δn| norm  : 1.650e-07
max |ΔILDOS|  : 3.052e-03
last Poisson  : 14.301 s
last Quantum  : 0.188 s
-7.659705457518576e-11 -9.099900623882509e-11
FSC converged / stopped.
✔ Logged phi=0.1067, Vbg=2.3333

=== Running phi=0.1067, Vbg=2.5000 ===
🔄 Full Hamiltonian rebuild (qparams change)
The poisson problem has been initialized.
Iteration counts: [0, 0, 0]

--- Iteration 0 ---
Qprime size   : 365
max |ΔU|      : 8.971e-14
max |ΔU| norm  : 3.453e-12
max |Δn|      : 1.842e-13
max |Δn| norm  : 1.587e-12
4.1614658061643404e-05 -0.00011666529476158766
Iteration counts: [0, 0, 1]

--- Iteration 1 ---
Qprime size   : 365
max |ΔU|      : 7.609e-04
max |ΔU| norm  : 8.454e-03
max |Δn|      : 8.142e-03
max |Δn| norm  : 1.740e-02
max |ΔILDOS|  : 4.572e+02
last Poisson  : 13.477 s
last Quantum  : 0.189 s
-0.00023162703875838478 5.3192767364568496e-05
Iteration counts: [0, 0, 2]

--- Iteration 2 ---
Qprime size   : 365
max |ΔU|      : 4.760e-04
max |ΔU| norm  : 9.201e-03
max |Δn|      : 4.048e-03
max |Δn| norm  : 2.154e-02
max |ΔILDOS|  : 4.517e+02
last Poisson  : 13.442 s
last Quantum  : 0.174 s
-0.00013991992671217609 3.31894958766787e-05
Iteration counts: [0, 0, 3]

--- Iteration 3 ---
Qprime size   : 365
max |ΔU|      : 2.797e-04
max |ΔU| norm  : 5.519e-03
max |Δn|      : 2.478e-03
max |Δn| norm  : 1.213e-02
max |ΔILDOS|  : 4.213e+02
last Poisson  : 13.482 s
last Quantum  : 0.170 s
-8.482817985409792e-05 2.099204679395974e-05
Iteration counts: [0, 0, 4]

--- Iteration 4 ---
Qprime size   : 365
max |ΔU|      : 1.676e-04
max |ΔU| norm  : 3.344e-03
max |Δn|      : 1.493e-03
max |Δn| norm  : 6.555e-03
max |ΔILDOS|  : 2.981e+02
last Poisson  : 13.432 s
last Quantum  : 0.168 s
-5.1732025538216987e-05 1.3499826223881752e-05
Iteration counts: [0, 0, 5]

--- Iteration 5 ---
Qprime size   : 365
max |ΔU|      : 1.011e-04
max |ΔU| norm  : 2.010e-03
max |Δn|      : 9.808e-04
max |Δn| norm  : 3.656e-03
max |ΔILDOS|  : 2.084e+02
last Poisson  : 13.482 s
last Quantum  : 0.171 s
-3.12877872300849e-05 8.71780934273657e-06
Iteration counts: [0, 0, 6]

--- Iteration 6 ---
Qprime size   : 365
max |ΔU|      : 5.766e-05
max |ΔU| norm  : 1.192e-03
max |Δn|      : 5.367e-04
max |Δn| norm  : 2.135e-03
max |ΔILDOS|  : 1.240e+02
last Poisson  : 13.446 s
last Quantum  : 0.165 s
-1.9222262231619323e-05 5.670805975009882e-06
Iteration counts: [0, 0, 7]

--- Iteration 7 ---
Qprime size   : 365
max |ΔU|      : 3.505e-05
max |ΔU| norm  : 7.164e-04
max |Δn|      : 3.769e-04
max |Δn| norm  : 1.337e-03
max |ΔILDOS|  : 7.603e+01
last Poisson  : 13.437 s
last Quantum  : 0.167 s
-1.197725699786922e-05 3.691575983097394e-06
Iteration counts: [0, 0, 8]

--- Iteration 8 ---
Qprime size   : 365
max |ΔU|      : 2.250e-05
max |ΔU| norm  : 4.432e-04
max |Δn|      : 2.600e-04
max |Δn| norm  : 8.609e-04
max |ΔILDOS|  : 4.746e+01
last Poisson  : 13.388 s
last Quantum  : 0.164 s
-7.427145477315356e-06 2.2959258090185024e-06
Iteration counts: [0, 0, 9]

--- Iteration 9 ---
Qprime size   : 365
max |ΔU|      : 1.431e-05
max |ΔU| norm  : 2.709e-04
max |Δn|      : 1.739e-04
max |Δn| norm  : 5.623e-04
max |ΔILDOS|  : 2.989e+01
last Poisson  : 13.433 s
last Quantum  : 0.168 s
-4.5901825035082006e-06 1.4260957879730834e-06
Iteration counts: [0, 0, 10]

--- Iteration 10 ---
Qprime size   : 365
max |ΔU|      : 9.299e-06
max |ΔU| norm  : 1.671e-04
max |Δn|      : 1.101e-04
max |Δn| norm  : 3.728e-04
max |ΔILDOS|  : 1.905e+01
last Poisson  : 13.486 s
last Quantum  : 0.164 s
-2.9318810623192865e-06 9.323811756236926e-07
Iteration counts: [0, 0, 11]

--- Iteration 11 ---
Qprime size   : 365
max |ΔU|      : 6.094e-06
max |ΔU| norm  : 1.062e-04
max |Δn|      : 7.141e-05
max |Δn| norm  : 2.478e-04
max |ΔILDOS|  : 1.237e+01
last Poisson  : 13.418 s
last Quantum  : 0.166 s
-1.8887210710793112e-06 6.029435287121016e-07
Iteration counts: [0, 0, 12]

--- Iteration 12 ---
Qprime size   : 365
max |ΔU|      : 4.080e-06
max |ΔU| norm  : 6.933e-05
max |Δn|      : 4.639e-05
max |Δn| norm  : 1.635e-04
max |ΔILDOS|  : 8.351e+00
last Poisson  : 13.463 s
last Quantum  : 0.164 s
-1.2398277888329669e-06 4.085815628267376e-07
Iteration counts: [0, 0, 13]

--- Iteration 13 ---
Qprime size   : 365
max |ΔU|      : 2.715e-06
max |ΔU| norm  : 4.516e-05
max |Δn|      : 2.955e-05
max |Δn| norm  : 1.089e-04
max |ΔILDOS|  : 5.614e+00
last Poisson  : 13.502 s
last Quantum  : 0.167 s
-8.037482296484304e-07 2.703211942686524e-07
Iteration counts: [0, 0, 14]

--- Iteration 14 ---
Qprime size   : 365
max |ΔU|      : 1.810e-06
max |ΔU| norm  : 2.900e-05
max |Δn|      : 1.852e-05
max |Δn| norm  : 7.343e-05
max |ΔILDOS|  : 3.682e+00
last Poisson  : 13.462 s
last Quantum  : 0.163 s
-5.08104539922695e-07 1.7102159376615211e-07
Iteration counts: [0, 0, 15]

--- Iteration 15 ---
Qprime size   : 365
max |ΔU|      : 1.191e-06
max |ΔU| norm  : 1.820e-05
max |Δn|      : 1.151e-05
max |Δn| norm  : 4.970e-05
max |ΔILDOS|  : 2.384e+00
last Poisson  : 13.468 s
last Quantum  : 0.165 s
-3.237397783457036e-07 1.0955108028072567e-07
Iteration counts: [0, 0, 16]

--- Iteration 16 ---
Qprime size   : 365
max |ΔU|      : 7.844e-07
max |ΔU| norm  : 1.152e-05
max |Δn|      : 7.132e-06
max |Δn| norm  : 3.359e-05
max |ΔILDOS|  : 1.452e+00
last Poisson  : 13.444 s
last Quantum  : 0.164 s
-1.9993637974642494e-07 6.57436102146533e-08
Iteration counts: [0, 0, 17]

--- Iteration 17 ---
Qprime size   : 365
max |ΔU|      : 5.130e-07
max |ΔU| norm  : 7.152e-06
max |Δn|      : 4.457e-06
max |Δn| norm  : 2.280e-05
max |ΔILDOS|  : 9.263e-01
last Poisson  : 13.400 s
last Quantum  : 0.166 s
-1.2462459173207167e-07 3.982402589433613e-08
Iteration counts: [0, 0, 18]

--- Iteration 18 ---
Qprime size   : 365
max |ΔU|      : 3.370e-07
max |ΔU| norm  : 4.490e-06
max |Δn|      : 3.021e-06
max |Δn| norm  : 1.546e-05
max |ΔILDOS|  : 5.964e-01
last Poisson  : 13.404 s
last Quantum  : 0.165 s
-7.793798741414486e-08 2.4156590138732414e-08
Iteration counts: [0, 0, 19]

--- Iteration 19 ---
Qprime size   : 365
max |ΔU|      : 2.223e-07
max |ΔU| norm  : 2.836e-06
max |Δn|      : 2.077e-06
max |Δn| norm  : 1.050e-05
max |ΔILDOS|  : 3.847e-01
last Poisson  : 13.514 s
last Quantum  : 0.166 s
-4.893469301404339e-08 1.468867434683505e-08
Iteration counts: [0, 0, 20]

--- Iteration 20 ---
Qprime size   : 365
max |ΔU|      : 1.471e-07
max |ΔU| norm  : 1.803e-06
max |Δn|      : 1.471e-06
max |Δn| norm  : 7.145e-06
max |ΔILDOS|  : 2.488e-01
last Poisson  : 13.500 s
last Quantum  : 0.166 s
-3.067275626534906e-08 8.87440520099645e-09
Iteration counts: [0, 0, 21]

--- Iteration 21 ---
Qprime size   : 365
max |ΔU|      : 9.759e-08
max |ΔU| norm  : 1.149e-06
max |Δn|      : 1.038e-06
max |Δn| norm  : 4.875e-06
max |ΔILDOS|  : 1.605e-01
last Poisson  : 13.427 s
last Quantum  : 0.166 s
-1.9199370809774728e-08 5.309987067073508e-09
Iteration counts: [0, 0, 22]

--- Iteration 22 ---
Qprime size   : 365
max |ΔU|      : 6.501e-08
max |ΔU| norm  : 7.358e-07
max |Δn|      : 7.325e-07
max |Δn| norm  : 3.334e-06
max |ΔILDOS|  : 1.033e-01
last Poisson  : 13.464 s
last Quantum  : 0.164 s
-1.2002758150674516e-08 3.1356036536796366e-09
Iteration counts: [0, 0, 23]

--- Iteration 23 ---
Qprime size   : 365
max |ΔU|      : 4.368e-08
max |ΔU| norm  : 4.732e-07
max |Δn|      : 5.167e-07
max |Δn| norm  : 2.285e-06
max |ΔILDOS|  : 6.672e-02
last Poisson  : 13.409 s
last Quantum  : 0.167 s
-7.541658685406384e-09 1.854297195737053e-09
Iteration counts: [0, 0, 24]

--- Iteration 24 ---
Qprime size   : 365
max |ΔU|      : 2.947e-08
max |ΔU| norm  : 3.067e-07
max |Δn|      : 3.642e-07
max |Δn| norm  : 1.568e-06
max |ΔILDOS|  : 4.324e-02
last Poisson  : 13.460 s
last Quantum  : 0.167 s
-4.760423360959766e-09 1.0977856075182457e-09
Iteration counts: [0, 0, 25]

--- Iteration 25 ---
Qprime size   : 365
max |ΔU|      : 1.996e-08
max |ΔU| norm  : 2.002e-07
max |Δn|      : 2.563e-07
max |Δn| norm  : 1.078e-06
max |ΔILDOS|  : 2.811e-02
last Poisson  : 13.449 s
last Quantum  : 0.168 s
-3.018673550114893e-09 6.508744244017157e-10
Iteration counts: [0, 0, 26]

--- Iteration 26 ---
Qprime size   : 365
max |ΔU|      : 1.356e-08
max |ΔU| norm  : 1.314e-07
max |Δn|      : 1.803e-07
max |Δn| norm  : 7.421e-07
max |ΔILDOS|  : 1.833e-02
last Poisson  : 13.456 s
last Quantum  : 0.169 s
-1.923285527535534e-09 3.867984521229201e-10
Iteration counts: [0, 0, 27]

--- Iteration 27 ---
Qprime size   : 365
max |ΔU|      : 9.241e-09
max |ΔU| norm  : 8.669e-08
max |Δn|      : 1.266e-07
max |Δn| norm  : 5.118e-07
max |ΔILDOS|  : 1.199e-02
last Poisson  : 13.432 s
last Quantum  : 0.171 s
-1.2313598802131966e-09 2.3064609685219217e-10
Iteration counts: [0, 0, 28]

--- Iteration 28 ---
Qprime size   : 365
max |ΔU|      : 6.316e-09
max |ΔU| norm  : 5.745e-08
max |Δn|      : 8.888e-08
max |Δn| norm  : 3.536e-07
max |ΔILDOS|  : 8.095e-03
last Poisson  : 13.494 s
last Quantum  : 0.152 s
-7.923598943473746e-10 1.3813339512579873e-10
Iteration counts: [0, 0, 29]

--- Iteration 29 ---
Qprime size   : 365
max |ΔU|      : 4.331e-09
max |ΔU| norm  : 3.826e-08
max |Δn|      : 6.234e-08
max |Δn| norm  : 2.447e-07
max |ΔILDOS|  : 5.488e-03
last Poisson  : 13.455 s
last Quantum  : 0.170 s
-5.124103775498412e-10 8.322698653965541e-11
Iteration counts: [0, 0, 30]

--- Iteration 30 ---
Qprime size   : 365
max |ΔU|      : 2.977e-09
max |ΔU| norm  : 2.556e-08
max |Δn|      : 4.369e-08
max |Δn| norm  : 1.696e-07
max |ΔILDOS|  : 3.750e-03
last Poisson  : 13.518 s
last Quantum  : 0.166 s
-3.3301168585033353e-10 5.053519003664267e-11
FSC converged / stopped.
✔ Logged phi=0.1067, Vbg=2.5000

=== Running phi=0.1111, Vbg=1.0000 ===
🔄 Full Hamiltonian rebuild (qparams change)
The poisson problem has been initialized.
Iteration counts: [0, 0, 0]

--- Iteration 0 ---
Qprime size   : 365
-0.0020280944787697593 0.0012329161088998754
Iteration counts: [0, 1, 0]

--- Iteration 1 ---
Qprime size   : 365
max |ΔU|      : 1.928e-03
max |ΔU| norm  : 7.295e-02
max |Δn|      : 5.203e-03
max |Δn| norm  : 3.859e-02
last Poisson  : 13.469 s
-0.0016229501407978005 0.0009871775565206287
Iteration counts: [0, 2, 0]

--- Iteration 2 ---
Qprime size   : 365
max |ΔU|      : 1.550e-03
max |ΔU| norm  : 5.842e-02
max |Δn|      : 4.083e-03
max |Δn| norm  : 3.046e-02
last Poisson  : 13.476 s
-0.0012985100568864952 0.00079031123490132
Iteration counts: [0, 3, 0]

--- Iteration 3 ---
Qprime size   : 365
max |ΔU|      : 1.240e-03
max |ΔU| norm  : 4.677e-02
max |Δn|      : 3.213e-03
max |Δn| norm  : 2.412e-02
last Poisson  : 13.455 s
-0.0010378404184997578 0.0006322568362359998
Iteration counts: [0, 3, 1]

--- Iteration 4 ---
Qprime size   : 365
max |ΔU|      : 9.927e-04
max |ΔU| norm  : 3.742e-02
max |Δn|      : 2.531e-03
max |Δn| norm  : 1.910e-02
max |ΔILDOS|  : 4.921e+02
last Poisson  : 13.422 s
last Quantum  : 0.143 s
0.0002494416102423685 -0.000193312400727369
Iteration counts: [0, 3, 2]

--- Iteration 5 ---
Qprime size   : 365
max |ΔU|      : 5.106e-04
max |ΔU| norm  : 1.035e-02
max |Δn|      : 4.961e-03
max |Δn| norm  : 2.254e-02
max |ΔILDOS|  : 3.966e+02
last Poisson  : 13.409 s
last Quantum  : 0.166 s
0.0001465183009693957 -0.0001137614130725041
Iteration counts: [0, 3, 3]

--- Iteration 6 ---
Qprime size   : 365
max |ΔU|      : 2.973e-04
max |ΔU| norm  : 6.142e-03
max |Δn|      : 2.759e-03
max |Δn| norm  : 1.151e-02
max |ΔILDOS|  : 2.642e+02
last Poisson  : 13.427 s
last Quantum  : 0.156 s
8.652066162490419e-05 -6.812922337415919e-05
Iteration counts: [0, 3, 4]

--- Iteration 7 ---
Qprime size   : 365
max |ΔU|      : 1.729e-04
max |ΔU| norm  : 3.664e-03
max |Δn|      : 2.069e-03
max |Δn| norm  : 7.107e-03
max |ΔILDOS|  : 2.003e+02
last Poisson  : 13.411 s
last Quantum  : 0.159 s
5.7283092155474156e-05 -4.376149582737641e-05
Iteration counts: [0, 3, 5]

--- Iteration 8 ---
Qprime size   : 365
max |ΔU|      : 1.012e-04
max |ΔU| norm  : 2.328e-03
max |Δn|      : 2.100e-03
max |Δn| norm  : 6.099e-03
max |ΔILDOS|  : 1.125e+02
last Poisson  : 13.409 s
last Quantum  : 0.158 s
3.320642673950206e-05 -2.5887626211449257e-05
Iteration counts: [0, 3, 6]

--- Iteration 9 ---
Qprime size   : 365
max |ΔU|      : 8.497e-05
max |ΔU| norm  : 1.445e-03
max |Δn|      : 2.405e-03
max |Δn| norm  : 5.533e-03
max |ΔILDOS|  : 5.998e+01
last Poisson  : 13.410 s
last Quantum  : 0.158 s
1.9056974551758413e-05 -1.5662705043669978e-05
Iteration counts: [0, 3, 7]

--- Iteration 10 ---
Qprime size   : 365
max |ΔU|      : 7.681e-05
max |ΔU| norm  : 8.736e-04
max |Δn|      : 2.739e-03
max |Δn| norm  : 5.822e-03
max |ΔILDOS|  : 3.881e+01
last Poisson  : 13.417 s
last Quantum  : 0.158 s
1.3729048367103454e-05 -1.035710450271026e-05
Iteration counts: [0, 3, 8]

--- Iteration 11 ---
Qprime size   : 365
max |ΔU|      : 8.499e-05
max |ΔU| norm  : 6.490e-04
max |Δn|      : 2.112e-03
max |Δn| norm  : 5.433e-03
max |ΔILDOS|  : 3.821e+01
last Poisson  : 13.461 s
last Quantum  : 0.158 s
4.828200565827793e-06 -5.151680997955475e-06
Iteration counts: [0, 3, 9]

--- Iteration 12 ---
Qprime size   : 365
max |ΔU|      : 8.264e-05
max |ΔU| norm  : 4.210e-04
max |Δn|      : 1.500e-03
max |Δn| norm  : 4.640e-03
max |ΔILDOS|  : 2.618e+01
last Poisson  : 13.398 s
last Quantum  : 0.157 s
2.46949427082079e-06 -2.840738888321428e-06
Iteration counts: [0, 3, 10]

--- Iteration 13 ---
Qprime size   : 365
max |ΔU|      : 7.202e-05
max |ΔU| norm  : 3.183e-04
max |Δn|      : 1.556e-03
max |Δn| norm  : 4.709e-03
max |ΔILDOS|  : 2.464e+01
last Poisson  : 13.405 s
last Quantum  : 0.159 s
5.119556123912174e-06 -3.4352612936381733e-06
Iteration counts: [0, 3, 11]

--- Iteration 14 ---
Qprime size   : 365
max |ΔU|      : 8.071e-05
max |ΔU| norm  : 3.509e-04
max |Δn|      : 2.527e-03
max |Δn| norm  : 6.437e-03
max |ΔILDOS|  : 4.062e+01
last Poisson  : 13.371 s
last Quantum  : 0.143 s
1.332599861793147e-06 -1.202341063021699e-06
Iteration counts: [0, 3, 12]

--- Iteration 15 ---
Qprime size   : 365
max |ΔU|      : 7.072e-05
max |ΔU| norm  : 3.033e-04
max |Δn|      : 2.213e-03
max |Δn| norm  : 5.937e-03
max |ΔILDOS|  : 2.864e+01
last Poisson  : 13.381 s
last Quantum  : 0.159 s
2.379464799304692e-07 -7.2760611892672e-07
Iteration counts: [0, 3, 13]

--- Iteration 16 ---
Qprime size   : 365
max |ΔU|      : 7.086e-05
max |ΔU| norm  : 2.794e-04
max |Δn|      : 1.685e-03
max |Δn| norm  : 4.937e-03
max |ΔILDOS|  : 2.551e+01
last Poisson  : 13.438 s
last Quantum  : 0.142 s
1.7472335653406174e-06 -9.501301845673217e-07
Iteration counts: [0, 3, 14]

--- Iteration 17 ---
Qprime size   : 365
max |ΔU|      : 9.637e-05
max |ΔU| norm  : 3.262e-04
max |Δn|      : 2.329e-03
max |Δn| norm  : 5.830e-03
max |ΔILDOS|  : 4.505e+01
last Poisson  : 13.435 s
last Quantum  : 0.162 s
-6.105397159054044e-07 -5.397148330487185e-08
Iteration counts: [0, 3, 15]

--- Iteration 18 ---
Qprime size   : 365
max |ΔU|      : 8.033e-05
max |ΔU| norm  : 3.063e-04
max |Δn|      : 2.248e-03
max |Δn| norm  : 5.786e-03
max |ΔILDOS|  : 3.547e+01
last Poisson  : 13.382 s
last Quantum  : 0.159 s
-1.663806011994581e-06 6.342746470663574e-07
Iteration counts: [0, 3, 16]

--- Iteration 19 ---
Qprime size   : 365
max |ΔU|      : 7.130e-05
max |ΔU| norm  : 2.555e-04
max |Δn|      : 2.111e-03
max |Δn| norm  : 5.874e-03
max |ΔILDOS|  : 2.695e+01
last Poisson  : 13.442 s
last Quantum  : 0.158 s
1.969483899886238e-06 -9.859365955591968e-07
Iteration counts: [0, 3, 17]

--- Iteration 20 ---
Qprime size   : 365
max |ΔU|      : 6.985e-05
max |ΔU| norm  : 2.609e-04
max |Δn|      : 2.246e-03
max |Δn| norm  : 5.484e-03
max |ΔILDOS|  : 3.631e+01
last Poisson  : 13.430 s
last Quantum  : 0.160 s
1.0769135479491888e-07 3.974590121520169e-08
Iteration counts: [0, 3, 18]

--- Iteration 21 ---
Qprime size   : 365
max |ΔU|      : 6.699e-05
max |ΔU| norm  : 2.847e-04
max |Δn|      : 2.279e-03
max |Δn| norm  : 5.790e-03
max |ΔILDOS|  : 3.112e+01
last Poisson  : 13.429 s
last Quantum  : 0.157 s
-2.416943355951149e-06 7.424550604165463e-07
Iteration counts: [0, 3, 19]

--- Iteration 22 ---
Qprime size   : 365
max |ΔU|      : 9.875e-05
max |ΔU| norm  : 3.741e-04
max |Δn|      : 1.658e-03
max |Δn| norm  : 5.409e-03
max |ΔILDOS|  : 3.927e+01
last Poisson  : 13.405 s
last Quantum  : 0.144 s
2.90953180119698e-06 -1.0142765768769634e-06
Iteration counts: [0, 3, 20]

--- Iteration 23 ---
Qprime size   : 365
max |ΔU|      : 9.115e-05
max |ΔU| norm  : 3.972e-04
max |Δn|      : 1.814e-03
max |Δn| norm  : 5.252e-03
max |ΔILDOS|  : 4.164e+01
last Poisson  : 13.423 s
last Quantum  : 0.157 s
3.77764900294715e-08 -1.9189772924320228e-07
Iteration counts: [0, 3, 21]

--- Iteration 24 ---
Qprime size   : 365
max |ΔU|      : 8.867e-05
max |ΔU| norm  : 3.575e-04
max |Δn|      : 1.830e-03
max |Δn| norm  : 5.632e-03
max |ΔILDOS|  : 3.579e+01
last Poisson  : 13.391 s
last Quantum  : 0.157 s
-1.439677950773764e-06 7.324449867411422e-07
Iteration counts: [0, 3, 22]

--- Iteration 25 ---
Qprime size   : 365
max |ΔU|      : 7.519e-05
max |ΔU| norm  : 3.300e-04
max |Δn|      : 1.402e-03
max |Δn| norm  : 4.501e-03
max |ΔILDOS|  : 3.502e+01
last Poisson  : 13.405 s
last Quantum  : 0.159 s
1.790744853921602e-06 -8.889513510068547e-07
Iteration counts: [0, 3, 23]

--- Iteration 26 ---
Qprime size   : 365
max |ΔU|      : 9.044e-05
max |ΔU| norm  : 3.556e-04
max |Δn|      : 1.702e-03
max |Δn| norm  : 4.865e-03
max |ΔILDOS|  : 4.398e+01
last Poisson  : 13.426 s
last Quantum  : 0.158 s
-1.058316867259444e-06 5.622709490144953e-07
Iteration counts: [0, 3, 24]

--- Iteration 27 ---
Qprime size   : 365
max |ΔU|      : 7.537e-05
max |ΔU| norm  : 3.407e-04
max |Δn|      : 1.937e-03
max |Δn| norm  : 5.332e-03
max |ΔILDOS|  : 3.442e+01
last Poisson  : 13.397 s
last Quantum  : 0.157 s
1.1696718169436428e-06 -5.78630679232508e-07
Iteration counts: [0, 3, 25]

--- Iteration 28 ---
Qprime size   : 365
max |ΔU|      : 6.946e-05
max |ΔU| norm  : 2.760e-04
max |Δn|      : 1.548e-03
max |Δn| norm  : 5.107e-03
max |ΔILDOS|  : 2.867e+01
last Poisson  : 13.383 s
last Quantum  : 0.157 s
-2.204025853415915e-06 9.88874815926848e-07
Iteration counts: [0, 3, 26]

--- Iteration 29 ---
Qprime size   : 365
max |ΔU|      : 7.517e-05
max |ΔU| norm  : 3.452e-04
max |Δn|      : 1.906e-03
max |Δn| norm  : 4.955e-03
max |ΔILDOS|  : 3.495e+01
last Poisson  : 13.411 s
last Quantum  : 0.157 s
3.917329818731926e-06 -1.6751494424557125e-06
Iteration counts: [0, 3, 27]

--- Iteration 30 ---
Qprime size   : 365
max |ΔU|      : 9.036e-05
max |ΔU| norm  : 3.713e-04
max |Δn|      : 2.032e-03
max |Δn| norm  : 5.566e-03
max |ΔILDOS|  : 4.775e+01
last Poisson  : 13.430 s
last Quantum  : 0.158 s
-4.860732161923314e-06 2.014753776213318e-06
FSC converged / stopped.
✔ Logged phi=0.1111, Vbg=1.0000

=== Running phi=0.1111, Vbg=1.1667 ===
🔄 Full Hamiltonian rebuild (qparams change)
The poisson problem has been initialized.
Iteration counts: [0, 0, 0]

--- Iteration 0 ---
Qprime size   : 365
-0.000718196492018913 0.00036764283277722717
Iteration counts: [0, 1, 0]

--- Iteration 1 ---
Qprime size   : 365
max |ΔU|      : 8.618e-04
max |ΔU| norm  : 2.504e-02
max |Δn|      : 3.095e-03
max |Δn| norm  : 2.226e-02
last Poisson  : 13.514 s
-0.0005736855693877705 0.000294325112475732
Iteration counts: [0, 1, 1]

--- Iteration 2 ---
Qprime size   : 365
max |ΔU|      : 6.878e-04
max |ΔU| norm  : 2.003e-02
max |Δn|      : 2.409e-03
max |Δn| norm  : 1.743e-02
max |ΔILDOS|  : 4.980e+02
last Poisson  : 13.523 s
last Quantum  : 0.163 s
-0.0012930722630624819 0.0007399247517864364
Iteration counts: [0, 1, 2]

--- Iteration 3 ---
Qprime size   : 365
max |ΔU|      : 1.415e-03
max |ΔU| norm  : 4.559e-02
max |Δn|      : 4.286e-03
max |Δn| norm  : 3.038e-02
max |ΔILDOS|  : 5.008e+02
last Poisson  : 13.413 s
last Quantum  : 0.161 s
-0.000749971551280934 0.0004341486412492946
Iteration counts: [0, 2, 2]

--- Iteration 4 ---
Qprime size   : 365
max |ΔU|      : 7.609e-04
max |ΔU| norm  : 2.677e-02
max |Δn|      : 2.422e-03
max |Δn| norm  : 1.609e-02
max |ΔILDOS|  : 5.008e+02
last Poisson  : 13.498 s
last Quantum  : 0.161 s
-0.000598762187290549 0.00034707937137547044
Iteration counts: [0, 2, 3]

--- Iteration 5 ---
Qprime size   : 365
max |ΔU|      : 6.043e-04
max |ΔU| norm  : 2.140e-02
max |Δn|      : 1.844e-03
max |Δn| norm  : 1.251e-02
max |ΔILDOS|  : 5.298e+02
last Poisson  : 13.474 s
last Quantum  : 0.154 s
-0.00022383710281007017 0.00012995805664824028
Iteration counts: [0, 2, 4]

--- Iteration 6 ---
Qprime size   : 365
max |ΔU|      : 3.050e-04
max |ΔU| norm  : 8.071e-03
max |Δn|      : 2.500e-03
max |Δn| norm  : 8.344e-03
max |ΔILDOS|  : 4.924e+02
last Poisson  : 13.473 s
last Quantum  : 0.158 s
-0.00013097292251657662 7.668816670271146e-05
Iteration counts: [0, 2, 5]

--- Iteration 7 ---
Qprime size   : 365
max |ΔU|      : 1.670e-04
max |ΔU| norm  : 4.772e-03
max |Δn|      : 2.147e-03
max |Δn| norm  : 5.136e-03
max |ΔILDOS|  : 3.842e+02
last Poisson  : 13.443 s
last Quantum  : 0.157 s
-7.69444263702511e-05 4.5541677993425565e-05
Iteration counts: [0, 2, 6]

--- Iteration 8 ---
Qprime size   : 365
max |ΔU|      : 7.568e-05
max |ΔU| norm  : 2.815e-03
max |Δn|      : 1.314e-03
max |Δn| norm  : 2.972e-03
max |ΔILDOS|  : 2.394e+02
last Poisson  : 13.477 s
last Quantum  : 0.159 s
-5.248055017850267e-05 3.01354101450434e-05
Iteration counts: [0, 2, 7]

--- Iteration 9 ---
Qprime size   : 365
max |ΔU|      : 1.266e-04
max |ΔU| norm  : 1.877e-03
max |Δn|      : 2.095e-03
max |Δn| norm  : 3.900e-03
max |ΔILDOS|  : 1.804e+02
last Poisson  : 13.420 s
last Quantum  : 0.154 s
-2.900369890190828e-05 1.7051688955403354e-05
Iteration counts: [0, 2, 8]

--- Iteration 10 ---
Qprime size   : 365
max |ΔU|      : 5.485e-05
max |ΔU| norm  : 1.055e-03
max |Δn|      : 1.460e-03
max |Δn| norm  : 3.423e-03
max |ΔILDOS|  : 8.489e+01
last Poisson  : 13.461 s
last Quantum  : 0.156 s
-1.782505996339814e-05 1.0505415662236073e-05
Iteration counts: [0, 2, 9]

--- Iteration 11 ---
Qprime size   : 365
max |ΔU|      : 5.927e-05
max |ΔU| norm  : 6.464e-04
max |Δn|      : 1.803e-03
max |Δn| norm  : 3.350e-03
max |ΔILDOS|  : 6.978e+01
last Poisson  : 13.469 s
last Quantum  : 0.157 s
-1.1088464770308336e-05 6.3589508545692225e-06
Iteration counts: [0, 2, 10]

--- Iteration 12 ---
Qprime size   : 365
max |ΔU|      : 4.964e-05
max |ΔU| norm  : 4.028e-04
max |Δn|      : 2.067e-03
max |Δn| norm  : 3.675e-03
max |ΔILDOS|  : 3.384e+01
last Poisson  : 13.439 s
last Quantum  : 0.160 s
-6.822371153113969e-06 3.959990858053477e-06
Iteration counts: [0, 2, 11]

--- Iteration 13 ---
Qprime size   : 365
max |ΔU|      : 4.099e-05
max |ΔU| norm  : 2.627e-04
max |Δn|      : 1.504e-03
max |Δn| norm  : 3.002e-03
max |ΔILDOS|  : 2.390e+01
last Poisson  : 13.378 s
last Quantum  : 0.155 s
-2.7572817147989975e-06 1.8575747399257e-06
Iteration counts: [0, 2, 12]

--- Iteration 14 ---
Qprime size   : 365
max |ΔU|      : 3.995e-05
max |ΔU| norm  : 1.620e-04
max |Δn|      : 1.344e-03
max |Δn| norm  : 2.460e-03
max |ΔILDOS|  : 2.959e+01
last Poisson  : 13.402 s
last Quantum  : 0.156 s
-5.485136360726216e-06 2.7194563549922176e-06
Iteration counts: [0, 2, 13]

--- Iteration 15 ---
Qprime size   : 365
max |ΔU|      : 8.674e-05
max |ΔU| norm  : 2.689e-04
max |Δn|      : 1.930e-03
max |Δn| norm  : 3.856e-03
max |ΔILDOS|  : 5.104e+01
last Poisson  : 13.358 s
last Quantum  : 0.159 s
-4.096805892064162e-07 3.973460480091975e-07
Iteration counts: [0, 2, 14]

--- Iteration 16 ---
Qprime size   : 365
max |ΔU|      : 5.125e-05
max |ΔU| norm  : 1.495e-04
max |Δn|      : 1.406e-03
max |Δn| norm  : 3.261e-03
max |ΔILDOS|  : 4.348e+01
last Poisson  : 13.401 s
last Quantum  : 0.159 s
8.362769159772895e-08 9.719172476174697e-08
Iteration counts: [0, 2, 15]

--- Iteration 17 ---
Qprime size   : 365
max |ΔU|      : 3.947e-05
max |ΔU| norm  : 1.042e-04
max |Δn|      : 1.539e-03
max |Δn| norm  : 2.939e-03
max |ΔILDOS|  : 1.821e+01
last Poisson  : 13.390 s
last Quantum  : 0.155 s
-2.5443788289319226e-06 1.1618893197401162e-06
Iteration counts: [0, 2, 16]

--- Iteration 18 ---
Qprime size   : 365
max |ΔU|      : 7.578e-05
max |ΔU| norm  : 1.875e-04
max |Δn|      : 2.102e-03
max |Δn| norm  : 4.185e-03
max |ΔILDOS|  : 3.532e+01
last Poisson  : 13.408 s
last Quantum  : 0.158 s
1.018211902654448e-06 -4.372449586867146e-07
Iteration counts: [0, 2, 17]

--- Iteration 19 ---
Qprime size   : 365
max |ΔU|      : 4.250e-05
max |ΔU| norm  : 1.221e-04
max |Δn|      : 1.668e-03
max |Δn| norm  : 3.137e-03
max |ΔILDOS|  : 3.101e+01
last Poisson  : 13.399 s
last Quantum  : 0.158 s
9.351666698370632e-07 -3.4290482168213495e-07
Iteration counts: [0, 2, 18]

--- Iteration 20 ---
Qprime size   : 365
max |ΔU|      : 5.013e-05
max |ΔU| norm  : 1.226e-04
max |Δn|      : 1.239e-03
max |Δn| norm  : 2.696e-03
max |ΔILDOS|  : 2.739e+01
last Poisson  : 13.396 s
last Quantum  : 0.160 s
-2.353014463875401e-06 9.778978497534349e-07
Iteration counts: [0, 2, 19]

--- Iteration 21 ---
Qprime size   : 365
max |ΔU|      : 7.911e-05
max |ΔU| norm  : 1.998e-04
max |Δn|      : 2.014e-03
max |Δn| norm  : 3.921e-03
max |ΔILDOS|  : 4.289e+01
last Poisson  : 13.401 s
last Quantum  : 0.155 s
7.919333347305333e-07 -3.183699437287384e-07
Iteration counts: [0, 2, 20]

--- Iteration 22 ---
Qprime size   : 365
max |ΔU|      : 5.284e-05
max |ΔU| norm  : 1.475e-04
max |Δn|      : 1.223e-03
max |Δn| norm  : 3.085e-03
max |ΔILDOS|  : 3.067e+01
last Poisson  : 13.410 s
last Quantum  : 0.157 s
9.138655610477267e-07 -4.008402443524082e-07
Iteration counts: [0, 2, 21]

--- Iteration 23 ---
Qprime size   : 365
max |ΔU|      : 3.583e-05
max |ΔU| norm  : 9.708e-05
max |Δn|      : 1.582e-03
max |Δn| norm  : 3.040e-03
max |ΔILDOS|  : 2.021e+01
last Poisson  : 13.410 s
last Quantum  : 0.158 s
-1.3477219103032766e-06 6.014118592468692e-07
Iteration counts: [0, 2, 22]

--- Iteration 24 ---
Qprime size   : 365
max |ΔU|      : 5.525e-05
max |ΔU| norm  : 1.341e-04
max |Δn|      : 1.763e-03
max |Δn| norm  : 3.636e-03
max |ΔILDOS|  : 2.635e+01
last Poisson  : 13.432 s
last Quantum  : 0.161 s
7.062829919070786e-07 -3.3258086391707303e-07
Iteration counts: [0, 2, 23]

--- Iteration 25 ---
Qprime size   : 365
max |ΔU|      : 3.595e-05
max |ΔU| norm  : 1.089e-04
max |Δn|      : 1.566e-03
max |Δn| norm  : 3.179e-03
max |ΔILDOS|  : 2.681e+01
last Poisson  : 13.420 s
last Quantum  : 0.155 s
1.2384999574840052e-06 -4.923054873040062e-07
Iteration counts: [0, 2, 24]

--- Iteration 26 ---
Qprime size   : 365
max |ΔU|      : 4.865e-05
max |ΔU| norm  : 1.326e-04
max |Δn|      : 1.260e-03
max |Δn| norm  : 2.653e-03
max |ΔILDOS|  : 2.498e+01
last Poisson  : 13.434 s
last Quantum  : 0.158 s
-3.342321887921688e-06 1.4041801787021701e-06
Iteration counts: [0, 2, 25]

--- Iteration 27 ---
Qprime size   : 365
max |ΔU|      : 9.024e-05
max |ΔU| norm  : 2.435e-04
max |Δn|      : 2.029e-03
max |Δn| norm  : 3.914e-03
max |ΔILDOS|  : 4.942e+01
last Poisson  : 13.393 s
last Quantum  : 0.157 s
1.825381302616421e-06 -8.023240741882376e-07
Iteration counts: [0, 2, 26]

--- Iteration 28 ---
Qprime size   : 365
max |ΔU|      : 5.493e-05
max |ΔU| norm  : 1.658e-04
max |Δn|      : 1.215e-03
max |Δn| norm  : 2.989e-03
max |ΔILDOS|  : 3.182e+01
last Poisson  : 13.438 s
last Quantum  : 0.160 s
1.0254438506746444e-06 -4.3115750212437275e-07
Iteration counts: [0, 2, 27]

--- Iteration 29 ---
Qprime size   : 365
max |ΔU|      : 3.418e-05
max |ΔU| norm  : 1.066e-04
max |Δn|      : 1.590e-03
max |Δn| norm  : 2.997e-03
max |ΔILDOS|  : 2.428e+01
last Poisson  : 13.400 s
last Quantum  : 0.156 s
-1.8079072974445688e-06 7.927376216585313e-07
Iteration counts: [0, 2, 28]

--- Iteration 30 ---
Qprime size   : 365
max |ΔU|      : 7.316e-05
max |ΔU| norm  : 1.842e-04
max |Δn|      : 1.792e-03
max |Δn| norm  : 3.680e-03
max |ΔILDOS|  : 3.706e+01
last Poisson  : 13.397 s
last Quantum  : 0.158 s
1.3140625026373976e-06 -5.921494364058809e-07
FSC converged / stopped.
✔ Logged phi=0.1111, Vbg=1.1667

=== Running phi=0.1111, Vbg=1.3333 ===
🔄 Full Hamiltonian rebuild (qparams change)
The poisson problem has been initialized.
Iteration counts: [0, 0, 0]

--- Iteration 0 ---
Qprime size   : 365
-0.0005884842504631898 0.0002793387324024446
Iteration counts: [0, 1, 0]

--- Iteration 1 ---
Qprime size   : 365
max |ΔU|      : 7.110e-04
max |ΔU| norm  : 2.074e-02
max |Δn|      : 3.363e-03
max |Δn| norm  : 2.204e-02
last Poisson  : 13.446 s
-0.000469935813499655 0.0002236657376344415
Iteration counts: [0, 1, 1]

--- Iteration 2 ---
Qprime size   : 365
max |ΔU|      : 5.650e-04
max |ΔU| norm  : 1.659e-02
max |Δn|      : 2.609e-03
max |Δn| norm  : 1.719e-02
max |ΔILDOS|  : 5.376e+02
last Poisson  : 13.388 s
last Quantum  : 0.176 s
-0.0010788652281659634 0.0005843706896788776
Iteration counts: [0, 1, 2]

--- Iteration 3 ---
Qprime size   : 365
max |ΔU|      : 1.190e-03
max |ΔU| norm  : 3.733e-02
max |Δn|      : 4.173e-03
max |Δn| norm  : 2.713e-02
max |ΔILDOS|  : 4.892e+02
last Poisson  : 13.384 s
last Quantum  : 0.152 s
-0.0006402495671310692 0.00034862779228165777
Iteration counts: [0, 1, 3]

--- Iteration 4 ---
Qprime size   : 365
max |ΔU|      : 6.635e-04
max |ΔU| norm  : 2.248e-02
max |Δn|      : 2.119e-03
max |Δn| norm  : 1.503e-02
max |ΔILDOS|  : 5.027e+02
last Poisson  : 13.442 s
last Quantum  : 0.161 s
-0.00037627591072770633 0.00020760551115966966
Iteration counts: [0, 1, 4]

--- Iteration 5 ---
Qprime size   : 365
max |ΔU|      : 3.860e-04
max |ΔU| norm  : 1.343e-02
max |Δn|      : 1.191e-03
max |Δn| norm  : 8.890e-03
max |ΔILDOS|  : 5.196e+02
last Poisson  : 13.454 s
last Quantum  : 0.172 s
-0.00022602369686744298 0.00012482983307369043
Iteration counts: [0, 1, 5]

--- Iteration 6 ---
Qprime size   : 365
max |ΔU|      : 2.350e-04
max |ΔU| norm  : 8.094e-03
max |Δn|      : 8.022e-04
max |Δn| norm  : 5.537e-03
max |ΔILDOS|  : 4.869e+02
last Poisson  : 13.373 s
last Quantum  : 0.160 s
-0.0001342503118105768 7.484658240175198e-05
Iteration counts: [0, 1, 6]

--- Iteration 7 ---
Qprime size   : 365
max |ΔU|      : 1.421e-04
max |ΔU| norm  : 4.863e-03
max |Δn|      : 5.461e-04
max |Δn| norm  : 3.545e-03
max |ΔILDOS|  : 3.795e+02
last Poisson  : 13.392 s
last Quantum  : 0.162 s
-8.048599707626441e-05 4.466515275703e-05
Iteration counts: [0, 1, 7]

--- Iteration 8 ---
Qprime size   : 365
max |ΔU|      : 8.503e-05
max |ΔU| norm  : 2.931e-03
max |Δn|      : 5.228e-04
max |Δn| norm  : 2.425e-03
max |ΔILDOS|  : 2.706e+02
last Poisson  : 13.351 s
last Quantum  : 0.159 s
-4.757523923575285e-05 2.656377623523784e-05
Iteration counts: [0, 1, 8]

--- Iteration 9 ---
Qprime size   : 365
max |ΔU|      : 5.487e-05
max |ΔU| norm  : 1.765e-03
max |Δn|      : 4.586e-04
max |Δn| norm  : 1.652e-03
max |ΔILDOS|  : 1.871e+02
last Poisson  : 13.443 s
last Quantum  : 0.160 s
-2.9586780532196948e-05 1.6369985156422713e-05
Iteration counts: [0, 1, 9]

--- Iteration 10 ---
Qprime size   : 365
max |ΔU|      : 3.460e-05
max |ΔU| norm  : 1.101e-03
max |Δn|      : 4.323e-04
max |Δn| norm  : 1.185e-03
max |ΔILDOS|  : 1.062e+02
last Poisson  : 13.442 s
last Quantum  : 0.159 s
-1.7173533084157363e-05 9.57485255515128e-06
Iteration counts: [0, 1, 10]

--- Iteration 11 ---
Qprime size   : 365
max |ΔU|      : 2.389e-05
max |ΔU| norm  : 6.458e-04
max |Δn|      : 3.973e-04
max |Δn| norm  : 8.996e-04
max |ΔILDOS|  : 8.065e+01
last Poisson  : 13.422 s
last Quantum  : 0.161 s
-1.0255264083944536e-05 5.554770695962435e-06
Iteration counts: [0, 1, 11]

--- Iteration 12 ---
Qprime size   : 365
max |ΔU|      : 2.134e-05
max |ΔU| norm  : 3.840e-04
max |Δn|      : 5.095e-04
max |Δn| norm  : 8.731e-04
max |ΔILDOS|  : 3.054e+01
last Poisson  : 13.408 s
last Quantum  : 0.156 s
-5.7572235739313275e-06 3.166393816426174e-06
Iteration counts: [0, 1, 12]

--- Iteration 13 ---
Qprime size   : 365
max |ΔU|      : 1.386e-05
max |ΔU| norm  : 2.247e-04
max |Δn|      : 4.288e-04
max |Δn| norm  : 6.903e-04
max |ΔILDOS|  : 4.248e+01
last Poisson  : 13.381 s
last Quantum  : 0.148 s
-3.998925557767771e-06 2.1652044371453313e-06
Iteration counts: [0, 1, 13]

--- Iteration 14 ---
Qprime size   : 365
max |ΔU|      : 1.029e-05
max |ΔU| norm  : 1.513e-04
max |Δn|      : 2.785e-04
max |Δn| norm  : 5.505e-04
max |ΔILDOS|  : 1.048e+01
last Poisson  : 13.418 s
last Quantum  : 0.168 s
-2.1375855257748488e-06 1.2128449597133902e-06
Iteration counts: [0, 1, 14]

--- Iteration 15 ---
Qprime size   : 365
max |ΔU|      : 9.599e-06
max |ΔU| norm  : 8.885e-05
max |Δn|      : 3.311e-04
max |Δn| norm  : 5.134e-04
max |ΔILDOS|  : 2.375e+01
last Poisson  : 13.409 s
last Quantum  : 0.172 s
-1.6528172424648842e-06 8.769201293194005e-07
Iteration counts: [0, 1, 15]

--- Iteration 16 ---
Qprime size   : 365
max |ΔU|      : 1.485e-05
max |ΔU| norm  : 6.685e-05
max |Δn|      : 4.415e-04
max |Δn| norm  : 5.960e-04
max |ΔILDOS|  : 9.338e+00
last Poisson  : 13.358 s
last Quantum  : 0.168 s
-7.20228921074701e-07 4.2265141873737685e-07
Iteration counts: [0, 1, 16]

--- Iteration 17 ---
Qprime size   : 365
max |ΔU|      : 1.239e-05
max |ΔU| norm  : 4.138e-05
max |Δn|      : 4.049e-04
max |Δn| norm  : 5.500e-04
max |ΔILDOS|  : 2.011e+01
last Poisson  : 13.427 s
last Quantum  : 0.170 s
-5.966160545964218e-07 2.938262692412424e-07
Iteration counts: [0, 1, 17]

--- Iteration 18 ---
Qprime size   : 365
max |ΔU|      : 1.023e-05
max |ΔU| norm  : 3.263e-05
max |Δn|      : 3.184e-04
max |Δn| norm  : 4.785e-04
max |ΔILDOS|  : 1.517e+01
last Poisson  : 13.380 s
last Quantum  : 0.168 s
-2.3616162544910696e-07 1.5203709668170586e-07
Iteration counts: [0, 1, 18]

--- Iteration 19 ---
Qprime size   : 365
max |ΔU|      : 1.095e-05
max |ΔU| norm  : 2.845e-05
max |Δn|      : 3.484e-04
max |Δn| norm  : 4.963e-04
max |ΔILDOS|  : 1.949e+01
last Poisson  : 13.418 s
last Quantum  : 0.174 s
-2.8528495124849404e-07 1.1789298955417386e-07
Iteration counts: [0, 1, 19]

--- Iteration 20 ---
Qprime size   : 365
max |ΔU|      : 1.315e-05
max |ΔU| norm  : 2.904e-05
max |Δn|      : 4.100e-04
max |Δn| norm  : 5.479e-04
max |ΔILDOS|  : 1.714e+01
last Poisson  : 13.401 s
last Quantum  : 0.168 s
-4.670427186918575e-08 4.991385089122714e-08
Iteration counts: [0, 1, 20]

--- Iteration 21 ---
Qprime size   : 365
max |ΔU|      : 1.229e-05
max |ΔU| norm  : 2.731e-05
max |Δn|      : 3.907e-04
max |Δn| norm  : 5.291e-04
max |ΔILDOS|  : 1.862e+01
last Poisson  : 13.424 s
last Quantum  : 0.189 s
-1.06050316176527e-07 2.764984334629661e-08
Iteration counts: [0, 1, 21]

--- Iteration 22 ---
Qprime size   : 365
max |ΔU|      : 1.099e-05
max |ΔU| norm  : 2.477e-05
max |Δn|      : 3.482e-04
max |Δn| norm  : 4.901e-04
max |ΔILDOS|  : 1.743e+01
last Poisson  : 13.458 s
last Quantum  : 0.168 s
7.297335197479638e-09 1.999745320829604e-08
Iteration counts: [0, 1, 22]

--- Iteration 23 ---
Qprime size   : 365
max |ΔU|      : 1.147e-05
max |ΔU| norm  : 2.559e-05
max |Δn|      : 3.619e-04
max |Δn| norm  : 4.971e-04
max |ΔILDOS|  : 1.781e+01
last Poisson  : 13.410 s
last Quantum  : 0.172 s
-8.083802374899496e-08 1.4434600762676732e-08
Iteration counts: [0, 1, 23]

--- Iteration 24 ---
Qprime size   : 365
max |ΔU|      : 1.244e-05
max |ΔU| norm  : 2.615e-05
max |Δn|      : 3.916e-04
max |Δn| norm  : 5.204e-04
max |ΔILDOS|  : 1.722e+01
last Poisson  : 13.391 s
last Quantum  : 0.166 s
3.138048814701857e-08 7.260385585496249e-09
Iteration counts: [0, 1, 24]

--- Iteration 25 ---
Qprime size   : 365
max |ΔU|      : 1.208e-05
max |ΔU| norm  : 2.572e-05
max |Δn|      : 3.824e-04
max |Δn| norm  : 5.102e-04
max |ΔILDOS|  : 1.727e+01
last Poisson  : 13.389 s
last Quantum  : 0.168 s
-4.0466478328912787e-08 -3.274721116377134e-09
Iteration counts: [0, 1, 25]

--- Iteration 26 ---
Qprime size   : 365
max |ΔU|      : 1.143e-05
max |ΔU| norm  : 2.456e-05
max |Δn|      : 3.620e-04
max |Δn| norm  : 4.901e-04
max |ΔILDOS|  : 1.698e+01
last Poisson  : 13.388 s
last Quantum  : 0.167 s
3.138996097587574e-08 6.320567859516248e-09
Iteration counts: [0, 1, 26]

--- Iteration 27 ---
Qprime size   : 365
max |ΔU|      : 1.167e-05
max |ΔU| norm  : 2.492e-05
max |Δn|      : 3.685e-04
max |Δn| norm  : 4.930e-04
max |ΔILDOS|  : 1.694e+01
last Poisson  : 13.435 s
last Quantum  : 0.161 s
-4.347370318698723e-08 -1.216838261439261e-09
Iteration counts: [0, 1, 27]

--- Iteration 28 ---
Qprime size   : 365
max |ΔU|      : 1.214e-05
max |ΔU| norm  : 2.527e-05
max |Δn|      : 3.830e-04
max |Δn| norm  : 5.042e-04
max |ΔILDOS|  : 1.680e+01
last Poisson  : 13.444 s
last Quantum  : 0.164 s
3.2351458859509395e-08 5.332756141188658e-09
Iteration counts: [0, 1, 28]

--- Iteration 29 ---
Qprime size   : 365
max |ΔU|      : 1.197e-05
max |ΔU| norm  : 2.500e-05
max |Δn|      : 3.785e-04
max |Δn| norm  : 4.988e-04
max |ΔILDOS|  : 1.676e+01
last Poisson  : 13.432 s
last Quantum  : 0.162 s
-2.74181789950907e-08 -7.651487848079063e-09
Iteration counts: [0, 1, 29]

--- Iteration 30 ---
Qprime size   : 365
max |ΔU|      : 1.164e-05
max |ΔU| norm  : 2.445e-05
max |Δn|      : 3.681e-04
max |Δn| norm  : 4.881e-04
max |ΔILDOS|  : 1.669e+01
last Poisson  : 13.397 s
last Quantum  : 0.165 s
2.7087808601094793e-08 7.191713003132226e-09
FSC converged / stopped.
✔ Logged phi=0.1111, Vbg=1.3333

=== Running phi=0.1111, Vbg=1.5000 ===
🔄 Full Hamiltonian rebuild (qparams change)
The poisson problem has been initialized.
Iteration counts: [0, 0, 0]

--- Iteration 0 ---
Qprime size   : 363
max |ΔU|      : 6.617e-14
max |ΔU| norm  : 2.664e-12
max |Δn|      : 2.613e-13
max |Δn| norm  : 1.113e-12
-0.00043594795812668976 0.00017177118365889571
Iteration counts: [0, 0, 1]

--- Iteration 1 ---
Qprime size   : 363
max |ΔU|      : 6.724e-04
max |ΔU| norm  : 1.665e-02
max |Δn|      : 5.174e-03
max |Δn| norm  : 2.510e-02
max |ΔILDOS|  : 5.573e+02
last Poisson  : 12.736 s
last Quantum  : 0.190 s
-0.0010317602301632908 0.0005078049277834509
Iteration counts: [0, 0, 2]

--- Iteration 2 ---
Qprime size   : 363
max |ΔU|      : 1.204e-03
max |ΔU| norm  : 3.551e-02
max |Δn|      : 5.404e-03
max |Δn| norm  : 3.460e-02
max |ΔILDOS|  : 4.542e+02
last Poisson  : 12.702 s
last Quantum  : 0.169 s
-0.0006021524493950094 0.00030065624256746113
Iteration counts: [0, 1, 2]

--- Iteration 3 ---
Qprime size   : 363
max |ΔU|      : 7.086e-04
max |ΔU| norm  : 2.103e-02
max |Δn|      : 3.295e-03
max |Δn| norm  : 2.059e-02
max |ΔILDOS|  : 4.542e+02
last Poisson  : 12.756 s
last Quantum  : 0.169 s
-0.00048107818254537965 0.00024096973151742235
Iteration counts: [0, 1, 3]

--- Iteration 4 ---
Qprime size   : 363
max |ΔU|      : 5.669e-04
max |ΔU| norm  : 1.682e-02
max |Δn|      : 2.548e-03
max |Δn| norm  : 1.582e-02
max |ΔILDOS|  : 4.543e+02
last Poisson  : 12.744 s
last Quantum  : 0.164 s
-0.00017048748876581407 8.738750053534533e-05
Iteration counts: [0, 1, 4]

--- Iteration 5 ---
Qprime size   : 363
max |ΔU|      : 2.365e-04
max |ΔU| norm  : 6.257e-03
max |Δn|      : 2.695e-03
max |Δn| norm  : 9.847e-03
max |ΔILDOS|  : 3.896e+02
last Poisson  : 12.722 s
last Quantum  : 0.172 s
-0.00010403833531885428 5.4500881522345554e-05
Iteration counts: [0, 1, 5]

--- Iteration 6 ---
Qprime size   : 363
max |ΔU|      : 1.351e-04
max |ΔU| norm  : 3.818e-03
max |Δn|      : 9.828e-04
max |Δn| norm  : 5.078e-03
max |ΔILDOS|  : 2.795e+02
last Poisson  : 12.681 s
last Quantum  : 0.154 s
-6.547713731353023e-05 3.470861504019863e-05
Iteration counts: [0, 1, 6]

--- Iteration 7 ---
Qprime size   : 363
max |ΔU|      : 8.661e-05
max |ΔU| norm  : 2.409e-03
max |Δn|      : 1.029e-03
max |Δn| norm  : 3.437e-03
max |ΔILDOS|  : 1.947e+02
last Poisson  : 12.753 s
last Quantum  : 0.164 s
-3.9547923736814416e-05 2.1223508858887366e-05
Iteration counts: [0, 1, 7]

--- Iteration 8 ---
Qprime size   : 363
max |ΔU|      : 5.402e-05
max |ΔU| norm  : 1.454e-03
max |Δn|      : 1.145e-03
max |Δn| norm  : 2.779e-03
max |ΔILDOS|  : 1.173e+02
last Poisson  : 12.743 s
last Quantum  : 0.145 s
-2.5287523074363537e-05 1.3586767022449316e-05
Iteration counts: [0, 1, 8]

--- Iteration 9 ---
Qprime size   : 363
max |ΔU|      : 4.610e-05
max |ΔU| norm  : 9.341e-04
max |Δn|      : 1.069e-03
max |Δn| norm  : 2.262e-03
max |ΔILDOS|  : 7.179e+01
last Poisson  : 12.752 s
last Quantum  : 0.164 s
-1.5059476461490597e-05 8.195640072393046e-06
Iteration counts: [0, 1, 9]

--- Iteration 10 ---
Qprime size   : 363
max |ΔU|      : 3.598e-05
max |ΔU| norm  : 5.572e-04
max |Δn|      : 9.705e-04
max |Δn| norm  : 1.804e-03
max |ΔILDOS|  : 4.408e+01
last Poisson  : 12.767 s
last Quantum  : 0.163 s
-9.719405934142528e-06 5.319356455360508e-06
Iteration counts: [0, 1, 10]

--- Iteration 11 ---
Qprime size   : 363
max |ΔU|      : 2.947e-05
max |ΔU| norm  : 3.630e-04
max |Δn|      : 9.756e-04
max |Δn| norm  : 1.776e-03
max |ΔILDOS|  : 2.762e+01
last Poisson  : 12.774 s
last Quantum  : 0.144 s
-5.481160172818911e-06 3.1052093325539205e-06
Iteration counts: [0, 1, 11]

--- Iteration 12 ---
Qprime size   : 363
max |ΔU|      : 2.215e-05
max |ΔU| norm  : 2.132e-04
max |Δn|      : 1.091e-03
max |Δn| norm  : 1.983e-03
max |ΔILDOS|  : 1.744e+01
last Poisson  : 12.682 s
last Quantum  : 0.161 s
-3.665248696845281e-06 1.9741612270273636e-06
Iteration counts: [0, 1, 12]

--- Iteration 13 ---
Qprime size   : 363
max |ΔU|      : 2.437e-05
max |ΔU| norm  : 1.486e-04
max |Δn|      : 1.037e-03
max |Δn| norm  : 1.830e-03
max |ΔILDOS|  : 1.053e+01
last Poisson  : 12.760 s
last Quantum  : 0.146 s
-2.1072084168794633e-06 1.1815857771501353e-06
Iteration counts: [0, 1, 13]

--- Iteration 14 ---
Qprime size   : 363
max |ΔU|      : 2.410e-05
max |ΔU| norm  : 9.091e-05
max |Δn|      : 9.580e-04
max |Δn| norm  : 1.599e-03
max |ΔILDOS|  : 7.477e+00
last Poisson  : 12.758 s
last Quantum  : 0.159 s
-1.4886339122152965e-06 7.829816335204806e-07
Iteration counts: [0, 1, 14]

--- Iteration 15 ---
Qprime size   : 363
max |ΔU|      : 2.238e-05
max |ΔU| norm  : 7.657e-05
max |Δn|      : 9.741e-04
max |Δn| norm  : 1.661e-03
max |ΔILDOS|  : 7.228e+00
last Poisson  : 12.752 s
last Quantum  : 0.165 s
-5.061177743650261e-07 3.522590510579057e-07
Iteration counts: [0, 1, 15]

--- Iteration 16 ---
Qprime size   : 363
max |ΔU|      : 2.081e-05
max |ΔU| norm  : 5.746e-05
max |Δn|      : 1.041e-03
max |Δn| norm  : 1.856e-03
max |ΔILDOS|  : 7.719e+00
last Poisson  : 12.703 s
last Quantum  : 0.162 s
-6.921462155825787e-07 3.4503846034830884e-07
Iteration counts: [0, 1, 16]

--- Iteration 17 ---
Qprime size   : 363
max |ΔU|      : 2.139e-05
max |ΔU| norm  : 5.712e-05
max |Δn|      : 1.020e-03
max |Δn| norm  : 1.765e-03
max |ΔILDOS|  : 7.225e+00
last Poisson  : 12.743 s
last Quantum  : 0.163 s
-2.5504302794596826e-07 1.7088914662767496e-07
Iteration counts: [0, 1, 17]

--- Iteration 18 ---
Qprime size   : 363
max |ΔU|      : 2.191e-05
max |ΔU| norm  : 4.666e-05
max |Δn|      : 9.601e-04
max |Δn| norm  : 1.591e-03
max |ΔILDOS|  : 6.654e+00
last Poisson  : 12.715 s
last Quantum  : 0.162 s
-3.801908175782309e-07 1.687426883037812e-07
Iteration counts: [0, 1, 18]

--- Iteration 19 ---
Qprime size   : 363
max |ΔU|      : 2.126e-05
max |ΔU| norm  : 5.096e-05
max |Δn|      : 9.768e-04
max |Δn| norm  : 1.651e-03
max |ΔILDOS|  : 6.679e+00
last Poisson  : 12.724 s
last Quantum  : 0.161 s
1.8015341278466284e-07 -3.413993745587321e-08
Iteration counts: [0, 1, 19]

--- Iteration 20 ---
Qprime size   : 363
max |ΔU|      : 2.120e-05
max |ΔU| norm  : 5.291e-05
max |Δn|      : 1.033e-03
max |Δn| norm  : 1.823e-03
max |ΔILDOS|  : 7.717e+00
last Poisson  : 12.727 s
last Quantum  : 0.158 s
-2.637780550458319e-07 1.019395656720029e-07
Iteration counts: [0, 1, 20]

--- Iteration 21 ---
Qprime size   : 363
max |ΔU|      : 2.098e-05
max |ΔU| norm  : 5.019e-05
max |Δn|      : 1.016e-03
max |Δn| norm  : 1.748e-03
max |ΔILDOS|  : 7.060e+00
last Poisson  : 12.717 s
last Quantum  : 0.164 s
3.241264992156334e-08 1.0735312943521033e-08
Iteration counts: [0, 1, 21]

--- Iteration 22 ---
Qprime size   : 363
max |ΔU|      : 2.145e-05
max |ΔU| norm  : 4.614e-05
max |Δn|      : 9.639e-04
max |Δn| norm  : 1.596e-03
max |ΔILDOS|  : 6.546e+00
last Poisson  : 12.697 s
last Quantum  : 0.160 s
-2.1796298123438658e-07 7.584704321585565e-08
Iteration counts: [0, 1, 22]

--- Iteration 23 ---
Qprime size   : 363
max |ΔU|      : 2.109e-05
max |ΔU| norm  : 4.895e-05
max |Δn|      : 9.791e-04
max |Δn| norm  : 1.652e-03
max |ΔILDOS|  : 6.707e+00
last Poisson  : 12.699 s
last Quantum  : 0.166 s
2.755725157513307e-07 -8.98847975438671e-08
Iteration counts: [0, 1, 23]

--- Iteration 24 ---
Qprime size   : 363
max |ΔU|      : 2.127e-05
max |ΔU| norm  : 5.309e-05
max |Δn|      : 1.030e-03
max |Δn| norm  : 1.808e-03
max |ΔILDOS|  : 7.656e+00
last Poisson  : 12.714 s
last Quantum  : 0.168 s
-2.0313833916459395e-07 6.69267840557678e-08
Iteration counts: [0, 1, 24]

--- Iteration 25 ---
Qprime size   : 363
max |ΔU|      : 2.093e-05
max |ΔU| norm  : 4.949e-05
max |Δn|      : 1.015e-03
max |Δn| norm  : 1.742e-03
max |ΔILDOS|  : 7.037e+00
last Poisson  : 12.696 s
last Quantum  : 0.173 s
8.24758165336833e-08 -1.602426233576678e-08
Iteration counts: [0, 1, 25]

--- Iteration 26 ---
Qprime size   : 363
max |ΔU|      : 2.130e-05
max |ΔU| norm  : 4.640e-05
max |Δn|      : 9.663e-04
max |Δn| norm  : 1.600e-03
max |ΔILDOS|  : 6.544e+00
last Poisson  : 12.719 s
last Quantum  : 0.166 s
-1.9433012137796623e-07 6.212279550040105e-08
Iteration counts: [0, 1, 26]

--- Iteration 27 ---
Qprime size   : 363
max |ΔU|      : 2.106e-05
max |ΔU| norm  : 4.869e-05
max |Δn|      : 9.807e-04
max |Δn| norm  : 1.653e-03
max |ΔILDOS|  : 6.722e+00
last Poisson  : 12.728 s
last Quantum  : 0.173 s
2.869211049987031e-07 -9.717050095556352e-08
Iteration counts: [0, 1, 27]

--- Iteration 28 ---
Qprime size   : 363
max |ΔU|      : 2.127e-05
max |ΔU| norm  : 5.294e-05
max |Δn|      : 1.028e-03
max |Δn| norm  : 1.801e-03
max |ΔILDOS|  : 7.616e+00
last Poisson  : 12.686 s
last Quantum  : 0.170 s
-1.9468689223646717e-07 6.182632096259853e-08
Iteration counts: [0, 1, 28]

--- Iteration 29 ---
Qprime size   : 363
max |ΔU|      : 2.093e-05
max |ΔU| norm  : 4.937e-05
max |Δn|      : 1.014e-03
max |Δn| norm  : 1.739e-03
max |ΔILDOS|  : 7.033e+00
last Poisson  : 12.740 s
last Quantum  : 0.181 s
9.395340979550674e-08 -2.166031270879045e-08
Iteration counts: [0, 1, 29]

--- Iteration 30 ---
Qprime size   : 363
max |ΔU|      : 2.123e-05
max |ΔU| norm  : 4.649e-05
max |Δn|      : 9.677e-04
max |Δn| norm  : 1.603e-03
max |ΔILDOS|  : 6.554e+00
last Poisson  : 12.744 s
last Quantum  : 0.168 s
-1.909894980763109e-07 6.01051714262864e-08
FSC converged / stopped.
✔ Logged phi=0.1111, Vbg=1.5000

=== Running phi=0.1111, Vbg=1.6667 ===
🔄 Full Hamiltonian rebuild (qparams change)
The poisson problem has been initialized.
Iteration counts: [0, 0, 0]

--- Iteration 0 ---
Qprime size   : 346
max |ΔU|      : 3.797e-14
max |ΔU| norm  : 1.337e-12
max |Δn|      : 2.514e-13
max |Δn| norm  : 1.215e-12
-0.0003925125742589147 0.00016677480361629134
Iteration counts: [0, 0, 1]

--- Iteration 1 ---
Qprime size   : 346
max |ΔU|      : 5.597e-04
max |ΔU| norm  : 1.342e-02
max |Δn|      : 5.039e-03
max |Δn| norm  : 2.055e-02
max |ΔILDOS|  : 4.668e+02
last Poisson  : 14.310 s
last Quantum  : 0.182 s
-0.0009072313613480877 0.00046676727310982115
Iteration counts: [0, 0, 2]

--- Iteration 2 ---
Qprime size   : 346
max |ΔU|      : 1.083e-03
max |ΔU| norm  : 3.008e-02
max |Δn|      : 5.175e-03
max |Δn| norm  : 2.892e-02
max |ΔILDOS|  : 4.668e+02
last Poisson  : 14.298 s
last Quantum  : 0.162 s
-0.0005368486950605477 0.0002823496470001658
Iteration counts: [0, 0, 3]

--- Iteration 3 ---
Qprime size   : 346
max |ΔU|      : 6.244e-04
max |ΔU| norm  : 1.804e-02
max |Δn|      : 3.089e-03
max |Δn| norm  : 1.661e-02
max |ΔILDOS|  : 4.402e+02
last Poisson  : 14.325 s
last Quantum  : 0.153 s
-0.00033059945963226166 0.00017729310380700574
Iteration counts: [0, 0, 4]

--- Iteration 4 ---
Qprime size   : 346
max |ΔU|      : 3.817e-04
max |ΔU| norm  : 1.120e-02
max |Δn|      : 1.985e-03
max |Δn| norm  : 9.909e-03
max |ΔILDOS|  : 4.117e+02
last Poisson  : 14.291 s
last Quantum  : 0.156 s
-0.00019534438473609302 0.00010547712323062889
Iteration counts: [0, 0, 5]

--- Iteration 5 ---
Qprime size   : 346
max |ΔU|      : 2.288e-04
max |ΔU| norm  : 6.672e-03
max |Δn|      : 1.365e-03
max |Δn| norm  : 6.562e-03
max |ΔILDOS|  : 3.639e+02
last Poisson  : 14.308 s
last Quantum  : 0.151 s
-0.00012128730952758762 6.628476716864146e-05
Iteration counts: [0, 0, 6]

--- Iteration 6 ---
Qprime size   : 346
max |ΔU|      : 1.401e-04
max |ΔU| norm  : 4.104e-03
max |Δn|      : 8.944e-04
max |Δn| norm  : 4.409e-03
max |ΔILDOS|  : 2.784e+02
last Poisson  : 14.350 s
last Quantum  : 0.151 s
-7.371132718293777e-05 3.9793871862071786e-05
Iteration counts: [0, 0, 7]

--- Iteration 7 ---
Qprime size   : 346
max |ΔU|      : 8.785e-05
max |ΔU| norm  : 2.538e-03
max |Δn|      : 1.036e-03
max |Δn| norm  : 3.058e-03
max |ΔILDOS|  : 2.090e+02
last Poisson  : 14.355 s
last Quantum  : 0.150 s
-4.651988446414246e-05 2.6089372413555893e-05
Iteration counts: [0, 0, 8]

--- Iteration 8 ---
Qprime size   : 346
max |ΔU|      : 6.624e-05
max |ΔU| norm  : 1.558e-03
max |Δn|      : 9.673e-04
max |Δn| norm  : 2.264e-03
max |ΔILDOS|  : 1.334e+02
last Poisson  : 14.309 s
last Quantum  : 0.154 s
-2.7997115502478292e-05 1.4910259210136899e-05
Iteration counts: [0, 0, 9]

--- Iteration 9 ---
Qprime size   : 346
max |ΔU|      : 6.656e-05
max |ΔU| norm  : 9.927e-04
max |Δn|      : 1.091e-03
max |Δn| norm  : 1.829e-03
max |ΔILDOS|  : 8.259e+01
last Poisson  : 14.321 s
last Quantum  : 0.150 s
-1.771090697398417e-05 1.0438881802654427e-05
Iteration counts: [0, 0, 10]

--- Iteration 10 ---
Qprime size   : 346
max |ΔU|      : 6.713e-05
max |ΔU| norm  : 5.872e-04
max |Δn|      : 1.037e-03
max |Δn| norm  : 1.672e-03
max |ΔILDOS|  : 5.217e+01
last Poisson  : 14.326 s
last Quantum  : 0.151 s
-1.04984893963509e-05 5.166335408602497e-06
Iteration counts: [0, 0, 11]

--- Iteration 11 ---
Qprime size   : 346
max |ΔU|      : 7.118e-05
max |ΔU| norm  : 4.157e-04
max |Δn|      : 1.133e-03
max |Δn| norm  : 1.598e-03
max |ΔILDOS|  : 3.121e+01
last Poisson  : 14.288 s
last Quantum  : 0.150 s
-7.071334837547496e-06 4.641991096437403e-06
Iteration counts: [0, 0, 12]

--- Iteration 12 ---
Qprime size   : 346
max |ΔU|      : 6.887e-05
max |ΔU| norm  : 2.537e-04
max |Δn|      : 1.083e-03
max |Δn| norm  : 1.576e-03
max |ΔILDOS|  : 1.966e+01
last Poisson  : 14.286 s
last Quantum  : 0.155 s
-3.7130042351916154e-06 1.4060327266642266e-06
Iteration counts: [0, 0, 13]

--- Iteration 13 ---
Qprime size   : 346
max |ΔU|      : 6.936e-05
max |ΔU| norm  : 2.162e-04
max |Δn|      : 1.092e-03
max |Δn| norm  : 1.529e-03
max |ΔILDOS|  : 1.644e+01
last Poisson  : 14.343 s
last Quantum  : 0.148 s
-2.8241385797792763e-06 2.2868035387833223e-06
Iteration counts: [0, 0, 14]

--- Iteration 14 ---
Qprime size   : 346
max |ΔU|      : 6.901e-05
max |ΔU| norm  : 1.603e-04
max |Δn|      : 1.087e-03
max |Δn| norm  : 1.517e-03
max |ΔILDOS|  : 1.777e+01
last Poisson  : 14.266 s
last Quantum  : 0.154 s
-1.281320961697975e-06 3.532051255624273e-08
Iteration counts: [0, 0, 15]

--- Iteration 15 ---
Qprime size   : 346
max |ΔU|      : 6.826e-05
max |ΔU| norm  : 1.633e-04
max |Δn|      : 1.076e-03
max |Δn| norm  : 1.491e-03
max |ΔILDOS|  : 1.669e+01
last Poisson  : 14.308 s
last Quantum  : 0.148 s
-1.2931914166105756e-06 1.4294692150791515e-06
Iteration counts: [0, 0, 16]

--- Iteration 16 ---
Qprime size   : 346
max |ΔU|      : 6.862e-05
max |ΔU| norm  : 1.472e-04
max |Δn|      : 1.080e-03
max |Δn| norm  : 1.500e-03
max |ΔILDOS|  : 1.752e+01
last Poisson  : 14.326 s
last Quantum  : 0.136 s
-3.251653883274856e-07 -5.215664058701674e-07
Iteration counts: [0, 0, 17]

--- Iteration 17 ---
Qprime size   : 346
max |ΔU|      : 6.960e-05
max |ΔU| norm  : 1.539e-04
max |Δn|      : 1.097e-03
max |Δn| norm  : 1.509e-03
max |ΔILDOS|  : 1.732e+01
last Poisson  : 14.321 s
last Quantum  : 0.139 s
-7.155775687446672e-07 1.111150803531682e-06
Iteration counts: [0, 0, 18]

--- Iteration 18 ---
Qprime size   : 346
max |ΔU|      : 6.950e-05
max |ΔU| norm  : 1.485e-04
max |Δn|      : 1.095e-03
max |Δn| norm  : 1.509e-03
max |ΔILDOS|  : 1.764e+01
last Poisson  : 14.351 s
last Quantum  : 0.145 s
4.604218821721546e-08 -7.310730604080628e-07
Iteration counts: [0, 0, 19]

--- Iteration 19 ---
Qprime size   : 346
max |ΔU|      : 6.932e-05
max |ΔU| norm  : 1.505e-04
max |Δn|      : 1.092e-03
max |Δn| norm  : 1.504e-03
max |ΔILDOS|  : 1.739e+01
last Poisson  : 14.336 s
last Quantum  : 0.134 s
-4.77272713742796e-07 9.76012925050073e-07
Iteration counts: [0, 0, 20]

--- Iteration 20 ---
Qprime size   : 346
max |ΔU|      : 6.938e-05
max |ΔU| norm  : 1.488e-04
max |Δn|      : 1.093e-03
max |Δn| norm  : 1.506e-03
max |ΔILDOS|  : 1.757e+01
last Poisson  : 14.293 s
last Quantum  : 0.140 s
2.0510353595414682e-07 -8.253051995879664e-07
Iteration counts: [0, 0, 21]

--- Iteration 21 ---
Qprime size   : 346
max |ΔU|      : 6.971e-05
max |ΔU| norm  : 1.504e-04
max |Δn|      : 1.098e-03
max |Δn| norm  : 1.510e-03
max |ΔILDOS|  : 1.755e+01
last Poisson  : 14.339 s
last Quantum  : 0.138 s
-3.819060177934746e-07 9.241204848116683e-07
Iteration counts: [0, 0, 22]

--- Iteration 22 ---
Qprime size   : 346
max |ΔU|      : 6.965e-05
max |ΔU| norm  : 1.496e-04
max |Δn|      : 1.097e-03
max |Δn| norm  : 1.510e-03
max |ΔILDOS|  : 1.761e+01
last Poisson  : 14.288 s
last Quantum  : 0.138 s
2.6921240325163003e-07 -8.614352543014784e-07
Iteration counts: [0, 0, 23]

--- Iteration 23 ---
Qprime size   : 346
max |ΔU|      : 6.965e-05
max |ΔU| norm  : 1.500e-04
max |Δn|      : 1.097e-03
max |Δn| norm  : 1.509e-03
max |ΔILDOS|  : 1.757e+01
last Poisson  : 14.293 s
last Quantum  : 0.138 s
-3.4127431293292305e-07 9.011681443572803e-07
Iteration counts: [0, 0, 24]

--- Iteration 24 ---
Qprime size   : 346
max |ΔU|      : 6.963e-05
max |ΔU| norm  : 1.497e-04
max |Δn|      : 1.097e-03
max |Δn| norm  : 1.510e-03
max |ΔILDOS|  : 1.760e+01
last Poisson  : 14.387 s
last Quantum  : 0.139 s
2.9631810040054784e-07 -8.776178379572544e-07
Iteration counts: [0, 0, 25]

--- Iteration 25 ---
Qprime size   : 346
max |ΔU|      : 6.974e-05
max |ΔU| norm  : 1.501e-04
max |Δn|      : 1.099e-03
max |Δn| norm  : 1.511e-03
max |ΔILDOS|  : 1.760e+01
last Poisson  : 14.308 s
last Quantum  : 0.134 s
-3.257363755015203e-07 8.93140317580998e-07
Iteration counts: [0, 0, 26]

--- Iteration 26 ---
Qprime size   : 346
max |ΔU|      : 6.971e-05
max |ΔU| norm  : 1.499e-04
max |Δn|      : 1.098e-03
max |Δn| norm  : 1.511e-03
max |ΔILDOS|  : 1.761e+01
last Poisson  : 14.279 s
last Quantum  : 0.151 s
3.068350396251089e-07 -8.832588308710758e-07
Iteration counts: [0, 0, 27]

--- Iteration 27 ---
Qprime size   : 346
max |ΔU|      : 6.972e-05
max |ΔU| norm  : 1.500e-04
max |Δn|      : 1.098e-03
max |Δn| norm  : 1.510e-03
max |ΔILDOS|  : 1.760e+01
last Poisson  : 14.289 s
last Quantum  : 0.147 s
-3.190186060836629e-07 8.895072007573064e-07
Iteration counts: [0, 0, 28]

--- Iteration 28 ---
Qprime size   : 346
max |ΔU|      : 6.971e-05
max |ΔU| norm  : 1.499e-04
max |Δn|      : 1.098e-03
max |Δn| norm  : 1.510e-03
max |ΔILDOS|  : 1.761e+01
last Poisson  : 14.300 s
last Quantum  : 0.151 s
3.115991872236861e-07 -8.860104462764132e-07
Iteration counts: [0, 0, 29]

--- Iteration 29 ---
Qprime size   : 346
max |ΔU|      : 6.974e-05
max |ΔU| norm  : 1.500e-04
max |Δn|      : 1.099e-03
max |Δn| norm  : 1.511e-03
max |ΔILDOS|  : 1.761e+01
last Poisson  : 14.298 s
last Quantum  : 0.148 s
-3.165107824721021e-07 8.883469188023853e-07
Iteration counts: [0, 0, 30]

--- Iteration 30 ---
Qprime size   : 346
max |ΔU|      : 6.973e-05
max |ΔU| norm  : 1.500e-04
max |Δn|      : 1.099e-03
max |Δn| norm  : 1.511e-03
max |ΔILDOS|  : 1.761e+01
last Poisson  : 14.290 s
last Quantum  : 0.154 s
3.1340056597624737e-07 -8.868913865720729e-07
FSC converged / stopped.
✔ Logged phi=0.1111, Vbg=1.6667

=== Running phi=0.1111, Vbg=1.8333 ===
🔄 Full Hamiltonian rebuild (qparams change)
The poisson problem has been initialized.
Iteration counts: [0, 0, 0]

--- Iteration 0 ---
Qprime size   : 328
max |ΔU|      : 4.019e-14
max |ΔU| norm  : 1.275e-12
max |Δn|      : 3.179e-13
max |Δn| norm  : 1.283e-12
-0.00021678418883410233 2.8849842127873563e-05
Iteration counts: [0, 0, 1]

--- Iteration 1 ---
Qprime size   : 328
max |ΔU|      : 7.678e-04
max |ΔU| norm  : 1.131e-02
max |Δn|      : 5.519e-03
max |Δn| norm  : 2.443e-02
max |ΔILDOS|  : 5.231e+02
last Poisson  : 12.447 s
last Quantum  : 0.163 s
-0.000732986465447306 0.00036582616811431016
Iteration counts: [0, 0, 2]

--- Iteration 2 ---
Qprime size   : 328
max |ΔU|      : 9.007e-04
max |ΔU| norm  : 2.283e-02
max |Δn|      : 5.148e-03
max |Δn| norm  : 2.839e-02
max |ΔILDOS|  : 4.691e+02
last Poisson  : 12.403 s
last Quantum  : 0.144 s
-0.00043512790657351146 0.00022062020705864457
Iteration counts: [0, 0, 3]

--- Iteration 3 ---
Qprime size   : 328
max |ΔU|      : 5.496e-04
max |ΔU| norm  : 1.370e-02
max |Δn|      : 3.322e-03
max |Δn| norm  : 1.673e-02
max |ΔILDOS|  : 4.374e+02
last Poisson  : 12.414 s
last Quantum  : 0.140 s
-0.0002643404245285206 0.00013660213546216724
Iteration counts: [0, 0, 4]

--- Iteration 4 ---
Qprime size   : 328
max |ΔU|      : 3.196e-04
max |ΔU| norm  : 8.430e-03
max |Δn|      : 1.803e-03
max |Δn| norm  : 9.127e-03
max |ΔILDOS|  : 4.350e+02
last Poisson  : 12.398 s
last Quantum  : 0.140 s
-0.0001602979676175623 8.37405953589075e-05
Iteration counts: [0, 0, 5]

--- Iteration 5 ---
Qprime size   : 328
max |ΔU|      : 1.885e-04
max |ΔU| norm  : 5.197e-03
max |Δn|      : 1.164e-03
max |Δn| norm  : 5.203e-03
max |ΔILDOS|  : 3.832e+02
last Poisson  : 12.377 s
last Quantum  : 0.135 s
-9.790462693967883e-05 5.152282578734236e-05
Iteration counts: [0, 0, 6]

--- Iteration 6 ---
Qprime size   : 328
max |ΔU|      : 1.186e-04
max |ΔU| norm  : 3.182e-03
max |Δn|      : 6.443e-04
max |Δn| norm  : 3.244e-03
max |ΔILDOS|  : 2.889e+02
last Poisson  : 12.428 s
last Quantum  : 0.136 s
-5.943355805310611e-05 3.160534384309822e-05
Iteration counts: [0, 0, 7]

--- Iteration 7 ---
Qprime size   : 328
max |ΔU|      : 7.219e-05
max |ΔU| norm  : 1.952e-03
max |Δn|      : 4.222e-04
max |Δn| norm  : 2.004e-03
max |ΔILDOS|  : 1.917e+02
last Poisson  : 12.423 s
last Quantum  : 0.135 s
-3.775468556690825e-05 2.0405702586428352e-05
Iteration counts: [0, 0, 8]

--- Iteration 8 ---
Qprime size   : 328
max |ΔU|      : 5.021e-05
max |ΔU| norm  : 1.252e-03
max |Δn|      : 3.074e-04
max |Δn| norm  : 1.341e-03
max |ΔILDOS|  : 1.278e+02
last Poisson  : 12.434 s
last Quantum  : 0.137 s
-2.248483108866111e-05 1.2228851301736793e-05
Iteration counts: [0, 0, 9]

--- Iteration 9 ---
Qprime size   : 328
max |ΔU|      : 3.165e-05
max |ΔU| norm  : 7.535e-04
max |Δn|      : 2.788e-04
max |Δn| norm  : 9.512e-04
max |ΔILDOS|  : 7.226e+01
last Poisson  : 12.417 s
last Quantum  : 0.123 s
-1.343371368629997e-05 7.223969577632885e-06
Iteration counts: [0, 0, 10]

--- Iteration 10 ---
Qprime size   : 328
max |ΔU|      : 2.275e-05
max |ΔU| norm  : 4.530e-04
max |Δn|      : 2.574e-04
max |Δn| norm  : 7.323e-04
max |ΔILDOS|  : 4.725e+01
last Poisson  : 12.413 s
last Quantum  : 0.137 s
-8.288992925176881e-06 4.468615754240836e-06
Iteration counts: [0, 0, 11]

--- Iteration 11 ---
Qprime size   : 328
max |ΔU|      : 1.405e-05
max |ΔU| norm  : 2.838e-04
max |Δn|      : 3.228e-04
max |Δn| norm  : 6.150e-04
max |ΔILDOS|  : 2.736e+01
last Poisson  : 12.435 s
last Quantum  : 0.152 s
-5.409316421580308e-06 2.9242192112159237e-06
Iteration counts: [0, 0, 12]

--- Iteration 12 ---
Qprime size   : 328
max |ΔU|      : 1.504e-05
max |ΔU| norm  : 1.873e-04
max |Δn|      : 3.003e-04
max |Δn| norm  : 5.413e-04
max |ΔILDOS|  : 1.964e+01
last Poisson  : 12.440 s
last Quantum  : 0.141 s
-2.8423548237041747e-06 1.5836085642304843e-06
Iteration counts: [0, 0, 13]

--- Iteration 13 ---
Qprime size   : 328
max |ΔU|      : 7.646e-06
max |ΔU| norm  : 1.006e-04
max |Δn|      : 3.285e-04
max |Δn| norm  : 4.985e-04
max |ΔILDOS|  : 8.600e+00
last Poisson  : 12.386 s
last Quantum  : 0.139 s
-2.303611478233852e-06 1.2403735387080877e-06
Iteration counts: [0, 0, 14]

--- Iteration 14 ---
Qprime size   : 328
max |ΔU|      : 1.273e-05
max |ΔU| norm  : 8.300e-05
max |Δn|      : 3.293e-04
max |Δn| norm  : 4.940e-04
max |ΔILDOS|  : 1.145e+01
last Poisson  : 12.391 s
last Quantum  : 0.139 s
-9.208471388938767e-07 5.421474520992776e-07
Iteration counts: [0, 0, 15]

--- Iteration 15 ---
Qprime size   : 328
max |ΔU|      : 9.405e-06
max |ΔU| norm  : 3.870e-05
max |Δn|      : 3.270e-04
max |Δn| norm  : 4.790e-04
max |ΔILDOS|  : 5.048e+00
last Poisson  : 12.404 s
last Quantum  : 0.138 s
-1.1175055278226686e-06 5.900541274300337e-07
Iteration counts: [0, 0, 16]

--- Iteration 16 ---
Qprime size   : 328
max |ΔU|      : 1.154e-05
max |ΔU| norm  : 4.467e-05
max |Δn|      : 3.276e-04
max |Δn| norm  : 4.789e-04
max |ΔILDOS|  : 8.425e+00
last Poisson  : 12.389 s
last Quantum  : 0.138 s
-2.1721725692568412e-07 1.5835769578937825e-07
Iteration counts: [0, 0, 17]

--- Iteration 17 ---
Qprime size   : 328
max |ΔU|      : 9.876e-06
max |ΔU| norm  : 2.178e-05
max |Δn|      : 3.228e-04
max |Δn| norm  : 4.719e-04
max |ΔILDOS|  : 5.199e+00
last Poisson  : 12.382 s
last Quantum  : 0.139 s
-6.460432418521226e-07 3.2907503082349724e-07
Iteration counts: [0, 0, 18]

--- Iteration 18 ---
Qprime size   : 328
max |ΔU|      : 1.094e-05
max |ΔU| norm  : 3.094e-05
max |Δn|      : 3.234e-04
max |Δn| norm  : 4.717e-04
max |ΔILDOS|  : 7.005e+00
last Poisson  : 12.429 s
last Quantum  : 0.140 s
9.587760049868088e-08 -1.6466790510771287e-08
Iteration counts: [0, 0, 19]

--- Iteration 19 ---
Qprime size   : 328
max |ΔU|      : 1.021e-05
max |ΔU| norm  : 2.065e-05
max |Δn|      : 3.231e-04
max |Δn| norm  : 4.718e-04
max |ΔILDOS|  : 5.360e+00
last Poisson  : 12.444 s
last Quantum  : 0.141 s
-4.5009201996732215e-07 2.1852282643911713e-07
Iteration counts: [0, 0, 20]

--- Iteration 20 ---
Qprime size   : 328
max |ΔU|      : 1.069e-05
max |ΔU| norm  : 2.617e-05
max |Δn|      : 3.231e-04
max |Δn| norm  : 4.720e-04
max |ΔILDOS|  : 6.320e+00
last Poisson  : 12.422 s
last Quantum  : 0.139 s
2.2436836431807782e-07 -8.89480620790833e-08
Iteration counts: [0, 0, 21]

--- Iteration 21 ---
Qprime size   : 328
max |ΔU|      : 1.037e-05
max |ΔU| norm  : 2.201e-05
max |Δn|      : 3.232e-04
max |Δn| norm  : 4.739e-04
max |ΔILDOS|  : 5.447e+00
last Poisson  : 12.403 s
last Quantum  : 0.140 s
-3.659120732607931e-07 1.6989874842719468e-07
Iteration counts: [0, 0, 22]

--- Iteration 22 ---
Qprime size   : 328
max |ΔU|      : 1.057e-05
max |ΔU| norm  : 2.449e-05
max |Δn|      : 3.231e-04
max |Δn| norm  : 4.747e-04
max |ΔILDOS|  : 5.985e+00
last Poisson  : 12.431 s
last Quantum  : 0.141 s
2.7689427550055484e-07 -1.1867629875319146e-07
Iteration counts: [0, 0, 23]

--- Iteration 23 ---
Qprime size   : 328
max |ΔU|      : 1.043e-05
max |ΔU| norm  : 2.289e-05
max |Δn|      : 3.232e-04
max |Δn| norm  : 4.765e-04
max |ΔILDOS|  : 5.546e+00
last Poisson  : 12.363 s
last Quantum  : 0.139 s
-3.339947603695787e-07 1.512852633903502e-07
Iteration counts: [0, 0, 24]

--- Iteration 24 ---
Qprime size   : 328
max |ΔU|      : 1.052e-05
max |ΔU| norm  : 2.398e-05
max |Δn|      : 3.231e-04
max |Δn| norm  : 4.776e-04
max |ΔILDOS|  : 5.816e+00
last Poisson  : 12.422 s
last Quantum  : 0.139 s
2.992996515236971e-07 -1.3128864255951196e-07
Iteration counts: [0, 0, 25]

--- Iteration 25 ---
Qprime size   : 328
max |ΔU|      : 1.046e-05
max |ΔU| norm  : 2.337e-05
max |Δn|      : 3.232e-04
max |Δn| norm  : 4.793e-04
max |ΔILDOS|  : 5.619e+00
last Poisson  : 12.384 s
last Quantum  : 0.140 s
-3.224672377837549e-07 1.4445241147334423e-07
Iteration counts: [0, 0, 26]

--- Iteration 26 ---
Qprime size   : 328
max |ΔU|      : 1.050e-05
max |ΔU| norm  : 2.386e-05
max |Δn|      : 3.232e-04
max |Δn| norm  : 4.804e-04
max |ΔILDOS|  : 5.740e+00
last Poisson  : 12.408 s
last Quantum  : 0.140 s
3.0930476200896093e-07 -1.3684093906767798e-07
Iteration counts: [0, 0, 27]

--- Iteration 27 ---
Qprime size   : 328
max |ΔU|      : 1.048e-05
max |ΔU| norm  : 2.365e-05
max |Δn|      : 3.232e-04
max |Δn| norm  : 4.818e-04
max |ΔILDOS|  : 5.653e+00
last Poisson  : 12.422 s
last Quantum  : 0.137 s
-3.18910185566252e-07 1.4223433420668662e-07
Iteration counts: [0, 0, 28]

--- Iteration 28 ---
Qprime size   : 328
max |ΔU|      : 1.049e-05
max |ΔU| norm  : 2.387e-05
max |Δn|      : 3.232e-04
max |Δn| norm  : 4.827e-04
max |ΔILDOS|  : 5.707e+00
last Poisson  : 12.408 s
last Quantum  : 0.138 s
3.1420081763558043e-07 -1.394804542887673e-07
Iteration counts: [0, 0, 29]

--- Iteration 29 ---
Qprime size   : 328
max |ΔU|      : 1.048e-05
max |ΔU| norm  : 2.382e-05
max |Δn|      : 3.232e-04
max |Δn| norm  : 4.839e-04
max |ΔILDOS|  : 5.668e+00
last Poisson  : 12.364 s
last Quantum  : 0.138 s
-3.1829549847243354e-07 1.4172149069784102e-07
Iteration counts: [0, 0, 30]

--- Iteration 30 ---
Qprime size   : 328
max |ΔU|      : 1.049e-05
max |ΔU| norm  : 2.393e-05
max |Δn|      : 3.232e-04
max |Δn| norm  : 4.847e-04
max |ΔILDOS|  : 5.692e+00
last Poisson  : 12.455 s
last Quantum  : 0.139 s
3.169728932791237e-07 -1.4090454225247742e-07
FSC converged / stopped.
✔ Logged phi=0.1111, Vbg=1.8333

=== Running phi=0.1111, Vbg=2.0000 ===
🔄 Full Hamiltonian rebuild (qparams change)
The poisson problem has been initialized.
Iteration counts: [0, 0, 0]

--- Iteration 0 ---
Qprime size   : 308
max |ΔU|      : 3.975e-14
max |ΔU| norm  : 1.420e-12
max |Δn|      : 2.451e-13
max |Δn| norm  : 1.378e-12
-0.00010781742482920009 -5.124644026522104e-05
Iteration counts: [0, 0, 1]

--- Iteration 1 ---
Qprime size   : 308
max |ΔU|      : 7.112e-04
max |ΔU| norm  : 1.115e-02
max |Δn|      : 4.568e-03
max |Δn| norm  : 2.441e-02
max |ΔILDOS|  : 5.826e+02
last Poisson  : 13.838 s
last Quantum  : 0.156 s
-0.0005586091586061979 0.00024838889982410617
Iteration counts: [0, 0, 2]

--- Iteration 2 ---
Qprime size   : 308
max |ΔU|      : 7.342e-04
max |ΔU| norm  : 1.722e-02
max |Δn|      : 5.457e-03
max |Δn| norm  : 2.778e-02
max |ΔILDOS|  : 4.581e+02
last Poisson  : 13.798 s
last Quantum  : 0.145 s
-0.0003303716117161542 0.00014750182944657763
Iteration counts: [0, 0, 3]

--- Iteration 3 ---
Qprime size   : 308
max |ΔU|      : 4.300e-04
max |ΔU| norm  : 1.028e-02
max |Δn|      : 2.688e-03
max |Δn| norm  : 1.497e-02
max |ΔILDOS|  : 4.554e+02
last Poisson  : 13.812 s
last Quantum  : 0.132 s
-0.00019666691884894636 8.911686097484039e-05
Iteration counts: [0, 0, 4]

--- Iteration 4 ---
Qprime size   : 308
max |ΔU|      : 2.624e-04
max |ΔU| norm  : 6.224e-03
max |Δn|      : 1.565e-03
max |Δn| norm  : 8.114e-03
max |ΔILDOS|  : 4.350e+02
last Poisson  : 13.816 s
last Quantum  : 0.134 s
-0.00011722664060432628 5.451946525306544e-05
Iteration counts: [0, 0, 5]

--- Iteration 5 ---
Qprime size   : 308
max |ΔU|      : 1.615e-04
max |ΔU| norm  : 3.729e-03
max |Δn|      : 1.255e-03
max |Δn| norm  : 5.015e-03
max |ΔILDOS|  : 3.320e+02
last Poisson  : 13.876 s
last Quantum  : 0.139 s
-6.825221607496606e-05 3.0943061558274176e-05
Iteration counts: [0, 0, 6]

--- Iteration 6 ---
Qprime size   : 308
max |ΔU|      : 9.899e-05
max |ΔU| norm  : 2.228e-03
max |Δn|      : 1.143e-03
max |Δn| norm  : 3.172e-03
max |ΔILDOS|  : 2.474e+02
last Poisson  : 13.831 s
last Quantum  : 0.132 s
-4.202680918447138e-05 1.992519668880256e-05
Iteration counts: [0, 0, 7]

--- Iteration 7 ---
Qprime size   : 308
max |ΔU|      : 6.164e-05
max |ΔU| norm  : 1.362e-03
max |Δn|      : 5.013e-04
max |Δn| norm  : 1.890e-03
max |ΔILDOS|  : 1.563e+02
last Poisson  : 13.810 s
last Quantum  : 0.135 s
-2.431732510837497e-05 1.0926565245531049e-05
Iteration counts: [0, 0, 8]

--- Iteration 8 ---
Qprime size   : 308
max |ΔU|      : 3.829e-05
max |ΔU| norm  : 8.183e-04
max |Δn|      : 6.855e-04
max |Δn| norm  : 1.385e-03
max |ΔILDOS|  : 9.382e+01
last Poisson  : 13.827 s
last Quantum  : 0.132 s
-1.698251999692987e-05 8.888564245962862e-06
Iteration counts: [0, 0, 9]

--- Iteration 9 ---
Qprime size   : 308
max |ΔU|      : 8.787e-05
max |ΔU| norm  : 5.608e-04
max |Δn|      : 1.328e-03
max |Δn| norm  : 1.681e-03
max |ΔILDOS|  : 5.801e+01
last Poisson  : 13.816 s
last Quantum  : 0.135 s
-8.633319123742413e-06 3.415680868561235e-06
Iteration counts: [0, 0, 10]

--- Iteration 10 ---
Qprime size   : 308
max |ΔU|      : 6.754e-05
max |ΔU| norm  : 3.356e-04
max |Δn|      : 1.143e-03
max |Δn| norm  : 1.396e-03
max |ΔILDOS|  : 3.567e+01
last Poisson  : 13.840 s
last Quantum  : 0.132 s
-6.462858696641029e-06 3.320845709731096e-06
Iteration counts: [0, 0, 11]

--- Iteration 11 ---
Qprime size   : 308
max |ΔU|      : 3.315e-05
max |ΔU| norm  : 2.131e-04
max |Δn|      : 5.263e-04
max |Δn| norm  : 7.069e-04
max |ΔILDOS|  : 2.145e+01
last Poisson  : 13.809 s
last Quantum  : 0.132 s
-3.0655495564380803e-06 9.843296187561238e-07
Iteration counts: [0, 0, 12]

--- Iteration 12 ---
Qprime size   : 308
max |ΔU|      : 4.321e-05
max |ΔU| norm  : 1.485e-04
max |Δn|      : 6.982e-04
max |Δn| norm  : 8.338e-04
max |ΔILDOS|  : 1.504e+01
last Poisson  : 13.793 s
last Quantum  : 0.133 s
-3.6408579328471316e-06 2.6342616284055522e-06
Iteration counts: [0, 0, 13]

--- Iteration 13 ---
Qprime size   : 308
max |ΔU|      : 8.571e-05
max |ΔU| norm  : 1.925e-04
max |Δn|      : 1.352e-03
max |Δn| norm  : 1.549e-03
max |ΔILDOS|  : 2.874e+01
last Poisson  : 13.853 s
last Quantum  : 0.136 s
-4.938072130448593e-07 -4.27428366188259e-07
Iteration counts: [0, 0, 14]

--- Iteration 14 ---
Qprime size   : 308
max |ΔU|      : 7.035e-05
max |ΔU| norm  : 1.406e-04
max |Δn|      : 1.155e-03
max |Δn| norm  : 1.328e-03
max |ΔILDOS|  : 2.263e+01
last Poisson  : 13.810 s
last Quantum  : 0.134 s
-1.3832805682475759e-06 9.249767950520781e-07
Iteration counts: [0, 0, 15]

--- Iteration 15 ---
Qprime size   : 308
max |ΔU|      : 2.961e-05
max |ΔU| norm  : 6.769e-05
max |Δn|      : 4.897e-04
max |Δn| norm  : 5.820e-04
max |ΔILDOS|  : 1.060e+01
last Poisson  : 13.849 s
last Quantum  : 0.132 s
1.1837820435863792e-07 -5.155178843059138e-07
Iteration counts: [0, 0, 16]

--- Iteration 16 ---
Qprime size   : 308
max |ΔU|      : 4.292e-05
max |ΔU| norm  : 8.572e-05
max |Δn|      : 6.804e-04
max |Δn| norm  : 7.847e-04
max |ΔILDOS|  : 1.316e+01
last Poisson  : 13.849 s
last Quantum  : 0.134 s
-1.5304556084094463e-06 1.612809264581305e-06
Iteration counts: [0, 0, 17]

--- Iteration 17 ---
Qprime size   : 308
max |ΔU|      : 8.480e-05
max |ΔU| norm  : 1.682e-04
max |Δn|      : 1.346e-03
max |Δn| norm  : 1.533e-03
max |ΔILDOS|  : 2.682e+01
last Poisson  : 13.850 s
last Quantum  : 0.133 s
8.185183327215573e-07 -1.0738941990892718e-06
Iteration counts: [0, 0, 18]

--- Iteration 18 ---
Qprime size   : 308
max |ΔU|      : 7.071e-05
max |ΔU| norm  : 1.343e-04
max |Δn|      : 1.155e-03
max |Δn| norm  : 1.322e-03
max |ΔILDOS|  : 2.242e+01
last Poisson  : 13.799 s
last Quantum  : 0.132 s
-5.801663546205492e-07 5.395472410983632e-07
Iteration counts: [0, 0, 19]

--- Iteration 19 ---
Qprime size   : 308
max |ΔU|      : 3.013e-05
max |ΔU| norm  : 5.744e-05
max |Δn|      : 5.014e-04
max |Δn| norm  : 5.876e-04
max |ΔILDOS|  : 1.012e+01
last Poisson  : 13.866 s
last Quantum  : 0.134 s
5.933246624433282e-07 -7.528314629216103e-07
Iteration counts: [0, 0, 20]

--- Iteration 20 ---
Qprime size   : 308
max |ΔU|      : 4.368e-05
max |ΔU| norm  : 8.635e-05
max |Δn|      : 6.902e-04
max |Δn| norm  : 7.919e-04
max |ΔILDOS|  : 1.372e+01
last Poisson  : 13.799 s
last Quantum  : 0.138 s
-1.2382199192391754e-06 1.4705932373351308e-06
Iteration counts: [0, 0, 21]

--- Iteration 21 ---
Qprime size   : 308
max |ΔU|      : 8.455e-05
max |ΔU| norm  : 1.661e-04
max |Δn|      : 1.344e-03
max |Δn| norm  : 1.529e-03
max |ΔILDOS|  : 2.650e+01
last Poisson  : 13.814 s
last Quantum  : 0.132 s
9.796316070184686e-07 -1.151331785955155e-06
Iteration counts: [0, 0, 22]

--- Iteration 22 ---
Qprime size   : 308
max |ΔU|      : 7.081e-05
max |ΔU| norm  : 1.350e-04
max |Δn|      : 1.155e-03
max |Δn| norm  : 1.321e-03
max |ΔILDOS|  : 2.261e+01
last Poisson  : 13.789 s
last Quantum  : 0.132 s
-4.768528419019241e-07 4.927402477624322e-07
Iteration counts: [0, 0, 23]

--- Iteration 23 ---
Qprime size   : 308
max |ΔU|      : 3.013e-05
max |ΔU| norm  : 5.663e-05
max |Δn|      : 5.025e-04
max |Δn| norm  : 5.866e-04
max |ΔILDOS|  : 1.002e+01
last Poisson  : 13.835 s
last Quantum  : 0.134 s
6.476474852989037e-07 -7.780594055839244e-07
Iteration counts: [0, 0, 24]

--- Iteration 24 ---
Qprime size   : 308
max |ΔU|      : 4.379e-05
max |ΔU| norm  : 8.680e-05
max |Δn|      : 6.912e-04
max |Δn| norm  : 7.916e-04
max |ΔILDOS|  : 1.382e+01
last Poisson  : 13.854 s
last Quantum  : 0.131 s
-1.1991140119011522e-06 1.453796040655519e-06
Iteration counts: [0, 0, 25]

--- Iteration 25 ---
Qprime size   : 308
max |ΔU|      : 8.451e-05
max |ΔU| norm  : 1.658e-04
max |Δn|      : 1.344e-03
max |Δn| norm  : 1.529e-03
max |ΔILDOS|  : 2.646e+01
last Poisson  : 13.830 s
last Quantum  : 0.133 s
9.964214158780523e-07 -1.1581911342820503e-06
Iteration counts: [0, 0, 26]

--- Iteration 26 ---
Qprime size   : 308
max |ΔU|      : 7.083e-05
max |ΔU| norm  : 1.351e-04
max |Δn|      : 1.155e-03
max |Δn| norm  : 1.321e-03
max |ΔILDOS|  : 2.263e+01
last Poisson  : 13.844 s
last Quantum  : 0.132 s
-4.6122298840952093e-07 4.868218412799682e-07
Iteration counts: [0, 0, 27]

--- Iteration 27 ---
Qprime size   : 308
max |ΔU|      : 3.013e-05
max |ΔU| norm  : 5.650e-05
max |Δn|      : 5.026e-04
max |Δn| norm  : 5.855e-04
max |ΔILDOS|  : 1.001e+01
last Poisson  : 13.873 s
last Quantum  : 0.136 s
6.518381798016621e-07 -7.794121101529276e-07
Iteration counts: [0, 0, 28]

--- Iteration 28 ---
Qprime size   : 308
max |ΔU|      : 4.380e-05
max |ΔU| norm  : 8.686e-05
max |Δn|      : 6.913e-04
max |Δn| norm  : 7.909e-04
max |ΔILDOS|  : 1.384e+01
last Poisson  : 13.883 s
last Quantum  : 0.132 s
-1.1919631718216883e-06 1.4513147293072582e-06
Iteration counts: [0, 0, 29]

--- Iteration 29 ---
Qprime size   : 308
max |ΔU|      : 8.451e-05
max |ΔU| norm  : 1.657e-04
max |Δn|      : 1.344e-03
max |Δn| norm  : 1.528e-03
max |ΔILDOS|  : 2.645e+01
last Poisson  : 13.830 s
last Quantum  : 0.133 s
9.96468383092225e-07 -1.1578695096928647e-06
Iteration counts: [0, 0, 30]

--- Iteration 30 ---
Qprime size   : 308
max |ΔU|      : 7.083e-05
max |ΔU| norm  : 1.352e-04
max |Δn|      : 1.155e-03
max |Δn| norm  : 1.320e-03
max |ΔILDOS|  : 2.264e+01
last Poisson  : 13.851 s
last Quantum  : 0.133 s
-4.5742532147253264e-07 4.855832516287737e-07
FSC converged / stopped.
✔ Logged phi=0.1111, Vbg=2.0000

=== Running phi=0.1111, Vbg=2.1667 ===
🔄 Full Hamiltonian rebuild (qparams change)
The poisson problem has been initialized.
Iteration counts: [0, 0, 0]

--- Iteration 0 ---
Qprime size   : 279
max |ΔU|      : 7.949e-14
max |ΔU| norm  : 1.800e-12
max |Δn|      : 3.270e-13
max |Δn| norm  : 1.407e-12
-4.863269783703495e-05 -9.192315592248694e-05
Iteration counts: [0, 0, 1]

--- Iteration 1 ---
Qprime size   : 279
max |ΔU|      : 7.261e-04
max |ΔU| norm  : 1.024e-02
max |Δn|      : 5.794e-03
max |Δn| norm  : 2.501e-02
max |ΔILDOS|  : 4.595e+02
last Poisson  : 14.399 s
last Quantum  : 0.129 s
-0.0004524862963166473 0.00018450713316289641
Iteration counts: [0, 0, 2]

--- Iteration 2 ---
Qprime size   : 279
max |ΔU|      : 6.223e-04
max |ΔU| norm  : 1.275e-02
max |Δn|      : 5.014e-03
max |Δn| norm  : 2.363e-02
max |ΔILDOS|  : 4.633e+02
last Poisson  : 14.355 s
last Quantum  : 0.115 s
-0.00026164934626878256 0.00010798645615662599
Iteration counts: [0, 0, 3]

--- Iteration 3 ---
Qprime size   : 279
max |ΔU|      : 3.737e-04
max |ΔU| norm  : 7.564e-03
max |Δn|      : 2.861e-03
max |Δn| norm  : 1.217e-02
max |ΔILDOS|  : 4.564e+02
last Poisson  : 14.349 s
last Quantum  : 0.123 s
-0.00015526703898032632 6.52917287821924e-05
Iteration counts: [0, 0, 4]

--- Iteration 4 ---
Qprime size   : 279
max |ΔU|      : 2.219e-04
max |ΔU| norm  : 4.513e-03
max |Δn|      : 1.617e-03
max |Δn| norm  : 7.019e-03
max |ΔILDOS|  : 3.875e+02
last Poisson  : 14.422 s
last Quantum  : 0.120 s
-9.112749539699178e-05 3.8822603994260844e-05
Iteration counts: [0, 0, 5]

--- Iteration 5 ---
Qprime size   : 279
max |ΔU|      : 1.340e-04
max |ΔU| norm  : 2.682e-03
max |Δn|      : 9.507e-04
max |Δn| norm  : 4.397e-03
max |ΔILDOS|  : 2.893e+02
last Poisson  : 14.328 s
last Quantum  : 0.123 s
-5.71719966111481e-05 2.571370368233342e-05
Iteration counts: [0, 0, 6]

--- Iteration 6 ---
Qprime size   : 279
max |ΔU|      : 8.304e-05
max |ΔU| norm  : 1.666e-03
max |Δn|      : 9.334e-04
max |Δn| norm  : 2.756e-03
max |ΔILDOS|  : 2.245e+02
last Poisson  : 14.370 s
last Quantum  : 0.119 s
-3.35240976211033e-05 1.5278520380193806e-05
Iteration counts: [0, 0, 7]

--- Iteration 7 ---
Qprime size   : 279
max |ΔU|      : 5.068e-05
max |ΔU| norm  : 1.020e-03
max |Δn|      : 9.678e-04
max |Δn| norm  : 2.028e-03
max |ΔILDOS|  : 1.373e+02
last Poisson  : 14.371 s
last Quantum  : 0.120 s
-2.184174863844455e-05 1.052515207354589e-05
Iteration counts: [0, 0, 8]

--- Iteration 8 ---
Qprime size   : 279
max |ΔU|      : 3.530e-05
max |ΔU| norm  : 6.440e-04
max |Δn|      : 9.266e-04
max |Δn| norm  : 1.434e-03
max |ΔILDOS|  : 8.097e+01
last Poisson  : 14.402 s
last Quantum  : 0.118 s
-1.1542801718803741e-05 5.348175052904888e-06
Iteration counts: [0, 0, 9]

--- Iteration 9 ---
Qprime size   : 279
max |ΔU|      : 3.206e-05
max |ΔU| norm  : 3.826e-04
max |Δn|      : 9.674e-04
max |Δn| norm  : 1.319e-03
max |ΔILDOS|  : 4.840e+01
last Poisson  : 14.432 s
last Quantum  : 0.116 s
-8.34705272554097e-06 4.20806484318429e-06
Iteration counts: [0, 0, 10]

--- Iteration 10 ---
Qprime size   : 279
max |ΔU|      : 3.450e-05
max |ΔU| norm  : 2.516e-04
max |Δn|      : 9.273e-04
max |Δn| norm  : 1.120e-03
max |ΔILDOS|  : 2.870e+01
last Poisson  : 14.418 s
last Quantum  : 0.118 s
-3.4692524340440965e-06 1.4921216441877089e-06
Iteration counts: [0, 0, 11]

--- Iteration 11 ---
Qprime size   : 279
max |ΔU|      : 3.316e-05
max |ΔU| norm  : 1.472e-04
max |Δn|      : 9.627e-04
max |Δn| norm  : 1.136e-03
max |ΔILDOS|  : 1.846e+01
last Poisson  : 14.384 s
last Quantum  : 0.109 s
-3.6635221240696993e-06 1.9754373966068405e-06
Iteration counts: [0, 0, 12]

--- Iteration 12 ---
Qprime size   : 279
max |ΔU|      : 3.425e-05
max |ΔU| norm  : 1.178e-04
max |Δn|      : 9.407e-04
max |Δn| norm  : 1.072e-03
max |ΔILDOS|  : 1.696e+01
last Poisson  : 14.390 s
last Quantum  : 0.116 s
-8.605556341781251e-07 2.575762464212539e-07
Iteration counts: [0, 0, 13]

--- Iteration 13 ---
Qprime size   : 279
max |ΔU|      : 3.297e-05
max |ΔU| norm  : 7.945e-05
max |Δn|      : 9.429e-04
max |Δn| norm  : 1.076e-03
max |ΔILDOS|  : 1.538e+01
last Poisson  : 14.370 s
last Quantum  : 0.115 s
-2.012378756769046e-06 1.1870955935446227e-06
Iteration counts: [0, 0, 14]

--- Iteration 14 ---
Qprime size   : 279
max |ΔU|      : 3.404e-05
max |ΔU| norm  : 7.908e-05
max |Δn|      : 9.440e-04
max |Δn| norm  : 1.065e-03
max |ΔILDOS|  : 1.642e+01
last Poisson  : 14.408 s
last Quantum  : 0.115 s
1.9050729788595728e-07 -2.592120113595593e-07
Iteration counts: [0, 0, 15]

--- Iteration 15 ---
Qprime size   : 279
max |ΔU|      : 3.326e-05
max |ΔU| norm  : 6.495e-05
max |Δn|      : 9.424e-04
max |Δn| norm  : 1.067e-03
max |ΔILDOS|  : 1.570e+01
last Poisson  : 14.407 s
last Quantum  : 0.115 s
-1.3328219576573826e-06 8.499333759157335e-07
Iteration counts: [0, 0, 16]

--- Iteration 16 ---
Qprime size   : 279
max |ΔU|      : 3.377e-05
max |ΔU| norm  : 6.846e-05
max |Δn|      : 9.424e-04
max |Δn| norm  : 1.062e-03
max |ΔILDOS|  : 1.612e+01
last Poisson  : 14.384 s
last Quantum  : 0.117 s
6.218440139400669e-07 -4.783090619338873e-07
Iteration counts: [0, 0, 17]

--- Iteration 17 ---
Qprime size   : 279
max |ΔU|      : 3.343e-05
max |ΔU| norm  : 6.357e-05
max |Δn|      : 9.423e-04
max |Δn| norm  : 1.064e-03
max |ΔILDOS|  : 1.584e+01
last Poisson  : 14.394 s
last Quantum  : 0.108 s
-1.0539023279422005e-06 7.066280185168057e-07
Iteration counts: [0, 0, 18]

--- Iteration 18 ---
Qprime size   : 279
max |ΔU|      : 3.364e-05
max |ΔU| norm  : 6.556e-05
max |Δn|      : 9.418e-04
max |Δn| norm  : 1.062e-03
max |ΔILDOS|  : 1.598e+01
last Poisson  : 14.416 s
last Quantum  : 0.120 s
7.910497729651185e-07 -5.667736900715436e-07
Iteration counts: [0, 0, 19]

--- Iteration 19 ---
Qprime size   : 279
max |ΔU|      : 3.349e-05
max |ΔU| norm  : 6.390e-05
max |Δn|      : 9.419e-04
max |Δn| norm  : 1.063e-03
max |ΔILDOS|  : 1.589e+01
last Poisson  : 14.389 s
last Quantum  : 0.120 s
-9.481174680714513e-07 6.507752238023993e-07
Iteration counts: [0, 0, 20]

--- Iteration 20 ---
Qprime size   : 279
max |ΔU|      : 3.358e-05
max |ΔU| norm  : 6.472e-05
max |Δn|      : 9.415e-04
max |Δn| norm  : 1.061e-03
max |ΔILDOS|  : 1.593e+01
last Poisson  : 14.365 s
last Quantum  : 0.117 s
8.538145652115545e-07 -6.002517857261153e-07
Iteration counts: [0, 0, 21]

--- Iteration 21 ---
Qprime size   : 279
max |ΔU|      : 3.351e-05
max |ΔU| norm  : 6.415e-05
max |Δn|      : 9.415e-04
max |Δn| norm  : 1.062e-03
max |ΔILDOS|  : 1.590e+01
last Poisson  : 14.344 s
last Quantum  : 0.120 s
-9.092929293861752e-07 6.300016027345666e-07
Iteration counts: [0, 0, 22]

--- Iteration 22 ---
Qprime size   : 279
max |ΔU|      : 3.355e-05
max |ΔU| norm  : 6.446e-05
max |Δn|      : 9.414e-04
max |Δn| norm  : 1.061e-03
max |ΔILDOS|  : 1.591e+01
last Poisson  : 14.380 s
last Quantum  : 0.118 s
8.765829742418769e-07 -6.125234273657136e-07
Iteration counts: [0, 0, 23]

--- Iteration 23 ---
Qprime size   : 279
max |ΔU|      : 3.352e-05
max |ΔU| norm  : 6.425e-05
max |Δn|      : 9.414e-04
max |Δn| norm  : 1.061e-03
max |ΔILDOS|  : 1.591e+01
last Poisson  : 14.390 s
last Quantum  : 0.120 s
-8.951710255225444e-07 6.223726931673123e-07
Iteration counts: [0, 0, 24]

--- Iteration 24 ---
Qprime size   : 279
max |ΔU|      : 3.354e-05
max |ΔU| norm  : 6.437e-05
max |Δn|      : 9.413e-04
max |Δn| norm  : 1.061e-03
max |ΔILDOS|  : 1.591e+01
last Poisson  : 14.397 s
last Quantum  : 0.119 s
8.845410379520646e-07 -6.168093401859516e-07
Iteration counts: [0, 0, 25]

--- Iteration 25 ---
Qprime size   : 279
max |ΔU|      : 3.352e-05
max |ΔU| norm  : 6.429e-05
max |Δn|      : 9.413e-04
max |Δn| norm  : 1.061e-03
max |ΔILDOS|  : 1.591e+01
last Poisson  : 14.380 s
last Quantum  : 0.122 s
-8.903466762108541e-07 6.197921473573457e-07
Iteration counts: [0, 0, 26]

--- Iteration 26 ---
Qprime size   : 279
max |ΔU|      : 3.353e-05
max |ΔU| norm  : 6.433e-05
max |Δn|      : 9.412e-04
max |Δn| norm  : 1.061e-03
max |ΔILDOS|  : 1.590e+01
last Poisson  : 14.385 s
last Quantum  : 0.110 s
8.871627603690562e-07 -6.181962507080391e-07
Iteration counts: [0, 0, 27]

--- Iteration 27 ---
Qprime size   : 279
max |ΔU|      : 3.353e-05
max |ΔU| norm  : 6.431e-05
max |Δn|      : 9.412e-04
max |Δn| norm  : 1.061e-03
max |ΔILDOS|  : 1.591e+01
last Poisson  : 14.442 s
last Quantum  : 0.119 s
-8.887744236473871e-07 6.189690303925434e-07
Iteration counts: [0, 0, 28]

--- Iteration 28 ---
Qprime size   : 279
max |ΔU|      : 3.353e-05
max |ΔU| norm  : 6.432e-05
max |Δn|      : 9.412e-04
max |Δn| norm  : 1.061e-03
max |ΔILDOS|  : 1.590e+01
last Poisson  : 14.409 s
last Quantum  : 0.123 s
8.879668227640688e-07 -6.186057556074971e-07
Iteration counts: [0, 0, 29]

--- Iteration 29 ---
Qprime size   : 279
max |ΔU|      : 3.353e-05
max |ΔU| norm  : 6.431e-05
max |Δn|      : 9.412e-04
max |Δn| norm  : 1.061e-03
max |ΔILDOS|  : 1.590e+01
last Poisson  : 14.386 s
last Quantum  : 0.119 s
-8.883009091873922e-07 6.187315020687816e-07
Iteration counts: [0, 0, 30]

--- Iteration 30 ---
Qprime size   : 279
max |ΔU|      : 3.353e-05
max |ΔU| norm  : 6.431e-05
max |Δn|      : 9.412e-04
max |Δn| norm  : 1.061e-03
max |ΔILDOS|  : 1.590e+01
last Poisson  : 14.364 s
last Quantum  : 0.119 s
8.881816262244216e-07 -6.187056347929973e-07
FSC converged / stopped.
✔ Logged phi=0.1111, Vbg=2.1667

=== Running phi=0.1111, Vbg=2.3333 ===
🔄 Full Hamiltonian rebuild (qparams change)
The poisson problem has been initialized.
Iteration counts: [0, 0, 0]

--- Iteration 0 ---
Qprime size   : 248
max |ΔU|      : 5.418e-14
max |ΔU| norm  : 1.573e-12
max |Δn|      : 2.167e-13
max |Δn| norm  : 1.504e-12
6.859677821353858e-05 -0.00018298355218870674
Iteration counts: [0, 0, 1]

--- Iteration 1 ---
Qprime size   : 248
max |ΔU|      : 8.246e-04
max |ΔU| norm  : 1.089e-02
max |Δn|      : 7.086e-03
max |Δn| norm  : 2.627e-02
max |ΔILDOS|  : 4.442e+02
last Poisson  : 12.584 s
last Quantum  : 0.140 s
-0.00029116642270238875 7.378755927514517e-05
Iteration counts: [0, 0, 2]

--- Iteration 2 ---
Qprime size   : 248
max |ΔU|      : 5.097e-04
max |ΔU| norm  : 8.381e-03
max |Δn|      : 3.702e-03
max |Δn| norm  : 2.220e-02
max |ΔILDOS|  : 4.392e+02
last Poisson  : 12.512 s
last Quantum  : 0.115 s
-0.00016838677017445863 4.358175111276957e-05
Iteration counts: [0, 0, 3]

--- Iteration 3 ---
Qprime size   : 248
max |ΔU|      : 2.904e-04
max |ΔU| norm  : 5.094e-03
max |Δn|      : 2.057e-03
max |Δn| norm  : 1.220e-02
max |ΔILDOS|  : 4.332e+02
last Poisson  : 12.542 s
last Quantum  : 0.110 s
-0.0001004547681015572 2.740229069829268e-05
Iteration counts: [0, 0, 4]

--- Iteration 4 ---
Qprime size   : 248
max |ΔU|      : 1.731e-04
max |ΔU| norm  : 3.127e-03
max |Δn|      : 1.268e-03
max |Δn| norm  : 7.174e-03
max |ΔILDOS|  : 3.399e+02
last Poisson  : 12.536 s
last Quantum  : 0.109 s
-6.279109067846128e-05 1.978880411850546e-05
Iteration counts: [0, 0, 5]

--- Iteration 5 ---
Qprime size   : 248
max |ΔU|      : 1.032e-04
max |ΔU| norm  : 1.909e-03
max |Δn|      : 8.347e-04
max |Δn| norm  : 4.178e-03
max |ΔILDOS|  : 2.392e+02
last Poisson  : 12.551 s
last Quantum  : 0.108 s
-3.772040610683335e-05 1.2053752240669533e-05
Iteration counts: [0, 0, 6]

--- Iteration 6 ---
Qprime size   : 248
max |ΔU|      : 6.233e-05
max |ΔU| norm  : 1.138e-03
max |Δn|      : 5.317e-04
max |Δn| norm  : 2.549e-03
max |ΔILDOS|  : 1.633e+02
last Poisson  : 12.548 s
last Quantum  : 0.107 s
-2.2524112587570265e-05 7.2528703428556674e-06
Iteration counts: [0, 0, 7]

--- Iteration 7 ---
Qprime size   : 248
max |ΔU|      : 3.640e-05
max |ΔU| norm  : 6.813e-04
max |Δn|      : 3.542e-04
max |Δn| norm  : 1.555e-03
max |ΔILDOS|  : 9.906e+01
last Poisson  : 12.524 s
last Quantum  : 0.109 s
-1.323793611884757e-05 4.249335619181509e-06
Iteration counts: [0, 0, 8]

--- Iteration 8 ---
Qprime size   : 248
max |ΔU|      : 2.194e-05
max |ΔU| norm  : 4.011e-04
max |Δn|      : 2.496e-04
max |Δn| norm  : 9.837e-04
max |ΔILDOS|  : 5.746e+01
last Poisson  : 12.539 s
last Quantum  : 0.107 s
-8.000670110852144e-06 2.636193374505031e-06
Iteration counts: [0, 0, 9]

--- Iteration 9 ---
Qprime size   : 248
max |ΔU|      : 1.340e-05
max |ΔU| norm  : 2.396e-04
max |Δn|      : 1.634e-04
max |Δn| norm  : 6.489e-04
max |ΔILDOS|  : 3.500e+01
last Poisson  : 12.516 s
last Quantum  : 0.106 s
-4.948995124753779e-06 1.6191160478757094e-06
Iteration counts: [0, 0, 10]

--- Iteration 10 ---
Qprime size   : 248
max |ΔU|      : 8.831e-06
max |ΔU| norm  : 1.480e-04
max |Δn|      : 1.095e-04
max |Δn| norm  : 4.248e-04
max |ΔILDOS|  : 2.233e+01
last Poisson  : 12.585 s
last Quantum  : 0.100 s
-3.0063880271782013e-06 9.976716063735908e-07
Iteration counts: [0, 0, 11]

--- Iteration 11 ---
Qprime size   : 248
max |ΔU|      : 5.784e-06
max |ΔU| norm  : 8.959e-05
max |Δn|      : 7.993e-05
max |Δn| norm  : 2.877e-04
max |ΔILDOS|  : 1.272e+01
last Poisson  : 12.551 s
last Quantum  : 0.106 s
-1.8209407270760988e-06 6.288023906932121e-07
Iteration counts: [0, 0, 12]

--- Iteration 12 ---
Qprime size   : 248
max |ΔU|      : 3.876e-06
max |ΔU| norm  : 5.399e-05
max |Δn|      : 5.762e-05
max |Δn| norm  : 1.942e-04
max |ΔILDOS|  : 7.051e+00
last Poisson  : 12.529 s
last Quantum  : 0.107 s
-1.2139421341273725e-06 4.4778628153845283e-07
Iteration counts: [0, 0, 13]

--- Iteration 13 ---
Qprime size   : 248
max |ΔU|      : 2.691e-06
max |ΔU| norm  : 3.446e-05
max |Δn|      : 4.037e-05
max |Δn| norm  : 1.253e-04
max |ΔILDOS|  : 4.583e+00
last Poisson  : 12.529 s
last Quantum  : 0.107 s
-7.893672270428317e-07 3.0107366117645827e-07
Iteration counts: [0, 0, 14]

--- Iteration 14 ---
Qprime size   : 248
max |ΔU|      : 1.897e-06
max |ΔU| norm  : 2.190e-05
max |Δn|      : 2.796e-05
max |Δn| norm  : 8.279e-05
max |ΔILDOS|  : 2.956e+00
last Poisson  : 12.532 s
last Quantum  : 0.107 s
-5.060276853717379e-07 1.968774492231938e-07
Iteration counts: [0, 0, 15]

--- Iteration 15 ---
Qprime size   : 248
max |ΔU|      : 1.339e-06
max |ΔU| norm  : 1.401e-05
max |Δn|      : 1.934e-05
max |Δn| norm  : 5.510e-05
max |ΔILDOS|  : 1.892e+00
last Poisson  : 12.554 s
last Quantum  : 0.105 s
-3.1612707635112607e-07 1.227675405151304e-07
Iteration counts: [0, 0, 16]

--- Iteration 16 ---
Qprime size   : 248
max |ΔU|      : 9.427e-07
max |ΔU| norm  : 8.901e-06
max |Δn|      : 1.336e-05
max |Δn| norm  : 3.706e-05
max |ΔILDOS|  : 1.169e+00
last Poisson  : 12.520 s
last Quantum  : 0.106 s
-1.9539352888049606e-07 7.455313280770428e-08
Iteration counts: [0, 0, 17]

--- Iteration 17 ---
Qprime size   : 248
max |ΔU|      : 6.614e-07
max |ΔU| norm  : 5.622e-06
max |Δn|      : 9.248e-06
max |Δn| norm  : 2.502e-05
max |ΔILDOS|  : 7.180e-01
last Poisson  : 12.541 s
last Quantum  : 0.107 s
-1.212130173060042e-07 4.523095929862996e-08
Iteration counts: [0, 0, 18]

--- Iteration 18 ---
Qprime size   : 248
max |ΔU|      : 4.621e-07
max |ΔU| norm  : 3.574e-06
max |Δn|      : 6.403e-06
max |Δn| norm  : 1.697e-05
max |ΔILDOS|  : 4.409e-01
last Poisson  : 12.549 s
last Quantum  : 0.105 s
-7.544248400592186e-08 2.736395865676586e-08
Iteration counts: [0, 0, 19]

--- Iteration 19 ---
Qprime size   : 248
max |ΔU|      : 3.222e-07
max |ΔU| norm  : 2.291e-06
max |Δn|      : 4.430e-06
max |Δn| norm  : 1.155e-05
max |ΔILDOS|  : 2.721e-01
last Poisson  : 12.529 s
last Quantum  : 0.101 s
-4.688119460309285e-08 1.6261518781675348e-08
Iteration counts: [0, 0, 20]

--- Iteration 20 ---
Qprime size   : 248
max |ΔU|      : 2.244e-07
max |ΔU| norm  : 1.464e-06
max |Δn|      : 3.066e-06
max |Δn| norm  : 7.881e-06
max |ΔILDOS|  : 1.642e-01
last Poisson  : 12.556 s
last Quantum  : 0.097 s
-2.917312606170517e-08 9.59255058549193e-09
Iteration counts: [0, 0, 21]

--- Iteration 21 ---
Qprime size   : 248
max |ΔU|      : 1.561e-07
max |ΔU| norm  : 9.449e-07
max |Δn|      : 2.121e-06
max |Δn| norm  : 5.389e-06
max |ΔILDOS|  : 9.997e-02
last Poisson  : 12.575 s
last Quantum  : 0.106 s
-1.8146000946450103e-08 5.5855299055488204e-09
Iteration counts: [0, 0, 22]

--- Iteration 22 ---
Qprime size   : 248
max |ΔU|      : 1.085e-07
max |ΔU| norm  : 6.143e-07
max |Δn|      : 1.466e-06
max |Δn| norm  : 3.695e-06
max |ΔILDOS|  : 6.131e-02
last Poisson  : 12.571 s
last Quantum  : 0.106 s
-1.1269384613938412e-08 3.191337481887248e-09
Iteration counts: [0, 0, 23]

--- Iteration 23 ---
Qprime size   : 248
max |ΔU|      : 7.532e-08
max |ΔU| norm  : 4.024e-07
max |Δn|      : 1.013e-06
max |Δn| norm  : 2.540e-06
max |ΔILDOS|  : 3.779e-02
last Poisson  : 12.534 s
last Quantum  : 0.105 s
-6.984656843600049e-09 1.7760535321703605e-09
Iteration counts: [0, 0, 24]

--- Iteration 24 ---
Qprime size   : 248
max |ΔU|      : 5.225e-08
max |ΔU| norm  : 2.657e-07
max |Δn|      : 7.001e-07
max |Δn| norm  : 1.749e-06
max |ΔILDOS|  : 2.338e-02
last Poisson  : 12.533 s
last Quantum  : 0.097 s
-4.317751986444249e-09 9.511744420547117e-10
Iteration counts: [0, 0, 25]

--- Iteration 25 ---
Qprime size   : 248
max |ΔU|      : 3.623e-08
max |ΔU| norm  : 1.768e-07
max |Δn|      : 4.836e-07
max |Δn| norm  : 1.208e-06
max |ΔILDOS|  : 1.496e-02
last Poisson  : 12.540 s
last Quantum  : 0.106 s
-2.6607674112255987e-09 4.79620986701409e-10
Iteration counts: [0, 0, 26]

--- Iteration 26 ---
Qprime size   : 248
max |ΔU|      : 2.511e-08
max |ΔU| norm  : 1.186e-07
max |Δn|      : 3.340e-07
max |Δn| norm  : 8.351e-07
max |ΔILDOS|  : 9.866e-03
last Poisson  : 12.587 s
last Quantum  : 0.101 s
-1.633493475881235e-09 2.1710842199751651e-10
Iteration counts: [0, 0, 27]

--- Iteration 27 ---
Qprime size   : 248
max |ΔU|      : 1.739e-08
max |ΔU| norm  : 8.014e-08
max |Δn|      : 2.306e-07
max |Δn| norm  : 5.785e-07
max |ΔILDOS|  : 6.513e-03
last Poisson  : 12.554 s
last Quantum  : 0.097 s
-9.983312894498368e-10 7.648174130030356e-11
Iteration counts: [0, 0, 28]

--- Iteration 28 ---
Qprime size   : 248
max |ΔU|      : 1.204e-08
max |ΔU| norm  : 5.452e-08
max |Δn|      : 1.592e-07
max |Δn| norm  : 4.013e-07
max |ΔILDOS|  : 4.305e-03
last Poisson  : 12.596 s
last Quantum  : 0.107 s
-6.068697920636012e-10 5.550005224797379e-12
Iteration counts: [0, 0, 29]

--- Iteration 29 ---
Qprime size   : 248
max |ΔU|      : 8.329e-09
max |ΔU| norm  : 3.732e-08
max |Δn|      : 1.098e-07
max |Δn| norm  : 2.788e-07
max |ΔILDOS|  : 3.006e-03
last Poisson  : 12.519 s
last Quantum  : 0.108 s
-3.66529412274375e-10 -2.657528444523376e-11
Iteration counts: [0, 0, 30]

--- Iteration 30 ---
Qprime size   : 248
max |ΔU|      : 5.761e-09
max |ΔU| norm  : 2.568e-08
max |Δn|      : 7.578e-08
max |Δn| norm  : 1.940e-07
max |ΔILDOS|  : 2.121e-03
last Poisson  : 12.544 s
last Quantum  : 0.106 s
-2.1964090165163738e-10 -3.7908960873617365e-11
FSC converged / stopped.
✔ Logged phi=0.1111, Vbg=2.3333

=== Running phi=0.1111, Vbg=2.5000 ===
🔄 Full Hamiltonian rebuild (qparams change)
The poisson problem has been initialized.
Iteration counts: [0, 0, 0]

--- Iteration 0 ---
Qprime size   : 209
max |ΔU|      : 6.883e-14
max |ΔU| norm  : 1.875e-12
max |Δn|      : 2.676e-13
max |Δn| norm  : 1.555e-12
0.00010046896538574162 -0.00018636804990118135
Iteration counts: [0, 0, 1]

--- Iteration 1 ---
Qprime size   : 209
max |ΔU|      : 6.848e-04
max |ΔU| norm  : 7.797e-03
max |Δn|      : 7.098e-03
max |Δn| norm  : 1.428e-02
max |ΔILDOS|  : 4.511e+02
last Poisson  : 13.496 s
last Quantum  : 0.092 s
-0.00017784320102265792 5.880540936034177e-06
Iteration counts: [0, 0, 2]

--- Iteration 2 ---
Qprime size   : 209
max |ΔU|      : 3.886e-04
max |ΔU| norm  : 5.001e-03
max |Δn|      : 3.951e-03
max |Δn| norm  : 2.085e-02
max |ΔILDOS|  : 4.511e+02
last Poisson  : 13.437 s
last Quantum  : 0.097 s
-0.0001053120860279928 5.278326680180883e-06
Iteration counts: [0, 0, 3]

--- Iteration 3 ---
Qprime size   : 209
max |ΔU|      : 2.158e-04
max |ΔU| norm  : 2.947e-03
max |Δn|      : 2.340e-03
max |Δn| norm  : 1.102e-02
max |ΔILDOS|  : 4.025e+02
last Poisson  : 13.466 s
last Quantum  : 0.094 s
-5.678240492034077e-05 1.3380506159940135e-06
Iteration counts: [0, 0, 4]

--- Iteration 4 ---
Qprime size   : 209
max |ΔU|      : 1.181e-04
max |ΔU| norm  : 1.611e-03
max |Δn|      : 1.286e-03
max |Δn| norm  : 5.601e-03
max |ΔILDOS|  : 2.932e+02
last Poisson  : 13.429 s
last Quantum  : 0.095 s
-3.245166636417785e-05 6.847920917962315e-07
Iteration counts: [0, 0, 5]

--- Iteration 5 ---
Qprime size   : 209
max |ΔU|      : 7.183e-05
max |ΔU| norm  : 9.461e-04
max |Δn|      : 8.069e-04
max |Δn| norm  : 3.304e-03
max |ΔILDOS|  : 1.915e+02
last Poisson  : 13.459 s
last Quantum  : 0.092 s
-2.081257278061952e-05 2.2550222651731058e-06
Iteration counts: [0, 0, 6]

--- Iteration 6 ---
Qprime size   : 209
max |ΔU|      : 4.584e-05
max |ΔU| norm  : 6.096e-04
max |Δn|      : 5.498e-04
max |Δn| norm  : 1.899e-03
max |ΔILDOS|  : 1.234e+02
last Poisson  : 13.464 s
last Quantum  : 0.093 s
-1.2717134408933187e-05 1.7846529562910819e-06
Iteration counts: [0, 0, 7]

--- Iteration 7 ---
Qprime size   : 209
max |ΔU|      : 2.885e-05
max |ΔU| norm  : 3.671e-04
max |Δn|      : 3.073e-04
max |Δn| norm  : 1.194e-03
max |ΔILDOS|  : 7.324e+01
last Poisson  : 13.421 s
last Quantum  : 0.087 s
-8.2688897334772e-06 1.5390248740902402e-06
Iteration counts: [0, 0, 8]

--- Iteration 8 ---
Qprime size   : 209
max |ΔU|      : 1.925e-05
max |ΔU| norm  : 2.300e-04
max |Δn|      : 1.742e-04
max |Δn| norm  : 7.483e-04
max |ΔILDOS|  : 4.709e+01
last Poisson  : 13.462 s
last Quantum  : 0.093 s
-5.037346606441421e-06 9.761816153098169e-07
Iteration counts: [0, 0, 9]

--- Iteration 9 ---
Qprime size   : 209
max |ΔU|      : 1.241e-05
max |ΔU| norm  : 1.398e-04
max |Δn|      : 1.226e-04
max |Δn| norm  : 4.980e-04
max |ΔILDOS|  : 2.950e+01
last Poisson  : 13.505 s
last Quantum  : 0.086 s
-3.518928386637977e-06 9.135003283712196e-07
Iteration counts: [0, 0, 10]

--- Iteration 10 ---
Qprime size   : 209
max |ΔU|      : 8.380e-06
max |ΔU| norm  : 9.272e-05
max |Δn|      : 8.528e-05
max |Δn| norm  : 3.244e-04
max |ΔILDOS|  : 1.947e+01
last Poisson  : 13.498 s
last Quantum  : 0.086 s
-2.1473309960813727e-06 5.593939980057204e-07
Iteration counts: [0, 0, 11]

--- Iteration 11 ---
Qprime size   : 209
max |ΔU|      : 5.440e-06
max |ΔU| norm  : 5.625e-05
max |Δn|      : 5.821e-05
max |Δn| norm  : 2.190e-04
max |ΔILDOS|  : 1.228e+01
last Poisson  : 13.440 s
last Quantum  : 0.090 s
-1.25615851705608e-06 2.914862882655393e-07
Iteration counts: [0, 0, 12]

--- Iteration 12 ---
Qprime size   : 209
max |ΔU|      : 3.474e-06
max |ΔU| norm  : 3.356e-05
max |Δn|      : 3.907e-05
max |Δn| norm  : 1.487e-04
max |ΔILDOS|  : 7.889e+00
last Poisson  : 13.461 s
last Quantum  : 0.086 s
-8.709851449921763e-07 2.3231372270540753e-07
Iteration counts: [0, 0, 13]

--- Iteration 13 ---
Qprime size   : 209
max |ΔU|      : 2.421e-06
max |ΔU| norm  : 2.285e-05
max |Δn|      : 2.642e-05
max |Δn| norm  : 9.901e-05
max |ΔILDOS|  : 5.714e+00
last Poisson  : 13.513 s
last Quantum  : 0.086 s
-5.724337928476143e-07 1.6180197632194028e-07
Iteration counts: [0, 0, 14]

--- Iteration 14 ---
Qprime size   : 209
max |ΔU|      : 1.622e-06
max |ΔU| norm  : 1.485e-05
max |Δn|      : 1.799e-05
max |Δn| norm  : 6.669e-05
max |ΔILDOS|  : 3.888e+00
last Poisson  : 13.512 s
last Quantum  : 0.093 s
-3.5090154048405776e-07 9.763544016642298e-08
Iteration counts: [0, 0, 15]

--- Iteration 15 ---
Qprime size   : 209
max |ΔU|      : 1.069e-06
max |ΔU| norm  : 9.455e-06
max |Δn|      : 1.224e-05
max |Δn| norm  : 4.509e-05
max |ΔILDOS|  : 2.584e+00
last Poisson  : 13.437 s
last Quantum  : 0.086 s
-2.2089740420875083e-07 6.059276555944978e-08
Iteration counts: [0, 0, 16]

--- Iteration 16 ---
Qprime size   : 209
max |ΔU|      : 7.259e-07
max |ΔU| norm  : 6.189e-06
max |Δn|      : 8.237e-06
max |Δn| norm  : 3.067e-05
max |ΔILDOS|  : 1.794e+00
last Poisson  : 13.464 s
last Quantum  : 0.097 s
-1.4471415548181456e-07 4.084069726493362e-08
Iteration counts: [0, 0, 17]

--- Iteration 17 ---
Qprime size   : 209
max |ΔU|      : 4.952e-07
max |ΔU| norm  : 4.231e-06
max |Δn|      : 5.541e-06
max |Δn| norm  : 2.089e-05
max |ΔILDOS|  : 1.236e+00
last Poisson  : 13.504 s
last Quantum  : 0.094 s
-9.085283929876096e-08 2.4434113687626768e-08
Iteration counts: [0, 0, 18]

--- Iteration 18 ---
Qprime size   : 209
max |ΔU|      : 3.387e-07
max |ΔU| norm  : 2.802e-06
max |Δn|      : 3.733e-06
max |Δn| norm  : 1.428e-05
max |ΔILDOS|  : 8.439e-01
last Poisson  : 13.474 s
last Quantum  : 0.093 s
-5.7074190572536866e-08 1.4167608973849409e-08
Iteration counts: [0, 0, 19]

--- Iteration 19 ---
Qprime size   : 209
max |ΔU|      : 2.305e-07
max |ΔU| norm  : 1.885e-06
max |Δn|      : 2.645e-06
max |Δn| norm  : 9.791e-06
max |ΔILDOS|  : 5.695e-01
last Poisson  : 13.510 s
last Quantum  : 0.095 s
-3.549956646616021e-08 7.939812902214909e-09
Iteration counts: [0, 0, 20]

--- Iteration 20 ---
Qprime size   : 209
max |ΔU|      : 1.573e-07
max |ΔU| norm  : 1.252e-06
max |Δn|      : 1.877e-06
max |Δn| norm  : 6.726e-06
max |ΔILDOS|  : 3.865e-01
last Poisson  : 13.455 s
last Quantum  : 0.093 s
-2.237761842471891e-08 4.392565764344902e-09
Iteration counts: [0, 0, 21]

--- Iteration 21 ---
Qprime size   : 209
max |ΔU|      : 1.073e-07
max |ΔU| norm  : 8.517e-07
max |Δn|      : 1.325e-06
max |Δn| norm  : 4.620e-06
max |ΔILDOS|  : 2.619e-01
last Poisson  : 13.452 s
last Quantum  : 0.095 s
-1.3828721868976892e-08 2.2292384748989156e-09
Iteration counts: [0, 0, 22]

--- Iteration 22 ---
Qprime size   : 209
max |ΔU|      : 7.321e-08
max |ΔU| norm  : 5.706e-07
max |Δn|      : 9.327e-07
max |Δn| norm  : 3.184e-06
max |ΔILDOS|  : 1.777e-01
last Poisson  : 13.463 s
last Quantum  : 0.097 s
-8.766665640765711e-09 1.1272008685319816e-09
Iteration counts: [0, 0, 23]

--- Iteration 23 ---
Qprime size   : 209
max |ΔU|      : 4.996e-08
max |ΔU| norm  : 3.906e-07
max |Δn|      : 6.551e-07
max |Δn| norm  : 2.191e-06
max |ΔILDOS|  : 1.205e-01
last Poisson  : 13.473 s
last Quantum  : 0.086 s
-5.426412856497857e-09 4.669386840754389e-10
Iteration counts: [0, 0, 24]

--- Iteration 24 ---
Qprime size   : 209
max |ΔU|      : 3.410e-08
max |ΔU| norm  : 2.634e-07
max |Δn|      : 4.592e-07
max |Δn| norm  : 1.515e-06
max |ΔILDOS|  : 8.187e-02
last Poisson  : 13.439 s
last Quantum  : 0.093 s
-3.462559085949428e-09 1.7006808405474151e-10
Iteration counts: [0, 0, 25]

--- Iteration 25 ---
Qprime size   : 209
max |ΔU|      : 2.329e-08
max |ΔU| norm  : 1.811e-07
max |Δn|      : 3.214e-07
max |Δn| norm  : 1.046e-06
max |ΔILDOS|  : 5.562e-02
last Poisson  : 13.498 s
last Quantum  : 0.095 s
-2.142929829782109e-09 -5.711573033607322e-12
Iteration counts: [0, 0, 26]

--- Iteration 26 ---
Qprime size   : 209
max |ΔU|      : 1.591e-08
max |ΔU| norm  : 1.229e-07
max |Δn|      : 2.246e-07
max |Δn| norm  : 7.251e-07
max |ΔILDOS|  : 3.783e-02
last Poisson  : 13.485 s
last Quantum  : 0.095 s
-1.3737926980877062e-09 -6.157651373934215e-11
Iteration counts: [0, 0, 27]

--- Iteration 27 ---
Qprime size   : 209
max |ΔU|      : 1.088e-08
max |ΔU| norm  : 8.485e-08
max |Δn|      : 1.568e-07
max |Δn| norm  : 5.016e-07
max |ΔILDOS|  : 2.574e-02
last Poisson  : 13.566 s
last Quantum  : 0.096 s
-8.488996766013678e-10 -9.182316377433475e-11
Iteration counts: [0, 0, 28]

--- Iteration 28 ---
Qprime size   : 209
max |ΔU|      : 7.438e-09
max |ΔU| norm  : 5.795e-08
max |Δn|      : 1.093e-07
max |Δn| norm  : 3.487e-07
max |ΔILDOS|  : 1.753e-02
last Poisson  : 13.460 s
last Quantum  : 0.095 s
-5.46506602599894e-10 -8.528813996607342e-11
Iteration counts: [0, 0, 29]

--- Iteration 29 ---
Qprime size   : 209
max |ΔU|      : 5.090e-09
max |ΔU| norm  : 4.012e-08
max |Δn|      : 7.611e-08
max |Δn| norm  : 2.417e-07
max |ΔILDOS|  : 1.195e-02
last Poisson  : 13.485 s
last Quantum  : 0.096 s
-3.365084697533825e-10 -7.912878383552282e-11
Iteration counts: [0, 0, 30]

--- Iteration 30 ---
Qprime size   : 209
max |ΔU|      : 3.539e-09
max |ΔU| norm  : 2.757e-08
max |Δn|      : 5.295e-08
max |Δn| norm  : 1.684e-07
max |ΔILDOS|  : 8.152e-03
last Poisson  : 13.478 s
last Quantum  : 0.093 s
-2.1716183830130973e-10 -6.324488033030673e-11
FSC converged / stopped.
✔ Logged phi=0.1111, Vbg=2.5000

=== Running phi=0.1156, Vbg=1.0000 ===
🔄 Full Hamiltonian rebuild (qparams change)
The poisson problem has been initialized.
Iteration counts: [0, 0, 0]

--- Iteration 0 ---
Qprime size   : 209
-0.0020585932812498403 0.0014770618128954179
Iteration counts: [0, 1, 0]

--- Iteration 1 ---
Qprime size   : 209
max |ΔU|      : 1.844e-03
max |ΔU| norm  : 5.479e-02
max |Δn|      : 4.895e-03
max |Δn| norm  : 3.033e-02
last Poisson  : 13.515 s
-0.0016448194767079395 0.0011814827840972212
Iteration counts: [0, 2, 0]

--- Iteration 2 ---
Qprime size   : 209
max |ΔU|      : 1.473e-03
max |ΔU| norm  : 4.383e-02
max |Δn|      : 3.888e-03
max |Δn| norm  : 2.398e-02
last Poisson  : 13.537 s
-0.0013152866119169955 0.00094558725343975
Iteration counts: [0, 2, 1]

--- Iteration 3 ---
Qprime size   : 209
max |ΔU|      : 1.177e-03
max |ΔU| norm  : 3.509e-02
max |Δn|      : 3.086e-03
max |Δn| norm  : 1.896e-02
max |ΔILDOS|  : 5.595e+02
last Poisson  : 13.496 s
last Quantum  : 0.088 s
-0.00014935895917400757 4.8726417677134904e-05
Iteration counts: [0, 2, 2]

--- Iteration 4 ---
Qprime size   : 209
max |ΔU|      : 3.255e-04
max |ΔU| norm  : 3.886e-03
max |Δn|      : 4.241e-03
max |Δn| norm  : 1.401e-02
max |ΔILDOS|  : 4.264e+02
last Poisson  : 13.507 s
last Quantum  : 0.086 s
-6.843494301165317e-05 1.8610352561066082e-05
Iteration counts: [0, 2, 3]

--- Iteration 5 ---
Qprime size   : 209
max |ΔU|      : 1.576e-04
max |ΔU| norm  : 2.018e-03
max |Δn|      : 2.179e-03
max |Δn| norm  : 6.589e-03
max |ΔILDOS|  : 3.420e+02
last Poisson  : 13.476 s
last Quantum  : 0.080 s
-3.739197842467287e-05 9.635550575570148e-06
Iteration counts: [0, 2, 4]

--- Iteration 6 ---
Qprime size   : 209
max |ΔU|      : 9.246e-05
max |ΔU| norm  : 1.101e-03
max |Δn|      : 1.732e-03
max |Δn| norm  : 4.713e-03
max |ΔILDOS|  : 2.652e+02
last Poisson  : 13.500 s
last Quantum  : 0.085 s
-2.5072002164084887e-05 6.552311393999398e-06
Iteration counts: [0, 2, 5]

--- Iteration 7 ---
Qprime size   : 209
max |ΔU|      : 7.076e-05
max |ΔU| norm  : 7.346e-04
max |Δn|      : 1.218e-03
max |Δn| norm  : 3.152e-03
max |ΔILDOS|  : 1.729e+02
last Poisson  : 13.478 s
last Quantum  : 0.087 s
-1.4499022378566188e-05 3.657614368613215e-06
Iteration counts: [0, 2, 6]

--- Iteration 8 ---
Qprime size   : 209
max |ΔU|      : 5.214e-05
max |ΔU| norm  : 4.141e-04
max |Δn|      : 8.165e-04
max |Δn| norm  : 2.431e-03
max |ΔILDOS|  : 1.120e+02
last Poisson  : 13.520 s
last Quantum  : 0.088 s
-1.0643988235117138e-05 2.5593081452099185e-06
Iteration counts: [0, 2, 7]

--- Iteration 9 ---
Qprime size   : 209
max |ΔU|      : 4.105e-05
max |ΔU| norm  : 3.299e-04
max |Δn|      : 7.392e-04
max |Δn| norm  : 2.010e-03
max |ΔILDOS|  : 6.594e+01
last Poisson  : 13.469 s
last Quantum  : 0.087 s
-4.285681200615333e-06 5.998375185183578e-07
Iteration counts: [0, 2, 8]

--- Iteration 10 ---
Qprime size   : 209
max |ΔU|      : 2.840e-05
max |ΔU| norm  : 1.649e-04
max |Δn|      : 1.118e-03
max |Δn| norm  : 2.278e-03
max |ΔILDOS|  : 4.752e+01
last Poisson  : 13.504 s
last Quantum  : 0.088 s
-1.7155807154345152e-06 -4.955788622631536e-07
Iteration counts: [0, 2, 9]

--- Iteration 11 ---
Qprime size   : 209
max |ΔU|      : 4.987e-05
max |ΔU| norm  : 1.659e-04
max |Δn|      : 1.132e-03
max |Δn| norm  : 2.619e-03
max |ΔILDOS|  : 3.472e+01
last Poisson  : 13.487 s
last Quantum  : 0.088 s
-2.960545019931058e-06 5.55089747770084e-07
Iteration counts: [0, 2, 10]

--- Iteration 12 ---
Qprime size   : 209
max |ΔU|      : 4.002e-05
max |ΔU| norm  : 1.403e-04
max |Δn|      : 8.158e-04
max |Δn| norm  : 2.029e-03
max |ΔILDOS|  : 3.841e+01
last Poisson  : 13.547 s
last Quantum  : 0.088 s
-3.413071745248282e-07 -6.08155727193118e-07
Iteration counts: [0, 2, 11]

--- Iteration 13 ---
Qprime size   : 209
max |ΔU|      : 5.292e-05
max |ΔU| norm  : 1.536e-04
max |Δn|      : 1.238e-03
max |Δn| norm  : 2.127e-03
max |ΔILDOS|  : 3.409e+01
last Poisson  : 13.506 s
last Quantum  : 0.087 s
4.471155580549163e-07 -5.70228667223584e-07
Iteration counts: [0, 2, 12]

--- Iteration 14 ---
Qprime size   : 209
max |ΔU|      : 3.836e-05
max |ΔU| norm  : 1.334e-04
max |Δn|      : 7.914e-04
max |Δn| norm  : 2.039e-03
max |ΔILDOS|  : 3.459e+01
last Poisson  : 13.487 s
last Quantum  : 0.088 s
-1.7888726197386356e-06 3.1197038225429275e-07
Iteration counts: [0, 2, 13]

--- Iteration 15 ---
Qprime size   : 209
max |ΔU|      : 2.676e-05
max |ΔU| norm  : 1.092e-04
max |Δn|      : 9.831e-04
max |Δn| norm  : 2.000e-03
max |ΔILDOS|  : 2.494e+01
last Poisson  : 13.493 s
last Quantum  : 0.088 s
8.795876224434993e-07 -5.061107566559635e-07
Iteration counts: [0, 2, 14]

--- Iteration 16 ---
Qprime size   : 209
max |ΔU|      : 2.700e-05
max |ΔU| norm  : 9.330e-05
max |Δn|      : 9.888e-04
max |Δn| norm  : 2.022e-03
max |ΔILDOS|  : 1.630e+01
last Poisson  : 13.542 s
last Quantum  : 0.088 s
-1.0182120393788639e-06 1.5905382592885452e-07
Iteration counts: [0, 2, 15]

--- Iteration 17 ---
Qprime size   : 209
max |ΔU|      : 2.633e-05
max |ΔU| norm  : 9.252e-05
max |Δn|      : 9.336e-04
max |Δn| norm  : 1.949e-03
max |ΔILDOS|  : 1.572e+01
last Poisson  : 13.536 s
last Quantum  : 0.088 s
5.94217915651736e-07 -2.7609213553769873e-07
Iteration counts: [0, 2, 16]

--- Iteration 18 ---
Qprime size   : 209
max |ΔU|      : 2.863e-05
max |ΔU| norm  : 9.592e-05
max |Δn|      : 8.400e-04
max |Δn| norm  : 1.783e-03
max |ΔILDOS|  : 1.697e+01
last Poisson  : 13.504 s
last Quantum  : 0.088 s
-5.761819414448024e-07 3.9755637981131487e-08
Iteration counts: [0, 2, 17]

--- Iteration 19 ---
Qprime size   : 209
max |ΔU|      : 3.054e-05
max |ΔU| norm  : 9.843e-05
max |Δn|      : 8.725e-04
max |Δn| norm  : 1.830e-03
max |ΔILDOS|  : 1.732e+01
last Poisson  : 13.499 s
last Quantum  : 0.088 s
5.371765311691308e-07 -1.9218848656642376e-07
Iteration counts: [0, 2, 18]

--- Iteration 20 ---
Qprime size   : 209
max |ΔU|      : 3.245e-05
max |ΔU| norm  : 1.058e-04
max |Δn|      : 7.976e-04
max |Δn| norm  : 1.847e-03
max |ΔILDOS|  : 1.796e+01
last Poisson  : 13.511 s
last Quantum  : 0.088 s
7.893670601823719e-07 -5.374167473957126e-07
Iteration counts: [0, 2, 19]

--- Iteration 21 ---
Qprime size   : 209
max |ΔU|      : 5.540e-05
max |ΔU| norm  : 1.361e-04
max |Δn|      : 1.286e-03
max |Δn| norm  : 2.253e-03
max |ΔILDOS|  : 3.640e+01
last Poisson  : 13.510 s
last Quantum  : 0.088 s
1.1302861951111848e-07 1.212018823521673e-08
Iteration counts: [0, 2, 20]

--- Iteration 22 ---
Qprime size   : 209
max |ΔU|      : 3.664e-05
max |ΔU| norm  : 1.137e-04
max |Δn|      : 7.968e-04
max |Δn| norm  : 1.996e-03
max |ΔILDOS|  : 2.364e+01
last Poisson  : 13.496 s
last Quantum  : 0.086 s
-8.501839574133064e-07 2.50900946788833e-07
Iteration counts: [0, 2, 21]

--- Iteration 23 ---
Qprime size   : 209
max |ΔU|      : 2.645e-05
max |ΔU| norm  : 9.572e-05
max |Δn|      : 1.083e-03
max |Δn| norm  : 2.365e-03
max |ΔILDOS|  : 2.955e+01
last Poisson  : 13.539 s
last Quantum  : 0.088 s
1.2603903594811798e-06 -5.011074389673236e-07
Iteration counts: [0, 2, 22]

--- Iteration 24 ---
Qprime size   : 209
max |ΔU|      : 2.634e-05
max |ΔU| norm  : 1.002e-04
max |Δn|      : 9.876e-04
max |Δn| norm  : 2.218e-03
max |ΔILDOS|  : 1.872e+01
last Poisson  : 13.486 s
last Quantum  : 0.088 s
-1.8599158477105374e-06 7.171950209516248e-07
Iteration counts: [0, 2, 23]

--- Iteration 25 ---
Qprime size   : 209
max |ΔU|      : 2.648e-05
max |ΔU| norm  : 1.116e-04
max |Δn|      : 9.438e-04
max |Δn| norm  : 1.982e-03
max |ΔILDOS|  : 1.677e+01
last Poisson  : 13.487 s
last Quantum  : 0.088 s
1.8330348513631615e-06 -6.914770117732178e-07
Iteration counts: [0, 2, 24]

--- Iteration 26 ---
Qprime size   : 209
max |ΔU|      : 3.930e-05
max |ΔU| norm  : 1.327e-04
max |Δn|      : 8.418e-04
max |Δn| norm  : 1.950e-03
max |ΔILDOS|  : 2.434e+01
last Poisson  : 13.502 s
last Quantum  : 0.089 s
-1.1878421190496477e-06 3.722831494775325e-07
Iteration counts: [0, 2, 25]

--- Iteration 27 ---
Qprime size   : 209
max |ΔU|      : 3.337e-05
max |ΔU| norm  : 1.187e-04
max |Δn|      : 8.730e-04
max |Δn| norm  : 1.845e-03
max |ΔILDOS|  : 2.235e+01
last Poisson  : 13.494 s
last Quantum  : 0.088 s
2.4790123437779286e-07 2.9726959927361233e-08
Iteration counts: [0, 2, 26]

--- Iteration 28 ---
Qprime size   : 209
max |ΔU|      : 3.274e-05
max |ΔU| norm  : 1.007e-04
max |Δn|      : 8.075e-04
max |Δn| norm  : 1.657e-03
max |ΔILDOS|  : 1.931e+01
last Poisson  : 13.484 s
last Quantum  : 0.088 s
6.403985712845772e-07 -4.1816342418435075e-07
Iteration counts: [0, 2, 27]

--- Iteration 29 ---
Qprime size   : 209
max |ΔU|      : 5.568e-05
max |ΔU| norm  : 1.385e-04
max |Δn|      : 1.291e-03
max |Δn| norm  : 2.115e-03
max |ΔILDOS|  : 3.922e+01
last Poisson  : 13.480 s
last Quantum  : 0.089 s
9.27277227185148e-07 -3.1217715266915664e-07
Iteration counts: [0, 2, 28]

--- Iteration 30 ---
Qprime size   : 209
max |ΔU|      : 4.448e-05
max |ΔU| norm  : 1.423e-04
max |Δn|      : 8.576e-04
max |Δn| norm  : 2.140e-03
max |ΔILDOS|  : 3.576e+01
last Poisson  : 13.524 s
last Quantum  : 0.088 s
-1.3630703241853984e-06 4.785766070793645e-07
FSC converged / stopped.
✔ Logged phi=0.1156, Vbg=1.0000

=== Running phi=0.1156, Vbg=1.1667 ===
🔄 Full Hamiltonian rebuild (qparams change)
The poisson problem has been initialized.
Iteration counts: [0, 0, 0]

--- Iteration 0 ---
Qprime size   : 209
-0.0006799300971818222 0.00040199627782132845
Iteration counts: [0, 1, 0]

--- Iteration 1 ---
Qprime size   : 209
max |ΔU|      : 8.004e-04
max |ΔU| norm  : 1.684e-02
max |Δn|      : 3.723e-03
max |Δn| norm  : 2.007e-02
last Poisson  : 13.558 s
-0.0005436213433263697 0.0003223004285938149
Iteration counts: [0, 1, 1]

--- Iteration 2 ---
Qprime size   : 209
max |ΔU|      : 6.396e-04
max |ΔU| norm  : 1.349e-02
max |Δn|      : 2.791e-03
max |Δn| norm  : 1.570e-02
max |ΔILDOS|  : 5.402e+02
last Poisson  : 13.546 s
last Quantum  : 0.094 s
-0.001289171930846131 0.0008715971933053125
Iteration counts: [0, 1, 2]

--- Iteration 3 ---
Qprime size   : 209
max |ΔU|      : 1.274e-03
max |ΔU| norm  : 3.263e-02
max |Δn|      : 5.195e-03
max |Δn| norm  : 2.394e-02
max |ΔILDOS|  : 5.361e+02
last Poisson  : 13.558 s
last Quantum  : 0.085 s
-0.0007598387754653782 0.0005157230802391974
Iteration counts: [0, 1, 3]

--- Iteration 4 ---
Qprime size   : 209
max |ΔU|      : 7.617e-04
max |ΔU| norm  : 1.961e-02
max |Δn|      : 1.907e-03
max |Δn| norm  : 1.271e-02
max |ΔILDOS|  : 5.508e+02
last Poisson  : 13.477 s
last Quantum  : 0.085 s
-0.00044180689971906465 0.00030290352538668753
Iteration counts: [0, 1, 4]

--- Iteration 5 ---
Qprime size   : 209
max |ΔU|      : 4.233e-04
max |ΔU| norm  : 1.160e-02
max |Δn|      : 1.668e-03
max |Δn| norm  : 7.913e-03
max |ΔILDOS|  : 5.431e+02
last Poisson  : 13.523 s
last Quantum  : 0.086 s
-0.0002721972586904852 0.00018554670514440134
Iteration counts: [0, 1, 5]

--- Iteration 6 ---
Qprime size   : 209
max |ΔU|      : 3.066e-04
max |ΔU| norm  : 7.176e-03
max |Δn|      : 1.597e-03
max |Δn| norm  : 5.127e-03
max |ΔILDOS|  : 5.305e+02
last Poisson  : 13.507 s
last Quantum  : 0.087 s
-0.0001600839648729259 0.00010942682020870445
Iteration counts: [0, 1, 6]

--- Iteration 7 ---
Qprime size   : 209
max |ΔU|      : 1.537e-04
max |ΔU| norm  : 4.304e-03
max |Δn|      : 1.599e-03
max |Δn| norm  : 3.740e-03
max |ΔILDOS|  : 4.235e+02
last Poisson  : 13.496 s
last Quantum  : 0.090 s
-0.00010326152500906981 6.944548562372108e-05
Iteration counts: [0, 1, 7]

--- Iteration 8 ---
Qprime size   : 209
max |ΔU|      : 1.488e-04
max |ΔU| norm  : 2.742e-03
max |Δn|      : 1.472e-03
max |Δn| norm  : 2.893e-03
max |ΔILDOS|  : 3.529e+02
last Poisson  : 13.525 s
last Quantum  : 0.087 s
-5.790976901799322e-05 3.97428403103144e-05
Iteration counts: [0, 1, 8]

--- Iteration 9 ---
Qprime size   : 209
max |ΔU|      : 5.665e-05
max |ΔU| norm  : 1.591e-03
max |Δn|      : 1.523e-03
max |Δn| norm  : 2.558e-03
max |ΔILDOS|  : 1.684e+02
last Poisson  : 13.535 s
last Quantum  : 0.089 s
-4.216396619753288e-05 2.8183845420931376e-05
Iteration counts: [0, 1, 9]

--- Iteration 10 ---
Qprime size   : 209
max |ΔU|      : 8.585e-05
max |ΔU| norm  : 1.110e-03
max |Δn|      : 1.464e-03
max |Δn| norm  : 2.342e-03
max |ΔILDOS|  : 1.730e+02
last Poisson  : 13.460 s
last Quantum  : 0.084 s
-1.981289740890341e-05 1.368973335342646e-05
Iteration counts: [0, 1, 10]

--- Iteration 11 ---
Qprime size   : 209
max |ΔU|      : 2.756e-05
max |ΔU| norm  : 5.605e-04
max |Δn|      : 1.483e-03
max |Δn| norm  : 2.253e-03
max |ΔILDOS|  : 4.471e+01
last Poisson  : 13.490 s
last Quantum  : 0.086 s
-1.787810854546856e-05 1.1427405298057901e-05
Iteration counts: [0, 1, 11]

--- Iteration 12 ---
Qprime size   : 209
max |ΔU|      : 6.426e-05
max |ΔU| norm  : 4.595e-04
max |Δn|      : 1.486e-03
max |Δn| norm  : 2.193e-03
max |ΔILDOS|  : 1.067e+02
last Poisson  : 13.467 s
last Quantum  : 0.080 s
-6.130561934358156e-06 4.541398661255607e-06
Iteration counts: [0, 1, 12]

--- Iteration 13 ---
Qprime size   : 209
max |ΔU|      : 4.435e-05
max |ΔU| norm  : 2.271e-04
max |Δn|      : 1.498e-03
max |Δn| norm  : 2.169e-03
max |ΔILDOS|  : 6.252e+01
last Poisson  : 13.505 s
last Quantum  : 0.089 s
-9.301514787965095e-06 5.757666559913034e-06
Iteration counts: [0, 1, 13]

--- Iteration 14 ---
Qprime size   : 209
max |ΔU|      : 5.688e-05
max |ΔU| norm  : 2.421e-04
max |Δn|      : 1.484e-03
max |Δn| norm  : 2.154e-03
max |ΔILDOS|  : 9.108e+01
last Poisson  : 13.470 s
last Quantum  : 0.088 s
-2.8839658645047475e-07 5.688318042247164e-07
Iteration counts: [0, 1, 14]

--- Iteration 15 ---
Qprime size   : 209
max |ΔU|      : 4.774e-05
max |ΔU| norm  : 1.144e-04
max |Δn|      : 1.501e-03
max |Δn| norm  : 2.164e-03
max |ΔILDOS|  : 7.061e+01
last Poisson  : 13.491 s
last Quantum  : 0.090 s
-5.562578831056813e-06 3.2542897024749187e-06
Iteration counts: [0, 1, 15]

--- Iteration 16 ---
Qprime size   : 209
max |ΔU|      : 5.406e-05
max |ΔU| norm  : 1.626e-04
max |Δn|      : 1.490e-03
max |Δn| norm  : 2.160e-03
max |ΔILDOS|  : 8.345e+01
last Poisson  : 13.492 s
last Quantum  : 0.088 s
2.017236919457591e-06 -1.0362809548343225e-06
Iteration counts: [0, 1, 16]

--- Iteration 17 ---
Qprime size   : 209
max |ΔU|      : 4.998e-05
max |ΔU| norm  : 1.150e-04
max |Δn|      : 1.497e-03
max |Δn| norm  : 2.164e-03
max |ΔILDOS|  : 7.429e+01
last Poisson  : 13.539 s
last Quantum  : 0.091 s
-4.280226180182999e-06 2.422035881529423e-06
Iteration counts: [0, 1, 17]

--- Iteration 18 ---
Qprime size   : 209
max |ΔU|      : 5.257e-05
max |ΔU| norm  : 1.412e-04
max |Δn|      : 1.494e-03
max |Δn| norm  : 2.163e-03
max |ΔILDOS|  : 7.962e+01
last Poisson  : 13.465 s
last Quantum  : 0.087 s
2.912169226885801e-06 -1.6197823212521395e-06
Iteration counts: [0, 1, 18]

--- Iteration 19 ---
Qprime size   : 209
max |ΔU|      : 5.092e-05
max |ΔU| norm  : 1.237e-04
max |Δn|      : 1.495e-03
max |Δn| norm  : 2.161e-03
max |ΔILDOS|  : 7.592e+01
last Poisson  : 13.495 s
last Quantum  : 0.089 s
-3.770564044500576e-06 2.1052032260313197e-06
Iteration counts: [0, 1, 19]

--- Iteration 20 ---
Qprime size   : 209
max |ΔU|      : 5.202e-05
max |ΔU| norm  : 1.340e-04
max |Δn|      : 1.494e-03
max |Δn| norm  : 2.160e-03
max |ΔILDOS|  : 7.818e+01
last Poisson  : 13.477 s
last Quantum  : 0.087 s
3.2301760714107556e-06 -1.813360656325107e-06
Iteration counts: [0, 1, 20]

--- Iteration 21 ---
Qprime size   : 209
max |ΔU|      : 5.131e-05
max |ΔU| norm  : 1.274e-04
max |Δn|      : 1.494e-03
max |Δn| norm  : 2.159e-03
max |ΔILDOS|  : 7.660e+01
last Poisson  : 13.499 s
last Quantum  : 0.090 s
-3.5695809513216596e-06 1.9890272605403436e-06
Iteration counts: [0, 1, 21]

--- Iteration 22 ---
Qprime size   : 209
max |ΔU|      : 5.178e-05
max |ΔU| norm  : 1.314e-04
max |Δn|      : 1.494e-03
max |Δn| norm  : 2.159e-03
max |ΔILDOS|  : 7.759e+01
last Poisson  : 13.501 s
last Quantum  : 0.087 s
3.3485455543924135e-06 -1.8798876111304463e-06
Iteration counts: [0, 1, 22]

--- Iteration 23 ---
Qprime size   : 209
max |ΔU|      : 5.148e-05
max |ΔU| norm  : 1.288e-04
max |Δn|      : 1.494e-03
max |Δn| norm  : 2.158e-03
max |ΔILDOS|  : 7.690e+01
last Poisson  : 13.498 s
last Quantum  : 0.092 s
-3.490315686565776e-06 1.946867850215084e-06
Iteration counts: [0, 1, 23]

--- Iteration 24 ---
Qprime size   : 209
max |ΔU|      : 5.168e-05
max |ΔU| norm  : 1.304e-04
max |Δn|      : 1.494e-03
max |Δn| norm  : 2.158e-03
max |ΔILDOS|  : 7.735e+01
last Poisson  : 13.473 s
last Quantum  : 0.086 s
3.3953879487539635e-06 -1.903880540139e-06
Iteration counts: [0, 1, 24]

--- Iteration 25 ---
Qprime size   : 209
max |ΔU|      : 5.155e-05
max |ΔU| norm  : 1.294e-04
max |Δn|      : 1.494e-03
max |Δn| norm  : 2.158e-03
max |ΔILDOS|  : 7.704e+01
last Poisson  : 13.451 s
last Quantum  : 0.089 s
-3.457113747744677e-06 1.9306067661502327e-06
Iteration counts: [0, 1, 25]

--- Iteration 26 ---
Qprime size   : 209
max |ΔU|      : 5.164e-05
max |ΔU| norm  : 1.300e-04
max |Δn|      : 1.494e-03
max |Δn| norm  : 2.158e-03
max |ΔILDOS|  : 7.724e+01
last Poisson  : 13.477 s
last Quantum  : 0.089 s
3.4148706186658946e-06 -1.9129859768287456e-06
Iteration counts: [0, 1, 26]

--- Iteration 27 ---
Qprime size   : 209
max |ΔU|      : 5.158e-05
max |ΔU| norm  : 1.296e-04
max |Δn|      : 1.494e-03
max |Δn| norm  : 2.158e-03
max |ΔILDOS|  : 7.710e+01
last Poisson  : 13.481 s
last Quantum  : 0.091 s
-3.4428064053046245e-06 1.924157088764359e-06
Iteration counts: [0, 1, 27]

--- Iteration 28 ---
Qprime size   : 209
max |ΔU|      : 5.162e-05
max |ΔU| norm  : 1.299e-04
max |Δn|      : 1.494e-03
max |Δn| norm  : 2.158e-03
max |ΔILDOS|  : 7.720e+01
last Poisson  : 13.478 s
last Quantum  : 0.088 s
3.423383164414028e-06 -1.916613470703018e-06
Iteration counts: [0, 1, 28]

--- Iteration 29 ---
Qprime size   : 209
max |ΔU|      : 5.160e-05
max |ΔU| norm  : 1.297e-04
max |Δn|      : 1.494e-03
max |Δn| norm  : 2.158e-03
max |ΔILDOS|  : 7.713e+01
last Poisson  : 13.469 s
last Quantum  : 0.090 s
-3.436424373444564e-06 1.921488543606271e-06
Iteration counts: [0, 1, 29]

--- Iteration 30 ---
Qprime size   : 209
max |ΔU|      : 5.161e-05
max |ΔU| norm  : 1.298e-04
max |Δn|      : 1.494e-03
max |Δn| norm  : 2.158e-03
max |ΔILDOS|  : 7.718e+01
last Poisson  : 13.539 s
last Quantum  : 0.088 s
3.427260507239903e-06 -1.9181350511907964e-06
FSC converged / stopped.
✔ Logged phi=0.1156, Vbg=1.1667

=== Running phi=0.1156, Vbg=1.3333 ===
🔄 Full Hamiltonian rebuild (qparams change)
The poisson problem has been initialized.
Iteration counts: [0, 0, 0]

--- Iteration 0 ---
Qprime size   : 209
-0.0005406348669960439 0.0002910405099192186
Iteration counts: [0, 1, 0]

--- Iteration 1 ---
Qprime size   : 209
max |ΔU|      : 6.513e-04
max |ΔU| norm  : 1.318e-02
max |Δn|      : 3.228e-03
max |Δn| norm  : 1.769e-02
last Poisson  : 13.517 s
-0.00043172374394214835 0.00023317622561596472
Iteration counts: [0, 1, 1]

--- Iteration 2 ---
Qprime size   : 209
max |ΔU|      : 5.170e-04
max |ΔU| norm  : 1.055e-02
max |Δn|      : 2.471e-03
max |Δn| norm  : 1.388e-02
max |ΔILDOS|  : 5.459e+02
last Poisson  : 13.500 s
last Quantum  : 0.101 s
-0.0010270821594794035 0.0006516035827146471
Iteration counts: [0, 1, 2]

--- Iteration 3 ---
Qprime size   : 209
max |ΔU|      : 1.158e-03
max |ΔU| norm  : 2.557e-02
max |Δn|      : 4.680e-03
max |Δn| norm  : 2.315e-02
max |ΔILDOS|  : 5.052e+02
last Poisson  : 13.437 s
last Quantum  : 0.091 s
-0.0006152733749667652 0.0003937646524644976
Iteration counts: [0, 1, 3]

--- Iteration 4 ---
Qprime size   : 209
max |ΔU|      : 6.430e-04
max |ΔU| norm  : 1.549e-02
max |Δn|      : 2.112e-03
max |Δn| norm  : 1.276e-02
max |ΔILDOS|  : 5.442e+02
last Poisson  : 13.420 s
last Quantum  : 0.090 s
-0.0003755371916341446 0.0002414805950937255
Iteration counts: [0, 1, 4]

--- Iteration 5 ---
Qprime size   : 209
max |ΔU|      : 3.855e-04
max |ΔU| norm  : 9.491e-03
max |Δn|      : 1.123e-03
max |Δn| norm  : 7.176e-03
max |ΔILDOS|  : 5.719e+02
last Poisson  : 13.446 s
last Quantum  : 0.089 s
-0.00022698944113168262 0.0001468140748392229
Iteration counts: [0, 1, 5]

--- Iteration 6 ---
Qprime size   : 209
max |ΔU|      : 2.212e-04
max |ΔU| norm  : 5.790e-03
max |Δn|      : 7.219e-04
max |Δn| norm  : 4.652e-03
max |ΔILDOS|  : 5.375e+02
last Poisson  : 13.419 s
last Quantum  : 0.089 s
-0.00014050130421378387 9.159975607539095e-05
Iteration counts: [0, 1, 6]

--- Iteration 7 ---
Qprime size   : 209
max |ΔU|      : 1.413e-04
max |ΔU| norm  : 3.580e-03
max |Δn|      : 6.515e-04
max |Δn| norm  : 3.024e-03
max |ΔILDOS|  : 4.086e+02
last Poisson  : 13.434 s
last Quantum  : 0.088 s
-8.522479050434092e-05 5.5848223858847805e-05
Iteration counts: [0, 1, 7]

--- Iteration 8 ---
Qprime size   : 209
max |ΔU|      : 8.568e-05
max |ΔU| norm  : 2.173e-03
max |Δn|      : 4.873e-04
max |Δn| norm  : 1.999e-03
max |ΔILDOS|  : 2.851e+02
last Poisson  : 13.454 s
last Quantum  : 0.088 s
-5.2515089078792324e-05 3.445519470654366e-05
Iteration counts: [0, 1, 8]

--- Iteration 9 ---
Qprime size   : 209
max |ΔU|      : 5.474e-05
max |ΔU| norm  : 1.330e-03
max |Δn|      : 3.399e-04
max |Δn| norm  : 1.341e-03
max |ΔILDOS|  : 1.940e+02
last Poisson  : 13.447 s
last Quantum  : 0.088 s
-3.412435339717805e-05 2.246700134661172e-05
Iteration counts: [0, 1, 9]

--- Iteration 10 ---
Qprime size   : 209
max |ΔU|      : 3.537e-05
max |ΔU| norm  : 8.707e-04
max |Δn|      : 2.186e-04
max |Δn| norm  : 8.783e-04
max |ΔILDOS|  : 1.298e+02
last Poisson  : 13.425 s
last Quantum  : 0.089 s
-1.825707962392068e-05 1.1924815437767055e-05
Iteration counts: [0, 1, 10]

--- Iteration 11 ---
Qprime size   : 209
max |ΔU|      : 2.057e-05
max |ΔU| norm  : 4.619e-04
max |Δn|      : 1.798e-04
max |Δn| norm  : 6.531e-04
max |ΔILDOS|  : 7.205e+01
last Poisson  : 13.445 s
last Quantum  : 0.087 s
-1.259209599577585e-05 8.259260921402543e-06
Iteration counts: [0, 1, 11]

--- Iteration 12 ---
Qprime size   : 209
max |ΔU|      : 2.121e-05
max |ΔU| norm  : 3.185e-04
max |Δn|      : 2.300e-04
max |Δn| norm  : 4.855e-04
max |ΔILDOS|  : 6.477e+01
last Poisson  : 13.404 s
last Quantum  : 0.088 s
-7.539483284766505e-06 5.0323134217969694e-06
Iteration counts: [0, 1, 12]

--- Iteration 13 ---
Qprime size   : 209
max |ΔU|      : 8.994e-06
max |ΔU| norm  : 1.980e-04
max |Δn|      : 2.219e-04
max |Δn| norm  : 3.758e-04
max |ΔILDOS|  : 1.982e+01
last Poisson  : 13.449 s
last Quantum  : 0.088 s
-5.643085669996149e-06 3.7558528770110415e-06
Iteration counts: [0, 1, 13]

--- Iteration 14 ---
Qprime size   : 209
max |ΔU|      : 1.345e-05
max |ΔU| norm  : 1.461e-04
max |Δn|      : 2.179e-04
max |Δn| norm  : 3.157e-04
max |ΔILDOS|  : 3.441e+01
last Poisson  : 13.441 s
last Quantum  : 0.089 s
-3.0877790851221614e-06 2.0376889994551697e-06
Iteration counts: [0, 1, 14]

--- Iteration 15 ---
Qprime size   : 209
max |ΔU|      : 3.631e-06
max |ΔU| norm  : 8.096e-05
max |Δn|      : 1.799e-04
max |Δn| norm  : 2.520e-04
max |ΔILDOS|  : 1.149e+01
last Poisson  : 13.444 s
last Quantum  : 0.088 s
-2.2502251330523704e-06 1.4554223846154094e-06
Iteration counts: [0, 1, 15]

--- Iteration 16 ---
Qprime size   : 209
max |ΔU|      : 7.658e-06
max |ΔU| norm  : 5.836e-05
max |Δn|      : 1.537e-04
max |Δn| norm  : 2.177e-04
max |ΔILDOS|  : 1.682e+01
last Poisson  : 13.408 s
last Quantum  : 0.081 s
-1.0287649417509692e-06 6.297262763815248e-07
Iteration counts: [0, 1, 16]

--- Iteration 17 ---
Qprime size   : 209
max |ΔU|      : 4.015e-06
max |ΔU| norm  : 2.838e-05
max |Δn|      : 1.247e-04
max |Δn| norm  : 1.860e-04
max |ΔILDOS|  : 8.862e+00
last Poisson  : 13.442 s
last Quantum  : 0.089 s
-7.896228375154474e-07 4.998490828797426e-07
Iteration counts: [0, 1, 17]

--- Iteration 18 ---
Qprime size   : 209
max |ΔU|      : 4.344e-06
max |ΔU| norm  : 2.515e-05
max |Δn|      : 9.922e-05
max |Δn| norm  : 1.823e-04
max |ΔILDOS|  : 8.575e+00
last Poisson  : 13.485 s
last Quantum  : 0.081 s
-3.7491292414550595e-07 1.7401416232891593e-07
Iteration counts: [0, 1, 18]

--- Iteration 19 ---
Qprime size   : 209
max |ΔU|      : 4.824e-06
max |ΔU| norm  : 1.699e-05
max |Δn|      : 1.431e-04
max |Δn| norm  : 2.026e-04
max |ΔILDOS|  : 5.827e+00
last Poisson  : 13.477 s
last Quantum  : 0.092 s
-1.7171030093657573e-07 1.2348968119569342e-07
Iteration counts: [0, 1, 19]

--- Iteration 20 ---
Qprime size   : 209
max |ΔU|      : 5.917e-06
max |ΔU| norm  : 1.864e-05
max |Δn|      : 1.713e-04
max |Δn| norm  : 2.185e-04
max |ΔILDOS|  : 4.012e+00
last Poisson  : 13.439 s
last Quantum  : 0.081 s
-1.581985995214245e-07 3.167440594664957e-08
Iteration counts: [0, 1, 20]

--- Iteration 21 ---
Qprime size   : 209
max |ΔU|      : 5.911e-06
max |ΔU| norm  : 1.628e-05
max |Δn|      : 1.767e-04
max |Δn| norm  : 2.178e-04
max |ΔILDOS|  : 3.564e+00
last Poisson  : 13.457 s
last Quantum  : 0.087 s
2.5386344011388057e-08 1.3767223705820793e-08
Iteration counts: [0, 1, 21]

--- Iteration 22 ---
Qprime size   : 209
max |ΔU|      : 6.138e-06
max |ΔU| norm  : 1.709e-05
max |Δn|      : 1.791e-04
max |Δn| norm  : 2.171e-04
max |ΔILDOS|  : 2.465e+00
last Poisson  : 13.434 s
last Quantum  : 0.088 s
-9.481770389132845e-08 5.762328328122684e-10
Iteration counts: [0, 1, 22]

--- Iteration 23 ---
Qprime size   : 209
max |ΔU|      : 6.022e-06
max |ΔU| norm  : 1.611e-05
max |Δn|      : 1.790e-04
max |Δn| norm  : 2.146e-04
max |ΔILDOS|  : 2.357e+00
last Poisson  : 13.450 s
last Quantum  : 0.081 s
7.750228475157138e-08 -8.687117702548024e-09
Iteration counts: [0, 1, 23]

--- Iteration 24 ---
Qprime size   : 209
max |ΔU|      : 6.122e-06
max |ΔU| norm  : 1.654e-05
max |Δn|      : 1.796e-04
max |Δn| norm  : 2.144e-04
max |ΔILDOS|  : 2.432e+00
last Poisson  : 13.463 s
last Quantum  : 0.088 s
-9.033854189719511e-08 2.9232344174895774e-09
Iteration counts: [0, 1, 24]

--- Iteration 25 ---
Qprime size   : 209
max |ΔU|      : 6.057e-06
max |ΔU| norm  : 1.610e-05
max |Δn|      : 1.793e-04
max |Δn| norm  : 2.131e-04
max |ΔILDOS|  : 2.349e+00
last Poisson  : 13.454 s
last Quantum  : 0.087 s
9.18809377786525e-08 -1.217963718094634e-08
Iteration counts: [0, 1, 25]

--- Iteration 26 ---
Qprime size   : 209
max |ΔU|      : 6.108e-06
max |ΔU| norm  : 1.633e-05
max |Δn|      : 1.797e-04
max |Δn| norm  : 2.133e-04
max |ΔILDOS|  : 2.411e+00
last Poisson  : 13.434 s
last Quantum  : 0.088 s
-9.491483719968348e-08 8.117414481230928e-09
Iteration counts: [0, 1, 26]

--- Iteration 27 ---
Qprime size   : 209
max |ΔU|      : 6.075e-06
max |ΔU| norm  : 1.611e-05
max |Δn|      : 1.795e-04
max |Δn| norm  : 2.126e-04
max |ΔILDOS|  : 2.368e+00
last Poisson  : 13.458 s
last Quantum  : 0.082 s
9.61491540882789e-08 -1.2087014094437825e-08
Iteration counts: [0, 1, 27]

--- Iteration 28 ---
Qprime size   : 209
max |ΔU|      : 6.097e-06
max |ΔU| norm  : 1.623e-05
max |Δn|      : 1.797e-04
max |Δn| norm  : 2.128e-04
max |ΔILDOS|  : 2.399e+00
last Poisson  : 13.423 s
last Quantum  : 0.089 s
-9.838000898146818e-08 1.1025522484951279e-08
Iteration counts: [0, 1, 28]

--- Iteration 29 ---
Qprime size   : 209
max |ΔU|      : 6.083e-06
max |ΔU| norm  : 1.613e-05
max |Δn|      : 1.795e-04
max |Δn| norm  : 2.125e-04
max |ΔILDOS|  : 2.377e+00
last Poisson  : 13.443 s
last Quantum  : 0.088 s
9.841363977709932e-08 -1.218733726907441e-08
Iteration counts: [0, 1, 29]

--- Iteration 30 ---
Qprime size   : 209
max |ΔU|      : 6.092e-06
max |ΔU| norm  : 1.619e-05
max |Δn|      : 1.796e-04
max |Δn| norm  : 2.126e-04
max |ΔILDOS|  : 2.392e+00
last Poisson  : 13.434 s
last Quantum  : 0.087 s
-1.0037650558281255e-07 1.2433502410419628e-08
FSC converged / stopped.
✔ Logged phi=0.1156, Vbg=1.3333

=== Running phi=0.1156, Vbg=1.5000 ===
🔄 Full Hamiltonian rebuild (qparams change)
The poisson problem has been initialized.
Iteration counts: [0, 0, 0]

--- Iteration 0 ---
Qprime size   : 209
-0.00039983071027021666 0.00017040478743774712
Iteration counts: [0, 1, 0]

--- Iteration 1 ---
Qprime size   : 209
max |ΔU|      : 5.578e-04
max |ΔU| norm  : 1.053e-02
max |Δn|      : 4.237e-03
max |Δn| norm  : 1.939e-02
last Poisson  : 13.527 s
-0.0003195407137840595 0.000137067243715075
Iteration counts: [0, 1, 1]

--- Iteration 2 ---
Qprime size   : 209
max |ΔU|      : 4.457e-04
max |ΔU| norm  : 8.410e-03
max |Δn|      : 3.302e-03
max |Δn| norm  : 1.521e-02
max |ΔILDOS|  : 5.717e+02
last Poisson  : 13.532 s
last Quantum  : 0.089 s
-0.0008323680843899677 0.00048448628698211533
Iteration counts: [0, 1, 2]

--- Iteration 3 ---
Qprime size   : 209
max |ΔU|      : 9.225e-04
max |ΔU| norm  : 2.043e-02
max |Δn|      : 4.866e-03
max |Δn| norm  : 2.221e-02
max |ΔILDOS|  : 4.652e+02
last Poisson  : 13.470 s
last Quantum  : 0.090 s
-0.0005073819344563882 0.0002996619734186447
Iteration counts: [0, 1, 3]

--- Iteration 4 ---
Qprime size   : 209
max |ΔU|      : 5.533e-04
max |ΔU| norm  : 1.245e-02
max |Δn|      : 2.335e-03
max |Δn| norm  : 1.293e-02
max |ΔILDOS|  : 4.605e+02
last Poisson  : 13.496 s
last Quantum  : 0.092 s
-0.0002965816096021435 0.0001767514606347819
Iteration counts: [0, 1, 4]

--- Iteration 5 ---
Qprime size   : 209
max |ΔU|      : 3.323e-04
max |ΔU| norm  : 7.325e-03
max |Δn|      : 1.623e-03
max |Δn| norm  : 7.561e-03
max |ΔILDOS|  : 4.556e+02
last Poisson  : 13.440 s
last Quantum  : 0.088 s
-0.00017521883032567108 0.00010666227620534624
Iteration counts: [0, 1, 5]

--- Iteration 6 ---
Qprime size   : 209
max |ΔU|      : 1.956e-04
max |ΔU| norm  : 4.287e-03
max |Δn|      : 8.540e-04
max |Δn| norm  : 4.798e-03
max |ΔILDOS|  : 4.249e+02
last Poisson  : 13.434 s
last Quantum  : 0.088 s
-0.00010388366102785482 6.418098779574801e-05
Iteration counts: [0, 1, 6]

--- Iteration 7 ---
Qprime size   : 209
max |ΔU|      : 1.185e-04
max |ΔU| norm  : 2.582e-03
max |Δn|      : 1.286e-03
max |Δn| norm  : 3.590e-03
max |ΔILDOS|  : 2.883e+02
last Poisson  : 13.481 s
last Quantum  : 0.088 s
-6.725710947141766e-05 4.341488375274788e-05
Iteration counts: [0, 1, 7]

--- Iteration 8 ---
Qprime size   : 209
max |ΔU|      : 8.576e-05
max |ΔU| norm  : 1.634e-03
max |Δn|      : 1.180e-03
max |Δn| norm  : 2.566e-03
max |ΔILDOS|  : 2.286e+02
last Poisson  : 13.461 s
last Quantum  : 0.089 s
-3.643112358199149e-05 2.2384575631083535e-05
Iteration counts: [0, 1, 8]

--- Iteration 9 ---
Qprime size   : 209
max |ΔU|      : 7.167e-05
max |ΔU| norm  : 9.408e-04
max |Δn|      : 1.270e-03
max |Δn| norm  : 2.350e-03
max |ΔILDOS|  : 1.242e+02
last Poisson  : 13.493 s
last Quantum  : 0.087 s
-2.579975039568316e-05 1.768628354724258e-05
Iteration counts: [0, 1, 9]

--- Iteration 10 ---
Qprime size   : 209
max |ΔU|      : 7.919e-05
max |ΔU| norm  : 6.350e-04
max |Δn|      : 1.181e-03
max |Δn| norm  : 1.929e-03
max |ΔILDOS|  : 9.514e+01
last Poisson  : 13.468 s
last Quantum  : 0.087 s
-1.191221782847729e-05 6.896685186152127e-06
Iteration counts: [0, 1, 10]

--- Iteration 11 ---
Qprime size   : 209
max |ΔU|      : 7.527e-05
max |ΔU| norm  : 3.572e-04
max |Δn|      : 1.237e-03
max |Δn| norm  : 1.797e-03
max |ΔILDOS|  : 4.646e+01
last Poisson  : 13.468 s
last Quantum  : 0.090 s
-1.1082802718353857e-05 8.211153344124916e-06
Iteration counts: [0, 1, 11]

--- Iteration 12 ---
Qprime size   : 209
max |ΔU|      : 7.739e-05
max |ΔU| norm  : 2.911e-04
max |Δn|      : 1.204e-03
max |Δn| norm  : 1.671e-03
max |ΔILDOS|  : 4.606e+01
last Poisson  : 13.490 s
last Quantum  : 0.088 s
-3.6977569443428477e-06 1.523911550382603e-06
Iteration counts: [0, 1, 12]

--- Iteration 13 ---
Qprime size   : 209
max |ΔU|      : 7.613e-05
max |ΔU| norm  : 1.968e-04
max |Δn|      : 1.222e-03
max |Δn| norm  : 1.662e-03
max |ΔILDOS|  : 3.997e+01
last Poisson  : 13.551 s
last Quantum  : 0.088 s
-5.653708557300736e-06 4.724789957860568e-06
Iteration counts: [0, 1, 13]

--- Iteration 14 ---
Qprime size   : 209
max |ΔU|      : 7.739e-05
max |ΔU| norm  : 1.928e-04
max |Δn|      : 1.215e-03
max |Δn| norm  : 1.609e-03
max |ΔILDOS|  : 3.885e+01
last Poisson  : 13.495 s
last Quantum  : 0.088 s
-3.703793354105068e-07 -6.439942195410365e-07
Iteration counts: [0, 1, 14]

--- Iteration 15 ---
Qprime size   : 209
max |ΔU|      : 7.691e-05
max |ΔU| norm  : 1.620e-04
max |Δn|      : 1.223e-03
max |Δn| norm  : 1.608e-03
max |ΔILDOS|  : 3.921e+01
last Poisson  : 13.480 s
last Quantum  : 0.087 s
-3.3541635311029043e-06 3.1969070220350444e-06
Iteration counts: [0, 1, 15]

--- Iteration 16 ---
Qprime size   : 209
max |ΔU|      : 7.689e-05
max |ΔU| norm  : 1.652e-04
max |Δn|      : 1.215e-03
max |Δn| norm  : 1.590e-03
max |ΔILDOS|  : 3.860e+01
last Poisson  : 13.472 s
last Quantum  : 0.089 s
1.0419360599350593e-06 -1.5933890535302315e-06
Iteration counts: [0, 1, 16]

--- Iteration 17 ---
Qprime size   : 209
max |ΔU|      : 7.704e-05
max |ΔU| norm  : 1.568e-04
max |Δn|      : 1.221e-03
max |Δn| norm  : 1.590e-03
max |ΔILDOS|  : 3.904e+01
last Poisson  : 13.468 s
last Quantum  : 0.087 s
-2.437126521137955e-06 2.567465983897335e-06
Iteration counts: [0, 1, 17]

--- Iteration 18 ---
Qprime size   : 209
max |ΔU|      : 7.686e-05
max |ΔU| norm  : 1.588e-04
max |Δn|      : 1.216e-03
max |Δn| norm  : 1.582e-03
max |ΔILDOS|  : 3.863e+01
last Poisson  : 13.471 s
last Quantum  : 0.088 s
1.55768398199787e-06 -1.945099293992366e-06
Iteration counts: [0, 1, 18]

--- Iteration 19 ---
Qprime size   : 209
max |ΔU|      : 7.701e-05
max |ΔU| norm  : 1.566e-04
max |Δn|      : 1.219e-03
max |Δn| norm  : 1.581e-03
max |ΔILDOS|  : 3.888e+01
last Poisson  : 13.477 s
last Quantum  : 0.087 s
-2.090736534268704e-06 2.3235565487315603e-06
Iteration counts: [0, 1, 19]

--- Iteration 20 ---
Qprime size   : 209
max |ΔU|      : 7.689e-05
max |ΔU| norm  : 1.574e-04
max |Δn|      : 1.218e-03
max |Δn| norm  : 1.579e-03
max |ΔILDOS|  : 3.867e+01
last Poisson  : 13.509 s
last Quantum  : 0.087 s
1.7552051358999092e-06 -2.0822022542722966e-06
Iteration counts: [0, 1, 20]

--- Iteration 21 ---
Qprime size   : 209
max |ΔU|      : 7.698e-05
max |ΔU| norm  : 1.568e-04
max |Δn|      : 1.219e-03
max |Δn| norm  : 1.579e-03
max |ΔILDOS|  : 3.880e+01
last Poisson  : 13.455 s
last Quantum  : 0.090 s
-1.9561404747486787e-06 2.227281844095581e-06
Iteration counts: [0, 1, 21]

--- Iteration 22 ---
Qprime size   : 209
max |ΔU|      : 7.691e-05
max |ΔU| norm  : 1.571e-04
max |Δn|      : 1.218e-03
max |Δn| norm  : 1.578e-03
max |ΔILDOS|  : 3.869e+01
last Poisson  : 13.468 s
last Quantum  : 0.088 s
1.832187120155837e-06 -2.1363522026126255e-06
Iteration counts: [0, 1, 22]

--- Iteration 23 ---
Qprime size   : 209
max |ΔU|      : 7.697e-05
max |ΔU| norm  : 1.569e-04
max |Δn|      : 1.218e-03
max |Δn| norm  : 1.579e-03
max |ΔILDOS|  : 3.876e+01
last Poisson  : 13.492 s
last Quantum  : 0.086 s
-1.9056155991975054e-06 2.1901760686971414e-06
Iteration counts: [0, 1, 23]

--- Iteration 24 ---
Qprime size   : 209
max |ΔU|      : 7.693e-05
max |ΔU| norm  : 1.570e-04
max |Δn|      : 1.218e-03
max |Δn| norm  : 1.579e-03
max |ΔILDOS|  : 3.871e+01
last Poisson  : 13.444 s
last Quantum  : 0.089 s
1.8616202728726796e-06 -2.157047410215094e-06
Iteration counts: [0, 1, 24]

--- Iteration 25 ---
Qprime size   : 209
max |ΔU|      : 7.696e-05
max |ΔU| norm  : 1.570e-04
max |Δn|      : 1.218e-03
max |Δn| norm  : 1.579e-03
max |ΔILDOS|  : 3.874e+01
last Poisson  : 13.438 s
last Quantum  : 0.089 s
-1.8883035382500527e-06 2.17667899274326e-06
Iteration counts: [0, 1, 25]

--- Iteration 26 ---
Qprime size   : 209
max |ΔU|      : 7.693e-05
max |ΔU| norm  : 1.570e-04
max |Δn|      : 1.218e-03
max |Δn| norm  : 1.579e-03
max |ΔILDOS|  : 3.871e+01
last Poisson  : 13.468 s
last Quantum  : 0.080 s
1.8733602333815168e-06 -2.1650178478016236e-06
Iteration counts: [0, 1, 26]

--- Iteration 27 ---
Qprime size   : 209
max |ΔU|      : 7.695e-05
max |ΔU| norm  : 1.570e-04
max |Δn|      : 1.218e-03
max |Δn| norm  : 1.579e-03
max |ΔILDOS|  : 3.873e+01
last Poisson  : 13.456 s
last Quantum  : 0.081 s
-1.8830283944573521e-06 2.1720346487541795e-06
Iteration counts: [0, 1, 27]

--- Iteration 28 ---
Qprime size   : 209
max |ΔU|      : 7.694e-05
max |ΔU| norm  : 1.570e-04
max |Δn|      : 1.218e-03
max |Δn| norm  : 1.579e-03
max |ΔILDOS|  : 3.872e+01
last Poisson  : 13.473 s
last Quantum  : 0.081 s
1.8783840848778041e-06 -2.1681606692721832e-06
Iteration counts: [0, 1, 28]

--- Iteration 29 ---
Qprime size   : 209
max |ΔU|      : 7.695e-05
max |ΔU| norm  : 1.570e-04
max |Δn|      : 1.218e-03
max |Δn| norm  : 1.579e-03
max |ΔILDOS|  : 3.873e+01
last Poisson  : 13.481 s
last Quantum  : 0.082 s
-1.8820110189196543e-06 2.1706575356452837e-06
Iteration counts: [0, 1, 29]

--- Iteration 30 ---
Qprime size   : 209
max |ΔU|      : 7.694e-05
max |ΔU| norm  : 1.570e-04
max |Δn|      : 1.218e-03
max |Δn| norm  : 1.579e-03
max |ΔILDOS|  : 3.872e+01
last Poisson  : 13.492 s
last Quantum  : 0.088 s
1.8805993796278856e-06 -2.169388950428129e-06
FSC converged / stopped.
✔ Logged phi=0.1156, Vbg=1.5000

=== Running phi=0.1156, Vbg=1.6667 ===
🔄 Full Hamiltonian rebuild (qparams change)
The poisson problem has been initialized.
Iteration counts: [0, 0, 0]

--- Iteration 0 ---
Qprime size   : 199
max |ΔU|      : 4.374e-14
max |ΔU| norm  : 1.544e-12
max |Δn|      : 2.418e-13
max |Δn| norm  : 1.179e-12
-0.0003346286797453307 0.0001401014972493784
Iteration counts: [0, 0, 1]

--- Iteration 1 ---
Qprime size   : 199
max |ΔU|      : 4.836e-04
max |ΔU| norm  : 7.914e-03
max |Δn|      : 5.070e-03
max |Δn| norm  : 1.836e-02
max |ΔILDOS|  : 5.553e+02
last Poisson  : 13.181 s
last Quantum  : 0.094 s
-0.0008507166083202804 0.00048648844629943803
Iteration counts: [0, 0, 2]

--- Iteration 2 ---
Qprime size   : 199
max |ΔU|      : 9.486e-04
max |ΔU| norm  : 1.896e-02
max |Δn|      : 4.501e-03
max |Δn| norm  : 2.526e-02
max |ΔILDOS|  : 4.645e+02
last Poisson  : 13.103 s
last Quantum  : 0.089 s
-0.0005035334569607041 0.0002958177228819092
Iteration counts: [0, 0, 3]

--- Iteration 3 ---
Qprime size   : 199
max |ΔU|      : 5.696e-04
max |ΔU| norm  : 1.147e-02
max |Δn|      : 2.863e-03
max |Δn| norm  : 1.491e-02
max |ΔILDOS|  : 4.636e+02
last Poisson  : 13.081 s
last Quantum  : 0.088 s
-0.0002988998837687255 0.0001777439889737929
Iteration counts: [0, 0, 4]

--- Iteration 4 ---
Qprime size   : 199
max |ΔU|      : 3.391e-04
max |ΔU| norm  : 6.857e-03
max |Δn|      : 2.084e-03
max |Δn| norm  : 8.998e-03
max |ΔILDOS|  : 4.683e+02
last Poisson  : 13.072 s
last Quantum  : 0.089 s
-0.00017210348855418024 0.00010295074849988117
Iteration counts: [0, 0, 5]

--- Iteration 5 ---
Qprime size   : 199
max |ΔU|      : 2.043e-04
max |ΔU| norm  : 4.017e-03
max |Δn|      : 1.404e-03
max |Δn| norm  : 6.055e-03
max |ΔILDOS|  : 4.262e+02
last Poisson  : 13.060 s
last Quantum  : 0.087 s
-0.00010754860938844627 6.727134228575012e-05
Iteration counts: [0, 0, 6]

--- Iteration 6 ---
Qprime size   : 199
max |ΔU|      : 1.222e-04
max |ΔU| norm  : 2.479e-03
max |Δn|      : 1.153e-03
max |Δn| norm  : 3.805e-03
max |ΔILDOS|  : 3.106e+02
last Poisson  : 13.125 s
last Quantum  : 0.086 s
-6.156188625470157e-05 3.760225887082906e-05
Iteration counts: [0, 0, 7]

--- Iteration 7 ---
Qprime size   : 199
max |ΔU|      : 7.679e-05
max |ΔU| norm  : 1.467e-03
max |Δn|      : 9.484e-04
max |Δn| norm  : 2.541e-03
max |ΔILDOS|  : 2.296e+02
last Poisson  : 13.106 s
last Quantum  : 0.087 s
-3.9502431332138635e-05 2.5664201902244967e-05
Iteration counts: [0, 0, 8]

--- Iteration 8 ---
Qprime size   : 199
max |ΔU|      : 7.148e-05
max |ΔU| norm  : 9.053e-04
max |Δn|      : 1.049e-03
max |Δn| norm  : 1.948e-03
max |ΔILDOS|  : 1.423e+02
last Poisson  : 13.097 s
last Quantum  : 0.078 s
-2.2174279869821106e-05 1.3375310722916535e-05
Iteration counts: [0, 0, 9]

--- Iteration 9 ---
Qprime size   : 199
max |ΔU|      : 6.619e-05
max |ΔU| norm  : 5.557e-04
max |Δn|      : 1.071e-03
max |Δn| norm  : 1.660e-03
max |ΔILDOS|  : 8.409e+01
last Poisson  : 13.071 s
last Quantum  : 0.085 s
-1.5252481112113331e-05 1.0581708074006862e-05
Iteration counts: [0, 0, 10]

--- Iteration 10 ---
Qprime size   : 199
max |ΔU|      : 6.949e-05
max |ΔU| norm  : 3.641e-04
max |Δn|      : 1.054e-03
max |Δn| norm  : 1.563e-03
max |ΔILDOS|  : 5.321e+01
last Poisson  : 13.095 s
last Quantum  : 0.085 s
-8.704368499792004e-06 4.672956397727816e-06
Iteration counts: [0, 0, 11]

--- Iteration 11 ---
Qprime size   : 199
max |ΔU|      : 6.427e-05
max |ΔU| norm  : 2.641e-04
max |Δn|      : 1.017e-03
max |Δn| norm  : 1.645e-03
max |ΔILDOS|  : 3.416e+01
last Poisson  : 13.103 s
last Quantum  : 0.086 s
-5.657737839976252e-06 4.436444766307034e-06
Iteration counts: [0, 0, 12]

--- Iteration 12 ---
Qprime size   : 199
max |ΔU|      : 6.715e-05
max |ΔU| norm  : 1.891e-04
max |Δn|      : 1.033e-03
max |Δn| norm  : 1.651e-03
max |ΔILDOS|  : 3.482e+01
last Poisson  : 13.078 s
last Quantum  : 0.086 s
-1.9688214117465735e-06 3.506737173803939e-07
Iteration counts: [0, 0, 13]

--- Iteration 13 ---
Qprime size   : 199
max |ΔU|      : 6.838e-05
max |ΔU| norm  : 1.658e-04
max |Δn|      : 1.070e-03
max |Δn| norm  : 1.655e-03
max |ΔILDOS|  : 3.111e+01
last Poisson  : 13.109 s
last Quantum  : 0.086 s
-2.3108728227596823e-06 2.3681496597554417e-06
Iteration counts: [0, 0, 14]

--- Iteration 14 ---
Qprime size   : 199
max |ΔU|      : 6.771e-05
max |ΔU| norm  : 1.580e-04
max |Δn|      : 1.047e-03
max |Δn| norm  : 1.641e-03
max |ΔILDOS|  : 3.151e+01
last Poisson  : 13.113 s
last Quantum  : 0.085 s
-4.3554725497423993e-07 -5.788158591400935e-07
Iteration counts: [0, 0, 15]

--- Iteration 15 ---
Qprime size   : 199
max |ΔU|      : 6.413e-05
max |ΔU| norm  : 1.467e-04
max |Δn|      : 1.001e-03
max |Δn| norm  : 1.586e-03
max |ΔILDOS|  : 3.040e+01
last Poisson  : 13.099 s
last Quantum  : 0.085 s
-1.3910877408682864e-06 1.7849308590275481e-06
Iteration counts: [0, 0, 16]

--- Iteration 16 ---
Qprime size   : 199
max |ΔU|      : 6.627e-05
max |ΔU| norm  : 1.517e-04
max |Δn|      : 1.026e-03
max |Δn| norm  : 1.620e-03
max |ΔILDOS|  : 3.046e+01
last Poisson  : 13.062 s
last Quantum  : 0.086 s
1.6359882906410853e-07 -1.0245759897951676e-06
Iteration counts: [0, 0, 17]

--- Iteration 17 ---
Qprime size   : 199
max |ΔU|      : 6.804e-05
max |ΔU| norm  : 1.521e-04
max |Δn|      : 1.059e-03
max |Δn| norm  : 1.639e-03
max |ΔILDOS|  : 3.190e+01
last Poisson  : 13.055 s
last Quantum  : 0.086 s
-9.894249736790314e-07 1.5600700858134452e-06
Iteration counts: [0, 0, 18]

--- Iteration 18 ---
Qprime size   : 199
max |ΔU|      : 6.706e-05
max |ΔU| norm  : 1.517e-04
max |Δn|      : 1.041e-03
max |Δn| norm  : 1.632e-03
max |ΔILDOS|  : 3.064e+01
last Poisson  : 13.091 s
last Quantum  : 0.088 s
3.081350636891266e-07 -1.0760860158005382e-06
Iteration counts: [0, 0, 19]

--- Iteration 19 ---
Qprime size   : 199
max |ΔU|      : 6.444e-05
max |ΔU| norm  : 1.458e-04
max |Δn|      : 1.003e-03
max |Δn| norm  : 1.599e-03
max |ΔILDOS|  : 2.978e+01
last Poisson  : 13.095 s
last Quantum  : 0.085 s
-7.405939215077763e-07 1.405697123367101e-06
Iteration counts: [0, 0, 20]

--- Iteration 20 ---
Qprime size   : 199
max |ΔU|      : 6.602e-05
max |ΔU| norm  : 1.495e-04
max |Δn|      : 1.024e-03
max |Δn| norm  : 1.622e-03
max |ΔILDOS|  : 3.021e+01
last Poisson  : 13.087 s
last Quantum  : 0.085 s
4.514518356981899e-07 -1.235375119294176e-06
Iteration counts: [0, 0, 21]

--- Iteration 21 ---
Qprime size   : 199
max |ΔU|      : 6.785e-05
max |ΔU| norm  : 1.521e-04
max |Δn|      : 1.055e-03
max |Δn| norm  : 1.648e-03
max |ΔILDOS|  : 3.127e+01
last Poisson  : 13.063 s
last Quantum  : 0.085 s
-6.375107867903047e-07 1.358357464714952e-06
Iteration counts: [0, 0, 22]

--- Iteration 22 ---
Qprime size   : 199
max |ΔU|      : 6.680e-05
max |ΔU| norm  : 1.505e-04
max |Δn|      : 1.038e-03
max |Δn| norm  : 1.638e-03
max |ΔILDOS|  : 3.053e+01
last Poisson  : 13.123 s
last Quantum  : 0.085 s
4.3038020183793344e-07 -1.1886930677826967e-06
Iteration counts: [0, 0, 23]

--- Iteration 23 ---
Qprime size   : 199
max |ΔU|      : 6.482e-05
max |ΔU| norm  : 1.468e-04
max |Δn|      : 1.008e-03
max |Δn| norm  : 1.613e-03
max |ΔILDOS|  : 2.972e+01
last Poisson  : 13.094 s
last Quantum  : 0.086 s
-5.695830750616129e-07 1.311253233619722e-06
Iteration counts: [0, 0, 24]

--- Iteration 24 ---
Qprime size   : 199
max |ΔU|      : 6.600e-05
max |ΔU| norm  : 1.491e-04
max |Δn|      : 1.025e-03
max |Δn| norm  : 1.629e-03
max |ΔILDOS|  : 3.020e+01
last Poisson  : 13.085 s
last Quantum  : 0.086 s
5.148312272109415e-07 -1.2923708991235034e-06
Iteration counts: [0, 0, 25]

--- Iteration 25 ---
Qprime size   : 199
max |ΔU|      : 6.763e-05
max |ΔU| norm  : 1.518e-04
max |Δn|      : 1.051e-03
max |Δn| norm  : 1.650e-03
max |ΔILDOS|  : 3.103e+01
last Poisson  : 13.103 s
last Quantum  : 0.079 s
-5.550152083376049e-07 1.3112540787655741e-06
Iteration counts: [0, 0, 26]

--- Iteration 26 ---
Qprime size   : 199
max |ΔU|      : 6.668e-05
max |ΔU| norm  : 1.501e-04
max |Δn|      : 1.037e-03
max |Δn| norm  : 1.639e-03
max |ΔILDOS|  : 3.048e+01
last Poisson  : 13.098 s
last Quantum  : 0.085 s
4.77403063180156e-07 -1.235932708803952e-06
Iteration counts: [0, 0, 27]

--- Iteration 27 ---
Qprime size   : 199
max |ΔU|      : 6.510e-05
max |ΔU| norm  : 1.473e-04
max |Δn|      : 1.012e-03
max |Δn| norm  : 1.619e-03
max |ΔILDOS|  : 2.978e+01
last Poisson  : 13.099 s
last Quantum  : 0.087 s
-5.311813662926955e-07 1.290720883970941e-06
Iteration counts: [0, 0, 28]

--- Iteration 28 ---
Qprime size   : 199
max |ΔU|      : 6.604e-05
max |ΔU| norm  : 1.491e-04
max |Δn|      : 1.026e-03
max |Δn| norm  : 1.631e-03
max |ΔILDOS|  : 3.022e+01
last Poisson  : 13.073 s
last Quantum  : 0.085 s
5.360212361304111e-07 -1.3118492361711879e-06
Iteration counts: [0, 0, 29]

--- Iteration 29 ---
Qprime size   : 199
max |ΔU|      : 6.744e-05
max |ΔU| norm  : 1.515e-04
max |Δn|      : 1.048e-03
max |Δn| norm  : 1.649e-03
max |ΔILDOS|  : 3.089e+01
last Poisson  : 13.063 s
last Quantum  : 0.086 s
-5.350102526902322e-07 1.3009792528574998e-06
Iteration counts: [0, 0, 30]

--- Iteration 30 ---
Qprime size   : 199
max |ΔU|      : 6.662e-05
max |ΔU| norm  : 1.500e-04
max |Δn|      : 1.036e-03
max |Δn| norm  : 1.639e-03
max |ΔILDOS|  : 3.046e+01
last Poisson  : 13.112 s
last Quantum  : 0.087 s
4.973323419043517e-07 -1.2582331103085655e-06
FSC converged / stopped.
✔ Logged phi=0.1156, Vbg=1.6667

=== Running phi=0.1156, Vbg=1.8333 ===
🔄 Full Hamiltonian rebuild (qparams change)
The poisson problem has been initialized.
Iteration counts: [0, 0, 0]

--- Iteration 0 ---
Qprime size   : 187
max |ΔU|      : 5.129e-14
max |ΔU| norm  : 1.618e-12
max |Δn|      : 1.833e-13
max |Δn| norm  : 1.205e-12
-0.00016659225679338462 -7.638927752825785e-06
Iteration counts: [0, 0, 1]

--- Iteration 1 ---
Qprime size   : 187
max |ΔU|      : 5.509e-04
max |ΔU| norm  : 7.245e-03
max |Δn|      : 4.094e-03
max |Δn| norm  : 1.909e-02
max |ΔILDOS|  : 5.876e+02
last Poisson  : 13.093 s
last Quantum  : 0.092 s
-0.0006549658607179225 0.0003484638399672489
Iteration counts: [0, 0, 2]

--- Iteration 2 ---
Qprime size   : 187
max |ΔU|      : 8.017e-04
max |ΔU| norm  : 1.339e-02
max |Δn|      : 5.410e-03
max |Δn| norm  : 2.596e-02
max |ΔILDOS|  : 4.826e+02
last Poisson  : 13.008 s
last Quantum  : 0.080 s
-0.00039420484937423603 0.00022084086292056894
Iteration counts: [0, 0, 3]

--- Iteration 3 ---
Qprime size   : 187
max |ΔU|      : 4.722e-04
max |ΔU| norm  : 8.095e-03
max |Δn|      : 3.257e-03
max |Δn| norm  : 1.457e-02
max |ΔILDOS|  : 4.971e+02
last Poisson  : 12.949 s
last Quantum  : 0.084 s
-0.0002293104831847763 0.00012868673327929168
Iteration counts: [0, 0, 4]

--- Iteration 4 ---
Qprime size   : 187
max |ΔU|      : 2.780e-04
max |ΔU| norm  : 4.765e-03
max |Δn|      : 1.989e-03
max |Δn| norm  : 8.193e-03
max |ΔILDOS|  : 4.860e+02
last Poisson  : 12.972 s
last Quantum  : 0.085 s
-0.0001411605706541785 8.400682769978512e-05
Iteration counts: [0, 0, 5]

--- Iteration 5 ---
Qprime size   : 187
max |ΔU|      : 1.690e-04
max |ΔU| norm  : 2.920e-03
max |Δn|      : 1.991e-03
max |Δn| norm  : 5.108e-03
max |ΔILDOS|  : 4.247e+02
last Poisson  : 12.952 s
last Quantum  : 0.085 s
-8.162154649683894e-05 4.589494397704171e-05
Iteration counts: [0, 0, 6]

--- Iteration 6 ---
Qprime size   : 187
max |ΔU|      : 1.027e-04
max |ΔU| norm  : 1.772e-03
max |Δn|      : 1.698e-03
max |Δn| norm  : 3.520e-03
max |ΔILDOS|  : 3.166e+02
last Poisson  : 13.019 s
last Quantum  : 0.084 s
-5.3303913816664816e-05 3.3478750107218134e-05
Iteration counts: [0, 0, 7]

--- Iteration 7 ---
Qprime size   : 187
max |ΔU|      : 1.346e-04
max |ΔU| norm  : 1.132e-03
max |Δn|      : 1.939e-03
max |Δn| norm  : 2.847e-03
max |ΔILDOS|  : 2.115e+02
last Poisson  : 12.973 s
last Quantum  : 0.084 s
-2.8590795171644736e-05 1.4632221110559327e-05
Iteration counts: [0, 0, 8]

--- Iteration 8 ---
Qprime size   : 187
max |ΔU|      : 1.141e-04
max |ΔU| norm  : 7.014e-04
max |Δn|      : 1.855e-03
max |Δn| norm  : 2.466e-03
max |ΔILDOS|  : 1.313e+02
last Poisson  : 12.950 s
last Quantum  : 0.083 s
-2.2323052907458094e-05 1.5264996965693006e-05
Iteration counts: [0, 0, 9]

--- Iteration 9 ---
Qprime size   : 187
max |ΔU|      : 1.294e-04
max |ΔU| norm  : 5.105e-04
max |Δn|      : 1.949e-03
max |Δn| norm  : 2.387e-03
max |ΔILDOS|  : 8.213e+01
last Poisson  : 12.951 s
last Quantum  : 0.083 s
-1.0041945075581474e-05 3.6760331175529353e-06
Iteration counts: [0, 0, 10]

--- Iteration 10 ---
Qprime size   : 187
max |ΔU|      : 1.219e-04
max |ΔU| norm  : 3.694e-04
max |Δn|      : 1.923e-03
max |Δn| norm  : 2.320e-03
max |ΔILDOS|  : 5.639e+01
last Poisson  : 12.948 s
last Quantum  : 0.084 s
-9.400933035778977e-06 7.61402722946377e-06
Iteration counts: [0, 0, 11]

--- Iteration 11 ---
Qprime size   : 187
max |ΔU|      : 1.273e-04
max |ΔU| norm  : 3.077e-04
max |Δn|      : 1.950e-03
max |Δn| norm  : 2.324e-03
max |ΔILDOS|  : 5.427e+01
last Poisson  : 12.970 s
last Quantum  : 0.084 s
-2.4980462134967796e-06 -6.629165132782324e-07
Iteration counts: [0, 0, 12]

--- Iteration 12 ---
Qprime size   : 187
max |ΔU|      : 1.227e-04
max |ΔU| norm  : 2.734e-04
max |Δn|      : 1.920e-03
max |Δn| norm  : 2.281e-03
max |ΔILDOS|  : 5.114e+01
last Poisson  : 12.998 s
last Quantum  : 0.086 s
-4.970370375505693e-06 5.044069954408956e-06
Iteration counts: [0, 0, 13]

--- Iteration 13 ---
Qprime size   : 187
max |ΔU|      : 1.263e-04
max |ΔU| norm  : 2.708e-04
max |Δn|      : 1.944e-03
max |Δn| norm  : 2.298e-03
max |ΔILDOS|  : 5.390e+01
last Poisson  : 12.988 s
last Quantum  : 0.083 s
1.9805263931589558e-07 -2.3188523900271235e-06
Iteration counts: [0, 0, 14]

--- Iteration 14 ---
Qprime size   : 187
max |ΔU|      : 1.243e-04
max |ΔU| norm  : 2.597e-04
max |Δn|      : 1.935e-03
max |Δn| norm  : 2.296e-03
max |ΔILDOS|  : 5.239e+01
last Poisson  : 12.964 s
last Quantum  : 0.085 s
-3.4901061457246155e-06 4.189297181403307e-06
Iteration counts: [0, 0, 15]

--- Iteration 15 ---
Qprime size   : 187
max |ΔU|      : 1.257e-04
max |ΔU| norm  : 2.615e-04
max |Δn|      : 1.941e-03
max |Δn| norm  : 2.295e-03
max |ΔILDOS|  : 5.373e+01
last Poisson  : 12.954 s
last Quantum  : 0.085 s
1.3551890370629683e-06 -2.990360313172745e-06
Iteration counts: [0, 0, 16]

--- Iteration 16 ---
Qprime size   : 187
max |ΔU|      : 1.253e-04
max |ΔU| norm  : 2.588e-04
max |Δn|      : 1.945e-03
max |Δn| norm  : 2.303e-03
max |ΔILDOS|  : 5.342e+01
last Poisson  : 12.959 s
last Quantum  : 0.085 s
-2.6510530823901783e-06 3.7014357713770344e-06
Iteration counts: [0, 0, 17]

--- Iteration 17 ---
Qprime size   : 187
max |ΔU|      : 1.256e-04
max |ΔU| norm  : 2.591e-04
max |Δn|      : 1.944e-03
max |Δn| norm  : 2.300e-03
max |ΔILDOS|  : 5.374e+01
last Poisson  : 12.990 s
last Quantum  : 0.084 s
1.869381779344371e-06 -3.2870495361906296e-06
Iteration counts: [0, 0, 18]

--- Iteration 18 ---
Qprime size   : 187
max |ΔU|      : 1.254e-04
max |ΔU| norm  : 2.585e-04
max |Δn|      : 1.944e-03
max |Δn| norm  : 2.301e-03
max |ΔILDOS|  : 5.368e+01
last Poisson  : 12.971 s
last Quantum  : 0.085 s
-2.3345370208655587e-06 3.520854874311201e-06
Iteration counts: [0, 0, 19]

--- Iteration 19 ---
Qprime size   : 187
max |ΔU|      : 1.255e-04
max |ΔU| norm  : 2.585e-04
max |Δn|      : 1.944e-03
max |Δn| norm  : 2.300e-03
max |ΔILDOS|  : 5.373e+01
last Poisson  : 12.989 s
last Quantum  : 0.085 s
2.050340984378291e-06 -3.38509339422015e-06
Iteration counts: [0, 0, 20]

--- Iteration 20 ---
Qprime size   : 187
max |ΔU|      : 1.254e-04
max |ΔU| norm  : 2.586e-04
max |Δn|      : 1.944e-03
max |Δn| norm  : 2.301e-03
max |ΔILDOS|  : 5.378e+01
last Poisson  : 13.001 s
last Quantum  : 0.084 s
-2.220930079977221e-06 3.461089855100713e-06
Iteration counts: [0, 0, 21]

--- Iteration 21 ---
Qprime size   : 187
max |ΔU|      : 1.255e-04
max |ΔU| norm  : 2.584e-04
max |Δn|      : 1.944e-03
max |Δn| norm  : 2.300e-03
max |ΔILDOS|  : 5.376e+01
last Poisson  : 12.964 s
last Quantum  : 0.084 s
2.1158611643122838e-06 -3.417584253706558e-06
Iteration counts: [0, 0, 22]

--- Iteration 22 ---
Qprime size   : 187
max |ΔU|      : 1.254e-04
max |ΔU| norm  : 2.586e-04
max |Δn|      : 1.944e-03
max |Δn| norm  : 2.301e-03
max |ΔILDOS|  : 5.380e+01
last Poisson  : 13.014 s
last Quantum  : 0.085 s
-2.179606597803155e-06 3.441581797073992e-06
Iteration counts: [0, 0, 23]

--- Iteration 23 ---
Qprime size   : 187
max |ΔU|      : 1.255e-04
max |ΔU| norm  : 2.585e-04
max |Δn|      : 1.944e-03
max |Δn| norm  : 2.301e-03
max |ΔILDOS|  : 5.377e+01
last Poisson  : 13.032 s
last Quantum  : 0.085 s
2.1398378042831756e-06 -3.4280395447270756e-06
Iteration counts: [0, 0, 24]

--- Iteration 24 ---
Qprime size   : 187
max |ΔU|      : 1.255e-04
max |ΔU| norm  : 2.586e-04
max |Δn|      : 1.944e-03
max |Δn| norm  : 2.301e-03
max |ΔILDOS|  : 5.380e+01
last Poisson  : 12.970 s
last Quantum  : 0.084 s
-2.164203203938067e-06 3.435274164847154e-06
Iteration counts: [0, 0, 25]

--- Iteration 25 ---
Qprime size   : 187
max |ΔU|      : 1.255e-04
max |ΔU| norm  : 2.585e-04
max |Δn|      : 1.944e-03
max |Δn| norm  : 2.301e-03
max |ΔILDOS|  : 5.378e+01
last Poisson  : 12.974 s
last Quantum  : 0.084 s
2.148882343543144e-06 -3.4313424554047475e-06
Iteration counts: [0, 0, 26]

--- Iteration 26 ---
Qprime size   : 187
max |ΔU|      : 1.255e-04
max |ΔU| norm  : 2.586e-04
max |Δn|      : 1.944e-03
max |Δn| norm  : 2.301e-03
max |ΔILDOS|  : 5.380e+01
last Poisson  : 12.974 s
last Quantum  : 0.085 s
-2.1586037829278174e-06 3.4334195142362276e-06
Iteration counts: [0, 0, 27]

--- Iteration 27 ---
Qprime size   : 187
max |ΔU|      : 1.255e-04
max |ΔU| norm  : 2.585e-04
max |Δn|      : 1.944e-03
max |Δn| norm  : 2.301e-03
max |ΔILDOS|  : 5.379e+01
last Poisson  : 12.975 s
last Quantum  : 0.084 s
2.152536521378824e-06 -3.432416626905198e-06
Iteration counts: [0, 0, 28]

--- Iteration 28 ---
Qprime size   : 187
max |ΔU|      : 1.255e-04
max |ΔU| norm  : 2.586e-04
max |Δn|      : 1.944e-03
max |Δn| norm  : 2.301e-03
max |ΔILDOS|  : 5.380e+01
last Poisson  : 12.980 s
last Quantum  : 0.091 s
-2.1565601767276375e-06 3.4329372500068195e-06
Iteration counts: [0, 0, 29]

--- Iteration 29 ---
Qprime size   : 187
max |ΔU|      : 1.255e-04
max |ΔU| norm  : 2.586e-04
max |Δn|      : 1.944e-03
max |Δn| norm  : 2.301e-03
max |ΔILDOS|  : 5.379e+01
last Poisson  : 12.951 s
last Quantum  : 0.084 s
2.154119523073983e-06 -3.4327792661938138e-06
Iteration counts: [0, 0, 30]

--- Iteration 30 ---
Qprime size   : 187
max |ΔU|      : 1.255e-04
max |ΔU| norm  : 2.586e-04
max |Δn|      : 1.944e-03
max |Δn| norm  : 2.301e-03
max |ΔILDOS|  : 5.380e+01
last Poisson  : 12.951 s
last Quantum  : 0.084 s
-2.1558380453094898e-06 3.4328593880676943e-06
FSC converged / stopped.
✔ Logged phi=0.1156, Vbg=1.8333

=== Running phi=0.1156, Vbg=2.0000 ===
🔄 Full Hamiltonian rebuild (qparams change)
The poisson problem has been initialized.
Iteration counts: [0, 0, 0]

--- Iteration 0 ---
Qprime size   : 173
max |ΔU|      : 3.864e-14
max |ΔU| norm  : 1.579e-12
max |Δn|      : 1.306e-13
max |Δn| norm  : 1.186e-12
-5.2775587927558494e-05 -0.000106946961207194
Iteration counts: [0, 0, 1]

--- Iteration 1 ---
Qprime size   : 173
max |ΔU|      : 6.116e-04
max |ΔU| norm  : 7.841e-03
max |Δn|      : 3.782e-03
max |Δn| norm  : 1.865e-02
max |ΔILDOS|  : 5.906e+02
last Poisson  : 13.154 s
last Quantum  : 0.083 s
-0.00048045233562257327 0.00021600021666550213
Iteration counts: [0, 0, 2]

--- Iteration 2 ---
Qprime size   : 173
max |ΔU|      : 6.432e-04
max |ΔU| norm  : 9.459e-03
max |Δn|      : 5.492e-03
max |Δn| norm  : 2.418e-02
max |ΔILDOS|  : 5.012e+02
last Poisson  : 13.100 s
last Quantum  : 0.081 s
-0.0002800925089373674 0.0001264934392958272
Iteration counts: [0, 0, 3]

--- Iteration 3 ---
Qprime size   : 173
max |ΔU|      : 3.883e-04
max |ΔU| norm  : 5.626e-03
max |Δn|      : 2.311e-03
max |Δn| norm  : 1.225e-02
max |ΔILDOS|  : 5.091e+02
last Poisson  : 13.088 s
last Quantum  : 0.078 s
-0.00016309483547674074 7.496070598562075e-05
Iteration counts: [0, 0, 4]

--- Iteration 4 ---
Qprime size   : 173
max |ΔU|      : 2.309e-04
max |ΔU| norm  : 3.289e-03
max |Δn|      : 1.543e-03
max |Δn| norm  : 6.966e-03
max |ΔILDOS|  : 4.935e+02
last Poisson  : 13.098 s
last Quantum  : 0.078 s
-0.00010292410248335628 4.95961130894743e-05
Iteration counts: [0, 0, 5]

--- Iteration 5 ---
Qprime size   : 173
max |ΔU|      : 1.415e-04
max |ΔU| norm  : 2.049e-03
max |Δn|      : 1.110e-03
max |Δn| norm  : 4.382e-03
max |ΔILDOS|  : 3.848e+02
last Poisson  : 13.098 s
last Quantum  : 0.078 s
-6.243966013142757e-05 3.249658213745581e-05
Iteration counts: [0, 0, 6]

--- Iteration 6 ---
Qprime size   : 173
max |ΔU|      : 9.144e-05
max |ΔU| norm  : 1.270e-03
max |Δn|      : 1.549e-03
max |Δn| norm  : 3.179e-03
max |ΔILDOS|  : 2.883e+02
last Poisson  : 13.138 s
last Quantum  : 0.078 s
-4.078959159468532e-05 2.1272996498441986e-05
Iteration counts: [0, 0, 7]

--- Iteration 7 ---
Qprime size   : 173
max |ΔU|      : 6.132e-05
max |ΔU| norm  : 8.269e-04
max |Δn|      : 1.550e-03
max |Δn| norm  : 2.462e-03
max |ΔILDOS|  : 1.854e+02
last Poisson  : 13.145 s
last Quantum  : 0.077 s
-2.2942799775110506e-05 1.2173921156520568e-05
Iteration counts: [0, 0, 8]

--- Iteration 8 ---
Qprime size   : 173
max |ΔU|      : 4.398e-05
max |ΔU| norm  : 4.788e-04
max |Δn|      : 1.607e-03
max |Δn| norm  : 2.112e-03
max |ΔILDOS|  : 1.192e+02
last Poisson  : 13.091 s
last Quantum  : 0.078 s
-1.6741006721942065e-05 8.775374300464355e-06
Iteration counts: [0, 0, 9]

--- Iteration 9 ---
Qprime size   : 173
max |ΔU|      : 5.612e-05
max |ΔU| norm  : 3.591e-04
max |Δn|      : 1.565e-03
max |Δn| norm  : 1.949e-03
max |ΔILDOS|  : 7.353e+01
last Poisson  : 13.086 s
last Quantum  : 0.077 s
-8.213765779543414e-06 4.675838091592881e-06
Iteration counts: [0, 0, 10]

--- Iteration 10 ---
Qprime size   : 173
max |ΔU|      : 4.827e-05
max |ΔU| norm  : 2.009e-04
max |Δn|      : 1.599e-03
max |Δn| norm  : 1.875e-03
max |ΔILDOS|  : 4.792e+01
last Poisson  : 13.112 s
last Quantum  : 0.077 s
-8.116867584441368e-06 4.438908778493517e-06
Iteration counts: [0, 0, 11]

--- Iteration 11 ---
Qprime size   : 173
max |ΔU|      : 5.327e-05
max |ΔU| norm  : 2.090e-04
max |Δn|      : 1.563e-03
max |Δn| norm  : 1.839e-03
max |ΔILDOS|  : 3.138e+01
last Poisson  : 13.109 s
last Quantum  : 0.077 s
-2.400715252723391e-06 1.4053599646133693e-06
Iteration counts: [0, 0, 12]

--- Iteration 12 ---
Qprime size   : 173
max |ΔU|      : 4.926e-05
max |ΔU| norm  : 1.147e-04
max |Δn|      : 1.583e-03
max |Δn| norm  : 1.823e-03
max |ΔILDOS|  : 2.129e+01
last Poisson  : 13.098 s
last Quantum  : 0.077 s
-4.453225266911459e-06 2.313479142268026e-06
Iteration counts: [0, 0, 13]

--- Iteration 13 ---
Qprime size   : 173
max |ΔU|      : 5.227e-05
max |ΔU| norm  : 1.570e-04
max |Δn|      : 1.560e-03
max |Δn| norm  : 1.803e-03
max |ΔILDOS|  : 2.635e+01
last Poisson  : 13.097 s
last Quantum  : 0.071 s
9.379631694938621e-08 4.269121954927169e-08
Iteration counts: [0, 0, 14]

--- Iteration 14 ---
Qprime size   : 173
max |ΔU|      : 5.022e-05
max |ΔU| norm  : 1.066e-04
max |Δn|      : 1.576e-03
max |Δn| norm  : 1.809e-03
max |ΔILDOS|  : 2.247e+01
last Poisson  : 13.085 s
last Quantum  : 0.083 s
-2.814584466457564e-06 1.4626937108710855e-06
Iteration counts: [0, 0, 15]

--- Iteration 15 ---
Qprime size   : 173
max |ΔU|      : 5.143e-05
max |ΔU| norm  : 1.311e-04
max |Δn|      : 1.568e-03
max |Δn| norm  : 1.802e-03
max |ΔILDOS|  : 2.449e+01
last Poisson  : 13.090 s
last Quantum  : 0.084 s
1.0805457231639034e-06 -4.769171262356143e-07
Iteration counts: [0, 0, 16]

--- Iteration 16 ---
Qprime size   : 173
max |ΔU|      : 5.076e-05
max |ΔU| norm  : 1.134e-04
max |Δn|      : 1.573e-03
max |Δn| norm  : 1.803e-03
max |ΔILDOS|  : 2.317e+01
last Poisson  : 13.111 s
last Quantum  : 0.078 s
-2.2196712893478756e-06 1.1329001564603492e-06
Iteration counts: [0, 0, 17]

--- Iteration 17 ---
Qprime size   : 173
max |ΔU|      : 5.123e-05
max |ΔU| norm  : 1.237e-04
max |Δn|      : 1.570e-03
max |Δn| norm  : 1.802e-03
max |ΔILDOS|  : 2.386e+01
last Poisson  : 13.099 s
last Quantum  : 0.077 s
1.5144710166635914e-06 -7.335605411380859e-07
Iteration counts: [0, 0, 18]

--- Iteration 18 ---
Qprime size   : 173
max |ΔU|      : 5.094e-05
max |ΔU| norm  : 1.165e-04
max |Δn|      : 1.572e-03
max |Δn| norm  : 1.803e-03
max |ΔILDOS|  : 2.341e+01
last Poisson  : 13.098 s
last Quantum  : 0.078 s
-1.9577560805139043e-06 9.77768376232976e-07
Iteration counts: [0, 0, 19]

--- Iteration 19 ---
Qprime size   : 173
max |ΔU|      : 5.116e-05
max |ΔU| norm  : 1.210e-04
max |Δn|      : 1.571e-03
max |Δn| norm  : 1.802e-03
max |ΔILDOS|  : 2.364e+01
last Poisson  : 13.122 s
last Quantum  : 0.077 s
1.6766596555090613e-06 -8.274815141560581e-07
Iteration counts: [0, 0, 20]

--- Iteration 20 ---
Qprime size   : 173
max |ΔU|      : 5.102e-05
max |ΔU| norm  : 1.180e-04
max |Δn|      : 1.572e-03
max |Δn| norm  : 1.802e-03
max |ΔILDOS|  : 2.348e+01
last Poisson  : 13.104 s
last Quantum  : 0.078 s
-1.8580406904815116e-06 9.216291910102323e-07
Iteration counts: [0, 0, 21]

--- Iteration 21 ---
Qprime size   : 173
max |ΔU|      : 5.113e-05
max |ΔU| norm  : 1.200e-04
max |Δn|      : 1.571e-03
max |Δn| norm  : 1.802e-03
max |ΔILDOS|  : 2.356e+01
last Poisson  : 13.101 s
last Quantum  : 0.077 s
1.7438731734494816e-06 -8.652167102962376e-07
Iteration counts: [0, 0, 22]

--- Iteration 22 ---
Qprime size   : 173
max |ΔU|      : 5.105e-05
max |ΔU| norm  : 1.186e-04
max |Δn|      : 1.572e-03
max |Δn| norm  : 1.802e-03
max |ΔILDOS|  : 2.350e+01
last Poisson  : 13.148 s
last Quantum  : 0.077 s
-1.8174681612631818e-06 9.000962764995072e-07
Iteration counts: [0, 0, 23]

--- Iteration 23 ---
Qprime size   : 173
max |ΔU|      : 5.111e-05
max |ΔU| norm  : 1.195e-04
max |Δn|      : 1.572e-03
max |Δn| norm  : 1.802e-03
max |ΔILDOS|  : 2.353e+01
last Poisson  : 13.107 s
last Quantum  : 0.077 s
1.7704758435675955e-06 -8.789948420420841e-07
Iteration counts: [0, 0, 24]

--- Iteration 24 ---
Qprime size   : 173
max |ΔU|      : 5.107e-05
max |ΔU| norm  : 1.189e-04
max |Δn|      : 1.572e-03
max |Δn| norm  : 1.802e-03
max |ΔILDOS|  : 2.351e+01
last Poisson  : 13.096 s
last Quantum  : 0.077 s
-1.8012561968113023e-06 8.922400448140088e-07
Iteration counts: [0, 0, 25]

--- Iteration 25 ---
Qprime size   : 173
max |ΔU|      : 5.110e-05
max |ΔU| norm  : 1.194e-04
max |Δn|      : 1.572e-03
max |Δn| norm  : 1.802e-03
max |ΔILDOS|  : 2.352e+01
last Poisson  : 13.093 s
last Quantum  : 0.077 s
1.7812956995642778e-06 -8.841266277887921e-07
Iteration counts: [0, 0, 26]

--- Iteration 26 ---
Qprime size   : 173
max |ΔU|      : 5.108e-05
max |ΔU| norm  : 1.191e-04
max |Δn|      : 1.572e-03
max |Δn| norm  : 1.802e-03
max |ΔILDOS|  : 2.351e+01
last Poisson  : 13.091 s
last Quantum  : 0.079 s
-1.7945615919572991e-06 8.892989822903626e-07
Iteration counts: [0, 0, 27]

--- Iteration 27 ---
Qprime size   : 173
max |ΔU|      : 5.109e-05
max |ΔU| norm  : 1.193e-04
max |Δn|      : 1.572e-03
max |Δn| norm  : 1.802e-03
max |ΔILDOS|  : 2.351e+01
last Poisson  : 13.126 s
last Quantum  : 0.077 s
1.7858319047120204e-06 -8.860858356556513e-07
Iteration counts: [0, 0, 28]

--- Iteration 28 ---
Qprime size   : 173
max |ΔU|      : 5.108e-05
max |ΔU| norm  : 1.191e-04
max |Δn|      : 1.572e-03
max |Δn| norm  : 1.802e-03
max |ΔILDOS|  : 2.351e+01
last Poisson  : 13.099 s
last Quantum  : 0.078 s
-1.7917124764149226e-06 8.88169796475492e-07
Iteration counts: [0, 0, 29]

--- Iteration 29 ---
Qprime size   : 173
max |ΔU|      : 5.109e-05
max |ΔU| norm  : 1.192e-04
max |Δn|      : 1.572e-03
max |Δn| norm  : 1.802e-03
max |ΔILDOS|  : 2.351e+01
last Poisson  : 13.094 s
last Quantum  : 0.077 s
1.7877916328910966e-06 -8.868550985134007e-07
Iteration counts: [0, 0, 30]

--- Iteration 30 ---
Qprime size   : 173
max |ΔU|      : 5.109e-05
max |ΔU| norm  : 1.192e-04
max |Δn|      : 1.572e-03
max |Δn| norm  : 1.802e-03
max |ΔILDOS|  : 2.351e+01
last Poisson  : 13.095 s
last Quantum  : 0.079 s
-1.7904646920295473e-06 8.877236910694098e-07
FSC converged / stopped.
✔ Logged phi=0.1156, Vbg=2.0000

=== Running phi=0.1156, Vbg=2.1667 ===
🔄 Full Hamiltonian rebuild (qparams change)
The poisson problem has been initialized.
Iteration counts: [0, 0, 0]

--- Iteration 0 ---
Qprime size   : 158
max |ΔU|      : 7.550e-14
max |ΔU| norm  : 1.904e-12
max |Δn|      : 1.700e-13
max |Δn| norm  : 1.396e-12
8.905161325805859e-05 -0.00024162008968570925
Iteration counts: [0, 0, 1]

--- Iteration 1 ---
Qprime size   : 158
max |ΔU|      : 8.388e-04
max |ΔU| norm  : 1.154e-02
max |Δn|      : 4.284e-03
max |Δn| norm  : 2.104e-02
max |ΔILDOS|  : 5.122e+02
last Poisson  : 14.692 s
last Quantum  : 0.078 s
-0.00032702846309747073 9.744921201232905e-05
Iteration counts: [0, 0, 2]

--- Iteration 2 ---
Qprime size   : 158
max |ΔU|      : 5.237e-04
max |ΔU| norm  : 6.507e-03
max |Δn|      : 4.733e-03
max |Δn| norm  : 2.264e-02
max |ΔILDOS|  : 4.927e+02
last Poisson  : 14.645 s
last Quantum  : 0.077 s
-0.00018715475621400735 5.570520501542475e-05
Iteration counts: [0, 0, 3]

--- Iteration 3 ---
Qprime size   : 158
max |ΔU|      : 3.159e-04
max |ΔU| norm  : 3.915e-03
max |Δn|      : 2.184e-03
max |Δn| norm  : 1.165e-02
max |ΔILDOS|  : 5.103e+02
last Poisson  : 14.732 s
last Quantum  : 0.075 s
-0.00010935632453260641 3.2315705862927825e-05
Iteration counts: [0, 0, 4]

--- Iteration 4 ---
Qprime size   : 158
max |ΔU|      : 1.895e-04
max |ΔU| norm  : 2.344e-03
max |Δn|      : 1.353e-03
max |Δn| norm  : 6.691e-03
max |ΔILDOS|  : 4.484e+02
last Poisson  : 14.715 s
last Quantum  : 0.076 s
-6.998682500417724e-05 2.3842484861466243e-05
Iteration counts: [0, 0, 5]

--- Iteration 5 ---
Qprime size   : 158
max |ΔU|      : 1.157e-04
max |ΔU| norm  : 1.466e-03
max |Δn|      : 8.015e-04
max |Δn| norm  : 4.191e-03
max |ΔILDOS|  : 3.485e+02
last Poisson  : 14.699 s
last Quantum  : 0.081 s
-4.330916107649525e-05 1.5777418121081098e-05
Iteration counts: [0, 0, 6]

--- Iteration 6 ---
Qprime size   : 158
max |ΔU|      : 7.368e-05
max |ΔU| norm  : 9.269e-04
max |Δn|      : 5.465e-04
max |Δn| norm  : 2.502e-03
max |ΔILDOS|  : 2.365e+02
last Poisson  : 14.700 s
last Quantum  : 0.076 s
-2.5921508497024382e-05 9.59083080725138e-06
Iteration counts: [0, 0, 7]

--- Iteration 7 ---
Qprime size   : 158
max |ΔU|      : 4.515e-05
max |ΔU| norm  : 5.518e-04
max |Δn|      : 4.094e-04
max |Δn| norm  : 1.557e-03
max |ΔILDOS|  : 1.535e+02
last Poisson  : 14.676 s
last Quantum  : 0.073 s
-1.5788610317451073e-05 6.100820588876802e-06
Iteration counts: [0, 0, 8]

--- Iteration 8 ---
Qprime size   : 158
max |ΔU|      : 3.077e-05
max |ΔU| norm  : 3.365e-04
max |Δn|      : 3.103e-04
max |Δn| norm  : 1.042e-03
max |ΔILDOS|  : 9.945e+01
last Poisson  : 14.716 s
last Quantum  : 0.075 s
-9.610012165384312e-06 3.908368430803778e-06
Iteration counts: [0, 0, 9]

--- Iteration 9 ---
Qprime size   : 158
max |ΔU|      : 1.708e-05
max |ΔU| norm  : 1.934e-04
max |Δn|      : 3.208e-04
max |Δn| norm  : 7.780e-04
max |ΔILDOS|  : 6.134e+01
last Poisson  : 14.679 s
last Quantum  : 0.074 s
-5.883456639480865e-06 2.3180393269533193e-06
Iteration counts: [0, 0, 10]

--- Iteration 10 ---
Qprime size   : 158
max |ΔU|      : 1.808e-05
max |ΔU| norm  : 1.362e-04
max |Δn|      : 3.363e-04
max |Δn| norm  : 6.746e-04
max |ΔILDOS|  : 4.421e+01
last Poisson  : 14.743 s
last Quantum  : 0.076 s
-3.6263689079893172e-06 1.4981822257900186e-06
Iteration counts: [0, 0, 11]

--- Iteration 11 ---
Qprime size   : 158
max |ΔU|      : 1.324e-05
max |ΔU| norm  : 7.538e-05
max |Δn|      : 3.892e-04
max |Δn| norm  : 6.705e-04
max |ΔILDOS|  : 2.434e+01
last Poisson  : 14.688 s
last Quantum  : 0.074 s
-1.11898646518716e-06 -1.2446195546596888e-07
Iteration counts: [0, 0, 12]

--- Iteration 12 ---
Qprime size   : 158
max |ΔU|      : 3.671e-05
max |ΔU| norm  : 8.989e-05
max |Δn|      : 1.014e-03
max |Δn| norm  : 1.212e-03
max |ΔILDOS|  : 2.624e+01
last Poisson  : 14.707 s
last Quantum  : 0.074 s
-2.0924659497495157e-06 1.1399008778345597e-06
Iteration counts: [0, 0, 13]

--- Iteration 13 ---
Qprime size   : 158
max |ΔU|      : 3.081e-05
max |ΔU| norm  : 6.151e-05
max |Δn|      : 8.831e-04
max |Δn| norm  : 1.084e-03
max |ΔILDOS|  : 2.200e+01
last Poisson  : 14.692 s
last Quantum  : 0.074 s
-8.873302847486934e-07 1.526034882289991e-07
Iteration counts: [0, 0, 14]

--- Iteration 14 ---
Qprime size   : 158
max |ΔU|      : 1.331e-05
max |ΔU| norm  : 3.830e-05
max |Δn|      : 3.718e-04
max |Δn| norm  : 5.001e-04
max |ΔILDOS|  : 2.063e+01
last Poisson  : 14.690 s
last Quantum  : 0.075 s
-4.7049571754475967e-07 2.64474473896147e-07
Iteration counts: [0, 0, 15]

--- Iteration 15 ---
Qprime size   : 158
max |ΔU|      : 1.188e-05
max |ΔU| norm  : 2.775e-05
max |Δn|      : 3.790e-04
max |Δn| norm  : 5.242e-04
max |ΔILDOS|  : 1.672e+01
last Poisson  : 14.714 s
last Quantum  : 0.075 s
4.4531017988669783e-07 -6.50583175333025e-07
Iteration counts: [0, 0, 16]

--- Iteration 16 ---
Qprime size   : 158
max |ΔU|      : 3.066e-05
max |ΔU| norm  : 6.193e-05
max |Δn|      : 8.516e-04
max |Δn| norm  : 1.036e-03
max |ΔILDOS|  : 2.056e+01
last Poisson  : 14.728 s
last Quantum  : 0.075 s
-7.872364365158831e-07 5.852742421947158e-07
Iteration counts: [0, 0, 17]

--- Iteration 17 ---
Qprime size   : 158
max |ΔU|      : 2.779e-05
max |ΔU| norm  : 5.307e-05
max |Δn|      : 7.872e-04
max |Δn| norm  : 9.757e-04
max |ΔILDOS|  : 1.933e+01
last Poisson  : 14.685 s
last Quantum  : 0.074 s
-6.329428736758761e-08 -1.8421809693594578e-07
Iteration counts: [0, 0, 18]

--- Iteration 18 ---
Qprime size   : 158
max |ΔU|      : 1.271e-05
max |ΔU| norm  : 3.295e-05
max |Δn|      : 3.782e-04
max |Δn| norm  : 5.667e-04
max |ΔILDOS|  : 1.917e+01
last Poisson  : 14.708 s
last Quantum  : 0.076 s
-2.129829486393961e-07 2.5211636018947364e-07
Iteration counts: [0, 0, 19]

--- Iteration 19 ---
Qprime size   : 158
max |ΔU|      : 1.543e-05
max |ΔU| norm  : 3.543e-05
max |Δn|      : 4.253e-04
max |Δn| norm  : 6.360e-04
max |ΔILDOS|  : 1.829e+01
last Poisson  : 14.696 s
last Quantum  : 0.073 s
1.0195222201538998e-06 -9.436670535479877e-07
Iteration counts: [0, 0, 20]

--- Iteration 20 ---
Qprime size   : 158
max |ΔU|      : 3.894e-05
max |ΔU| norm  : 7.426e-05
max |Δn|      : 1.086e-03
max |Δn| norm  : 1.278e-03
max |ΔILDOS|  : 2.629e+01
last Poisson  : 14.721 s
last Quantum  : 0.074 s
-8.698121507259447e-07 7.367141642290773e-07
Iteration counts: [0, 0, 21]

--- Iteration 21 ---
Qprime size   : 158
max |ΔU|      : 3.442e-05
max |ΔU| norm  : 6.552e-05
max |Δn|      : 9.721e-04
max |Δn| norm  : 1.169e-03
max |ΔILDOS|  : 2.393e+01
last Poisson  : 14.692 s
last Quantum  : 0.074 s
-5.232479868040615e-08 -1.2661534716676743e-07
Iteration counts: [0, 0, 22]

--- Iteration 22 ---
Qprime size   : 158
max |ΔU|      : 1.260e-05
max |ΔU| norm  : 3.100e-05
max |Δn|      : 3.790e-04
max |Δn| norm  : 5.444e-04
max |ΔILDOS|  : 1.890e+01
last Poisson  : 14.760 s
last Quantum  : 0.076 s
-1.1207713655249617e-07 2.3056172953911876e-07
Iteration counts: [0, 0, 23]

--- Iteration 23 ---
Qprime size   : 158
max |ΔU|      : 1.435e-05
max |ΔU| norm  : 3.524e-05
max |Δn|      : 3.900e-04
max |Δn| norm  : 6.107e-04
max |ΔILDOS|  : 1.860e+01
last Poisson  : 14.778 s
last Quantum  : 0.074 s
1.0047328344748428e-06 -8.962681930131224e-07
Iteration counts: [0, 0, 24]

--- Iteration 24 ---
Qprime size   : 158
max |ΔU|      : 3.864e-05
max |ΔU| norm  : 7.336e-05
max |Δn|      : 1.079e-03
max |Δn| norm  : 1.271e-03
max |ΔILDOS|  : 2.609e+01
last Poisson  : 14.728 s
last Quantum  : 0.074 s
-8.348156443168215e-07 7.319500662592427e-07
Iteration counts: [0, 0, 25]

--- Iteration 25 ---
Qprime size   : 158
max |ΔU|      : 3.438e-05
max |ΔU| norm  : 6.586e-05
max |Δn|      : 9.696e-04
max |Δn| norm  : 1.167e-03
max |ΔILDOS|  : 2.391e+01
last Poisson  : 14.689 s
last Quantum  : 0.074 s
-5.866242874405846e-08 -1.0120052389265958e-07
Iteration counts: [0, 0, 26]

--- Iteration 26 ---
Qprime size   : 158
max |ΔU|      : 1.258e-05
max |ΔU| norm  : 3.099e-05
max |Δn|      : 3.791e-04
max |Δn| norm  : 5.465e-04
max |ΔILDOS|  : 1.884e+01
last Poisson  : 14.729 s
last Quantum  : 0.075 s
-1.0370962768231143e-07 2.313457634526748e-07
Iteration counts: [0, 0, 27]

--- Iteration 27 ---
Qprime size   : 158
max |ΔU|      : 1.451e-05
max |ΔU| norm  : 3.575e-05
max |Δn|      : 3.942e-04
max |Δn| norm  : 6.147e-04
max |ΔILDOS|  : 1.866e+01
last Poisson  : 14.689 s
last Quantum  : 0.074 s
1.001833696993129e-06 -8.814011836040856e-07
Iteration counts: [0, 0, 28]

--- Iteration 28 ---
Qprime size   : 158
max |ΔU|      : 3.874e-05
max |ΔU| norm  : 7.346e-05
max |Δn|      : 1.082e-03
max |Δn| norm  : 1.275e-03
max |ΔILDOS|  : 2.615e+01
last Poisson  : 14.716 s
last Quantum  : 0.076 s
-8.32077126434928e-07 7.309576634935049e-07
Iteration counts: [0, 0, 29]

--- Iteration 29 ---
Qprime size   : 158
max |ΔU|      : 3.450e-05
max |ΔU| norm  : 6.619e-05
max |Δn|      : 9.726e-04
max |Δn| norm  : 1.171e-03
max |ΔILDOS|  : 2.400e+01
last Poisson  : 14.685 s
last Quantum  : 0.074 s
-5.983022522701897e-08 -9.249336102386634e-08
Iteration counts: [0, 0, 30]

--- Iteration 30 ---
Qprime size   : 158
max |ΔU|      : 1.258e-05
max |ΔU| norm  : 3.122e-05
max |Δn|      : 3.791e-04
max |Δn| norm  : 5.497e-04
max |ΔILDOS|  : 1.884e+01
last Poisson  : 14.702 s
last Quantum  : 0.074 s
-1.0421367065756842e-07 2.3063108852107153e-07
FSC converged / stopped.
✔ Logged phi=0.1156, Vbg=2.1667

=== Running phi=0.1156, Vbg=2.3333 ===
🔄 Full Hamiltonian rebuild (qparams change)
The poisson problem has been initialized.
Iteration counts: [0, 0, 0]

--- Iteration 0 ---
Qprime size   : 134
max |ΔU|      : 5.596e-14
max |ΔU| norm  : 2.462e-12
max |Δn|      : 2.409e-13
max |Δn| norm  : 1.462e-12
0.00011533649919090035 -0.00025315885661569734
Iteration counts: [0, 0, 1]

--- Iteration 1 ---
Qprime size   : 134
max |ΔU|      : 7.188e-04
max |ΔU| norm  : 7.602e-03
max |Δn|      : 5.737e-03
max |Δn| norm  : 1.761e-02
max |ΔILDOS|  : 5.566e+02
last Poisson  : 12.121 s
last Quantum  : 0.069 s
-0.00024240283896713542 5.022345724088833e-05
Iteration counts: [0, 0, 2]

--- Iteration 2 ---
Qprime size   : 134
max |ΔU|      : 3.955e-04
max |ΔU| norm  : 4.306e-03
max |Δn|      : 4.645e-03
max |Δn| norm  : 1.863e-02
max |ΔILDOS|  : 5.095e+02
last Poisson  : 12.126 s
last Quantum  : 0.064 s
-0.00014592091418142412 3.2769782277865835e-05
Iteration counts: [0, 0, 3]

--- Iteration 3 ---
Qprime size   : 134
max |ΔU|      : 2.445e-04
max |ΔU| norm  : 2.701e-03
max |Δn|      : 2.262e-03
max |Δn| norm  : 1.033e-02
max |ΔILDOS|  : 4.811e+02
last Poisson  : 12.117 s
last Quantum  : 0.069 s
-8.323007674238785e-05 2.172392983257949e-05
Iteration counts: [0, 0, 4]

--- Iteration 4 ---
Qprime size   : 134
max |ΔU|      : 1.472e-04
max |ΔU| norm  : 1.550e-03
max |Δn|      : 1.074e-03
max |Δn| norm  : 5.387e-03
max |ΔILDOS|  : 3.906e+02
last Poisson  : 12.100 s
last Quantum  : 0.062 s
-4.6965613989477806e-05 1.2474118163592434e-05
Iteration counts: [0, 0, 5]

--- Iteration 5 ---
Qprime size   : 134
max |ΔU|      : 8.559e-05
max |ΔU| norm  : 8.814e-04
max |Δn|      : 7.320e-04
max |Δn| norm  : 3.374e-03
max |ΔILDOS|  : 2.937e+02
last Poisson  : 12.093 s
last Quantum  : 0.071 s
-2.9750250808001495e-05 1.0220201830382441e-05
Iteration counts: [0, 0, 6]

--- Iteration 6 ---
Qprime size   : 134
max |ΔU|      : 5.484e-05
max |ΔU| norm  : 5.474e-04
max |Δn|      : 5.382e-04
max |Δn| norm  : 2.131e-03
max |ΔILDOS|  : 1.789e+02
last Poisson  : 12.090 s
last Quantum  : 0.070 s
-1.9719334966761982e-05 8.736026715930342e-06
Iteration counts: [0, 0, 7]

--- Iteration 7 ---
Qprime size   : 134
max |ΔU|      : 3.483e-05
max |ΔU| norm  : 3.464e-04
max |Δn|      : 2.903e-04
max |Δn| norm  : 1.390e-03
max |ΔILDOS|  : 1.137e+02
last Poisson  : 12.098 s
last Quantum  : 0.069 s
-1.2775262884764454e-05 5.976875589964756e-06
Iteration counts: [0, 0, 8]

--- Iteration 8 ---
Qprime size   : 134
max |ΔU|      : 2.203e-05
max |ΔU| norm  : 2.257e-04
max |Δn|      : 1.959e-04
max |Δn| norm  : 8.857e-04
max |ΔILDOS|  : 7.530e+01
last Poisson  : 12.096 s
last Quantum  : 0.068 s
-7.618669028469408e-06 3.47928852883031e-06
Iteration counts: [0, 0, 9]

--- Iteration 9 ---
Qprime size   : 134
max |ΔU|      : 1.411e-05
max |ΔU| norm  : 1.364e-04
max |Δn|      : 1.548e-04
max |Δn| norm  : 5.994e-04
max |ΔILDOS|  : 4.540e+01
last Poisson  : 12.102 s
last Quantum  : 0.069 s
-4.970666419169185e-06 2.225609918125058e-06
Iteration counts: [0, 0, 10]

--- Iteration 10 ---
Qprime size   : 134
max |ΔU|      : 1.082e-05
max |ΔU| norm  : 8.862e-05
max |Δn|      : 1.126e-04
max |Δn| norm  : 4.129e-04
max |ΔILDOS|  : 3.457e+01
last Poisson  : 12.085 s
last Quantum  : 0.070 s
-2.8495334184304307e-06 1.200476791812592e-06
Iteration counts: [0, 0, 11]

--- Iteration 11 ---
Qprime size   : 134
max |ΔU|      : 6.025e-06
max |ΔU| norm  : 5.226e-05
max |Δn|      : 1.610e-04
max |Δn| norm  : 3.096e-04
max |ΔILDOS|  : 1.974e+01
last Poisson  : 12.099 s
last Quantum  : 0.063 s
-2.0625021164921873e-06 8.87381799778994e-07
Iteration counts: [0, 0, 12]

--- Iteration 12 ---
Qprime size   : 134
max |ΔU|      : 7.596e-06
max |ΔU| norm  : 3.774e-05
max |Δn|      : 1.417e-04
max |Δn| norm  : 2.553e-04
max |ΔILDOS|  : 1.822e+01
last Poisson  : 12.130 s
last Quantum  : 0.067 s
-1.1934900373112137e-06 4.916255088813523e-07
Iteration counts: [0, 0, 13]

--- Iteration 13 ---
Qprime size   : 134
max |ΔU|      : 4.187e-06
max |ΔU| norm  : 2.334e-05
max |Δn|      : 1.551e-04
max |Δn| norm  : 2.271e-04
max |ΔILDOS|  : 9.043e+00
last Poisson  : 12.102 s
last Quantum  : 0.067 s
-7.673421622515998e-07 2.8048273854730723e-07
Iteration counts: [0, 0, 14]

--- Iteration 14 ---
Qprime size   : 134
max |ΔU|      : 5.691e-06
max |ΔU| norm  : 1.712e-05
max |Δn|      : 1.390e-04
max |Δn| norm  : 2.153e-04
max |ΔILDOS|  : 1.039e+01
last Poisson  : 12.099 s
last Quantum  : 0.067 s
-4.056591262665705e-07 1.3660646543621862e-07
Iteration counts: [0, 0, 15]

--- Iteration 15 ---
Qprime size   : 134
max |ΔU|      : 3.978e-06
max |ΔU| norm  : 1.094e-05
max |Δn|      : 1.481e-04
max |Δn| norm  : 2.066e-04
max |ΔILDOS|  : 7.313e+00
last Poisson  : 12.102 s
last Quantum  : 0.067 s
-3.577425613518462e-07 1.3054475393945397e-07
Iteration counts: [0, 0, 16]

--- Iteration 16 ---
Qprime size   : 134
max |ΔU|      : 5.179e-06
max |ΔU| norm  : 1.124e-05
max |Δn|      : 1.448e-04
max |Δn| norm  : 2.080e-04
max |ΔILDOS|  : 9.504e+00
last Poisson  : 12.090 s
last Quantum  : 0.067 s
-1.361792239783102e-07 4.267379385451851e-08
Iteration counts: [0, 0, 17]

--- Iteration 17 ---
Qprime size   : 134
max |ΔU|      : 4.445e-06
max |ΔU| norm  : 8.720e-06
max |Δn|      : 1.482e-04
max |Δn| norm  : 2.062e-04
max |ΔILDOS|  : 8.191e+00
last Poisson  : 12.141 s
last Quantum  : 0.068 s
-2.0047011364278224e-07 8.126727616392437e-08
Iteration counts: [0, 0, 18]

--- Iteration 18 ---
Qprime size   : 134
max |ΔU|      : 4.964e-06
max |ΔU| norm  : 9.586e-06
max |Δn|      : 1.470e-04
max |Δn| norm  : 2.076e-04
max |ΔILDOS|  : 9.152e+00
last Poisson  : 12.093 s
last Quantum  : 0.067 s
-2.6924950807078117e-08 8.788777851502761e-10
Iteration counts: [0, 0, 19]

--- Iteration 19 ---
Qprime size   : 134
max |ΔU|      : 4.605e-06
max |ΔU| norm  : 8.586e-06
max |Δn|      : 1.478e-04
max |Δn| norm  : 2.086e-04
max |ΔILDOS|  : 8.491e+00
last Poisson  : 12.097 s
last Quantum  : 0.068 s
-1.0754125002191154e-07 4.332698332307429e-08
Iteration counts: [0, 0, 20]

--- Iteration 20 ---
Qprime size   : 134
max |ΔU|      : 4.799e-06
max |ΔU| norm  : 9.070e-06
max |Δn|      : 1.464e-04
max |Δn| norm  : 2.089e-04
max |ΔILDOS|  : 8.830e+00
last Poisson  : 12.085 s
last Quantum  : 0.067 s
1.2468825345370813e-08 -1.2399067275302694e-08
Iteration counts: [0, 0, 21]

--- Iteration 21 ---
Qprime size   : 134
max |ΔU|      : 4.643e-06
max |ΔU| norm  : 8.718e-06
max |Δn|      : 1.467e-04
max |Δn| norm  : 2.103e-04
max |ΔILDOS|  : 8.544e+00
last Poisson  : 12.094 s
last Quantum  : 0.067 s
-6.758065619265934e-08 2.757784769178542e-08
Iteration counts: [0, 0, 22]

--- Iteration 22 ---
Qprime size   : 134
max |ΔU|      : 4.735e-06
max |ΔU| norm  : 8.976e-06
max |Δn|      : 1.464e-04
max |Δn| norm  : 2.107e-04
max |ΔILDOS|  : 8.700e+00
last Poisson  : 12.094 s
last Quantum  : 0.069 s
2.786996575674188e-08 -1.6436711855342596e-08
Iteration counts: [0, 0, 23]

--- Iteration 23 ---
Qprime size   : 134
max |ΔU|      : 4.669e-06
max |ΔU| norm  : 8.824e-06
max |Δn|      : 1.465e-04
max |Δn| norm  : 2.114e-04
max |ΔILDOS|  : 8.584e+00
last Poisson  : 12.101 s
last Quantum  : 0.068 s
-5.047189412540149e-08 2.1368659856003908e-08
Iteration counts: [0, 0, 24]

--- Iteration 24 ---
Qprime size   : 134
max |ΔU|      : 4.707e-06
max |ΔU| norm  : 8.950e-06
max |Δn|      : 1.464e-04
max |Δn| norm  : 2.116e-04
max |ΔILDOS|  : 8.643e+00
last Poisson  : 12.082 s
last Quantum  : 0.067 s
3.388747192923897e-08 -1.7512237918083346e-08
Iteration counts: [0, 0, 25]

--- Iteration 25 ---
Qprime size   : 134
max |ΔU|      : 4.679e-06
max |ΔU| norm  : 8.878e-06
max |Δn|      : 1.464e-04
max |Δn| norm  : 2.119e-04
max |ΔILDOS|  : 8.598e+00
last Poisson  : 12.147 s
last Quantum  : 0.068 s
-4.2510960019654125e-08 1.8444499014332883e-08
Iteration counts: [0, 0, 26]

--- Iteration 26 ---
Qprime size   : 134
max |ΔU|      : 4.694e-06
max |ΔU| norm  : 8.941e-06
max |Δn|      : 1.463e-04
max |Δn| norm  : 2.120e-04
max |ΔILDOS|  : 8.617e+00
last Poisson  : 12.097 s
last Quantum  : 0.068 s
3.591159559142729e-08 -1.7455457344747627e-08
Iteration counts: [0, 0, 27]

--- Iteration 27 ---
Qprime size   : 134
max |ΔU|      : 4.683e-06
max |ΔU| norm  : 8.906e-06
max |Δn|      : 1.464e-04
max |Δn| norm  : 2.121e-04
max |ΔILDOS|  : 8.600e+00
last Poisson  : 12.099 s
last Quantum  : 0.068 s
-3.929535685532424e-08 1.743901876321288e-08
Iteration counts: [0, 0, 28]

--- Iteration 28 ---
Qprime size   : 134
max |ΔU|      : 4.689e-06
max |ΔU| norm  : 8.936e-06
max |Δn|      : 1.463e-04
max |Δn| norm  : 2.121e-04
max |ΔILDOS|  : 8.607e+00
last Poisson  : 12.104 s
last Quantum  : 0.068 s
3.6637610865475463e-08 -1.7264769287083496e-08
Iteration counts: [0, 0, 29]

--- Iteration 29 ---
Qprime size   : 134
max |ΔU|      : 4.684e-06
max |ΔU| norm  : 8.919e-06
max |Δn|      : 1.463e-04
max |Δn| norm  : 2.122e-04
max |ΔILDOS|  : 8.601e+00
last Poisson  : 12.102 s
last Quantum  : 0.067 s
-3.798188613290003e-08 1.7100754180722125e-08
Iteration counts: [0, 0, 30]

--- Iteration 30 ---
Qprime size   : 134
max |ΔU|      : 4.686e-06
max |ΔU| norm  : 8.934e-06
max |Δn|      : 1.463e-04
max |Δn| norm  : 2.122e-04
max |ΔILDOS|  : 8.603e+00
last Poisson  : 12.092 s
last Quantum  : 0.068 s
3.690000447781469e-08 -1.7119932812662212e-08
FSC converged / stopped.
✔ Logged phi=0.1156, Vbg=2.3333

=== Running phi=0.1156, Vbg=2.5000 ===
🔄 Full Hamiltonian rebuild (qparams change)
The poisson problem has been initialized.
Iteration counts: [0, 0, 0]

--- Iteration 0 ---
Qprime size   : 112
max |ΔU|      : 5.551e-14
max |ΔU| norm  : 1.876e-12
max |Δn|      : 2.501e-13
max |Δn| norm  : 1.697e-12
0.00030547394071652395 -0.000467376761234299
Iteration counts: [0, 0, 1]

--- Iteration 1 ---
Qprime size   : 112
max |ΔU|      : 7.628e-04
max |ΔU| norm  : 1.170e-02
max |Δn|      : 6.931e-03
max |Δn| norm  : 1.914e-02
max |ΔILDOS|  : 5.448e+02
last Poisson  : 12.813 s
last Quantum  : 0.061 s
-2.734521913784552e-05 -0.00016618561326278589
Iteration counts: [0, 0, 2]

--- Iteration 2 ---
Qprime size   : 112
max |ΔU|      : 4.317e-04
max |ΔU| norm  : 5.283e-03
max |Δn|      : 3.819e-03
max |Δn| norm  : 1.878e-02
max |ΔILDOS|  : 5.336e+02
last Poisson  : 12.776 s
last Quantum  : 0.062 s
-2.0940431549307573e-06 -0.00010474250748466183
Iteration counts: [0, 0, 3]

--- Iteration 3 ---
Qprime size   : 112
max |ΔU|      : 2.534e-04
max |ΔU| norm  : 3.184e-03
max |Δn|      : 2.360e-03
max |Δn| norm  : 9.901e-03
max |ΔILDOS|  : 4.535e+02
last Poisson  : 12.777 s
last Quantum  : 0.063 s
-2.1136202113722732e-06 -5.9661214265484516e-05
Iteration counts: [0, 0, 4]

--- Iteration 4 ---
Qprime size   : 112
max |ΔU|      : 1.391e-04
max |ΔU| norm  : 1.704e-03
max |Δn|      : 1.396e-03
max |Δn| norm  : 5.666e-03
max |ΔILDOS|  : 3.287e+02
last Poisson  : 12.783 s
last Quantum  : 0.062 s
-8.51380127612254e-06 -2.7614839796432102e-05
Iteration counts: [0, 0, 5]

--- Iteration 5 ---
Qprime size   : 112
max |ΔU|      : 9.107e-05
max |ΔU| norm  : 9.013e-04
max |Δn|      : 8.430e-04
max |Δn| norm  : 3.546e-03
max |ΔILDOS|  : 2.173e+02
last Poisson  : 12.783 s
last Quantum  : 0.062 s
-6.360464308258657e-06 -1.3445944095928605e-05
Iteration counts: [0, 0, 6]

--- Iteration 6 ---
Qprime size   : 112
max |ΔU|      : 6.425e-05
max |ΔU| norm  : 5.464e-04
max |Δn|      : 6.480e-04
max |Δn| norm  : 2.346e-03
max |ΔILDOS|  : 1.598e+02
last Poisson  : 12.780 s
last Quantum  : 0.061 s
-6.766118614677585e-06 -6.142584740059727e-06
Iteration counts: [0, 0, 7]

--- Iteration 7 ---
Qprime size   : 112
max |ΔU|      : 4.677e-05
max |ΔU| norm  : 3.265e-04
max |Δn|      : 4.878e-04
max |Δn| norm  : 1.563e-03
max |ΔILDOS|  : 1.034e+02
last Poisson  : 12.778 s
last Quantum  : 0.062 s
-5.832426579939011e-06 -2.404072396535895e-06
Iteration counts: [0, 0, 8]

--- Iteration 8 ---
Qprime size   : 112
max |ΔU|      : 3.390e-05
max |ΔU| norm  : 2.068e-04
max |Δn|      : 3.602e-04
max |Δn| norm  : 1.047e-03
max |ΔILDOS|  : 7.690e+01
last Poisson  : 12.782 s
last Quantum  : 0.062 s
-4.364727231402292e-06 -4.4161639765721383e-07
Iteration counts: [0, 0, 9]

--- Iteration 9 ---
Qprime size   : 112
max |ΔU|      : 2.378e-05
max |ΔU| norm  : 1.228e-04
max |Δn|      : 2.545e-04
max |Δn| norm  : 7.719e-04
max |ΔILDOS|  : 4.638e+01
last Poisson  : 12.784 s
last Quantum  : 0.061 s
-3.453896017215213e-06 -1.6676816933702036e-07
Iteration counts: [0, 0, 10]

--- Iteration 10 ---
Qprime size   : 112
max |ΔU|      : 1.506e-05
max |ΔU| norm  : 9.593e-05
max |Δn|      : 2.482e-04
max |Δn| norm  : 5.731e-04
max |ΔILDOS|  : 3.526e+01
last Poisson  : 12.783 s
last Quantum  : 0.062 s
-2.182855483491805e-06 4.2375197737549944e-07
Iteration counts: [0, 0, 11]

--- Iteration 11 ---
Qprime size   : 112
max |ΔU|      : 7.823e-06
max |ΔU| norm  : 4.522e-05
max |Δn|      : 2.748e-04
max |Δn| norm  : 4.691e-04
max |ΔILDOS|  : 1.925e+01
last Poisson  : 12.783 s
last Quantum  : 0.062 s
-1.9324827321742768e-06 5.6862629616933e-07
Iteration counts: [0, 0, 12]

--- Iteration 12 ---
Qprime size   : 112
max |ΔU|      : 8.266e-06
max |ΔU| norm  : 5.338e-05
max |Δn|      : 1.854e-04
max |Δn| norm  : 3.711e-04
max |ΔILDOS|  : 1.726e+01
last Poisson  : 12.821 s
last Quantum  : 0.057 s
-8.983308914558732e-07 2.4110678341566903e-07
Iteration counts: [0, 0, 13]

--- Iteration 13 ---
Qprime size   : 112
max |ΔU|      : 8.461e-06
max |ΔU| norm  : 2.607e-05
max |Δn|      : 2.223e-04
max |Δn| norm  : 3.688e-04
max |ΔILDOS|  : 1.009e+01
last Poisson  : 12.816 s
last Quantum  : 0.057 s
-1.0210959884562417e-06 2.5003636671674555e-07
Iteration counts: [0, 0, 14]

--- Iteration 14 ---
Qprime size   : 112
max |ΔU|      : 9.299e-06
max |ΔU| norm  : 4.065e-05
max |Δn|      : 2.549e-04
max |Δn| norm  : 3.845e-04
max |ΔILDOS|  : 1.819e+01
last Poisson  : 12.785 s
last Quantum  : 0.061 s
-2.6341910459342365e-07 1.3137615298926322e-07
Iteration counts: [0, 0, 15]

--- Iteration 15 ---
Qprime size   : 112
max |ΔU|      : 9.344e-06
max |ΔU| norm  : 2.542e-05
max |Δn|      : 2.518e-04
max |Δn| norm  : 3.800e-04
max |ΔILDOS|  : 1.406e+01
last Poisson  : 12.829 s
last Quantum  : 0.062 s
-4.5157797095171777e-07 -8.783368437305247e-09
Iteration counts: [0, 0, 16]

--- Iteration 16 ---
Qprime size   : 112
max |ΔU|      : 9.599e-06
max |ΔU| norm  : 3.286e-05
max |Δn|      : 2.037e-04
max |Δn| norm  : 3.374e-04
max |ΔILDOS|  : 1.304e+01
last Poisson  : 12.787 s
last Quantum  : 0.062 s
-7.581646105134571e-08 1.5089180520539573e-07
Iteration counts: [0, 0, 17]

--- Iteration 17 ---
Qprime size   : 112
max |ΔU|      : 9.489e-06
max |ΔU| norm  : 2.583e-05
max |Δn|      : 2.203e-04
max |Δn| norm  : 3.488e-04
max |ΔILDOS|  : 1.233e+01
last Poisson  : 12.817 s
last Quantum  : 0.064 s
-3.361183522550482e-07 -6.89030980692924e-08
Iteration counts: [0, 0, 18]

--- Iteration 18 ---
Qprime size   : 112
max |ΔU|      : 9.667e-06
max |ΔU| norm  : 3.160e-05
max |Δn|      : 2.514e-04
max |Δn| norm  : 3.709e-04
max |ΔILDOS|  : 1.549e+01
last Poisson  : 12.787 s
last Quantum  : 0.061 s
5.562570671035612e-08 1.661593476814211e-07
Iteration counts: [0, 0, 19]

--- Iteration 19 ---
Qprime size   : 112
max |ΔU|      : 9.610e-06
max |ΔU| norm  : 2.799e-05
max |Δn|      : 2.439e-04
max |Δn| norm  : 3.673e-04
max |ΔILDOS|  : 1.420e+01
last Poisson  : 12.777 s
last Quantum  : 0.062 s
-1.342071929347429e-07 -2.0459740829461687e-07
Iteration counts: [0, 0, 20]

--- Iteration 20 ---
Qprime size   : 112
max |ΔU|      : 9.683e-06
max |ΔU| norm  : 2.983e-05
max |Δn|      : 2.157e-04
max |Δn| norm  : 3.436e-04
max |ΔILDOS|  : 1.293e+01
last Poisson  : 12.782 s
last Quantum  : 0.062 s
3.553820400770353e-08 2.359991933378078e-07
Iteration counts: [0, 0, 21]

--- Iteration 21 ---
Qprime size   : 112
max |ΔU|      : 9.659e-06
max |ΔU| norm  : 2.876e-05
max |Δn|      : 2.244e-04
max |Δn| norm  : 3.505e-04
max |ΔILDOS|  : 1.314e+01
last Poisson  : 12.785 s
last Quantum  : 0.061 s
-1.2971463395668834e-07 -2.2517987891015322e-07
Iteration counts: [0, 0, 22]

--- Iteration 22 ---
Qprime size   : 112
max |ΔU|      : 9.686e-06
max |ΔU| norm  : 3.035e-05
max |Δn|      : 2.451e-04
max |Δn| norm  : 3.662e-04
max |ΔILDOS|  : 1.465e+01
last Poisson  : 12.783 s
last Quantum  : 0.061 s
5.05963057350018e-08 2.633159454175695e-07
Iteration counts: [0, 0, 23]

--- Iteration 23 ---
Qprime size   : 112
max |ΔU|      : 9.673e-06
max |ΔU| norm  : 2.976e-05
max |Δn|      : 2.397e-04
max |Δn| norm  : 3.629e-04
max |ΔILDOS|  : 1.412e+01
last Poisson  : 12.782 s
last Quantum  : 0.061 s
-3.8925481241804114e-08 -2.9474273208321957e-07
Iteration counts: [0, 0, 24]

--- Iteration 24 ---
Qprime size   : 112
max |ΔU|      : 9.678e-06
max |ΔU| norm  : 2.998e-05
max |Δn|      : 2.226e-04
max |Δn| norm  : 3.484e-04
max |ΔILDOS|  : 1.315e+01
last Poisson  : 12.808 s
last Quantum  : 0.061 s
2.366840629015986e-08 3.003294702504153e-07
Iteration counts: [0, 0, 25]

--- Iteration 25 ---
Qprime size   : 112
max |ΔU|      : 9.671e-06
max |ΔU| norm  : 2.992e-05
max |Δn|      : 2.276e-04
max |Δn| norm  : 3.521e-04
max |ΔILDOS|  : 1.339e+01
last Poisson  : 12.779 s
last Quantum  : 0.061 s
-5.7899623223134284e-08 -2.9344406788039233e-07
Iteration counts: [0, 0, 26]

--- Iteration 26 ---
Qprime size   : 112
max |ΔU|      : 9.672e-06
max |ΔU| norm  : 3.047e-05
max |Δn|      : 2.407e-04
max |Δn| norm  : 3.622e-04
max |ΔILDOS|  : 1.425e+01
last Poisson  : 12.779 s
last Quantum  : 0.061 s
3.168589364923994e-08 3.0878744262548374e-07
Iteration counts: [0, 0, 27]

--- Iteration 27 ---
Qprime size   : 112
max |ΔU|      : 9.669e-06
max |ΔU| norm  : 3.036e-05
max |Δn|      : 2.371e-04
max |Δn| norm  : 3.599e-04
max |ΔILDOS|  : 1.398e+01
last Poisson  : 12.775 s
last Quantum  : 0.062 s
-1.4587200184656552e-08 -3.2620389164131837e-07
Iteration counts: [0, 0, 28]

--- Iteration 28 ---
Qprime size   : 112
max |ΔU|      : 9.669e-06
max |ΔU| norm  : 3.030e-05
max |Δn|      : 2.266e-04
max |Δn| norm  : 3.513e-04
max |ΔILDOS|  : 1.335e+01
last Poisson  : 12.785 s
last Quantum  : 0.062 s
1.6010556590909167e-08 3.2545600692097095e-07
Iteration counts: [0, 0, 29]

--- Iteration 29 ---
Qprime size   : 112
max |ΔU|      : 9.668e-06
max |ΔU| norm  : 3.036e-05
max |Δn|      : 2.296e-04
max |Δn| norm  : 3.534e-04
max |ΔILDOS|  : 1.352e+01
last Poisson  : 12.780 s
last Quantum  : 0.061 s
-3.3021827061450325e-08 -3.1958264167113274e-07
Iteration counts: [0, 0, 30]

--- Iteration 30 ---
Qprime size   : 112
max |ΔU|      : 9.668e-06
max |ΔU| norm  : 3.060e-05
max |Δn|      : 2.378e-04
max |Δn| norm  : 3.599e-04
max |ΔILDOS|  : 1.404e+01
last Poisson  : 12.783 s
last Quantum  : 0.061 s
2.2057746937150357e-08 3.2682628043878464e-07
FSC converged / stopped.
✔ Logged phi=0.1156, Vbg=2.5000

=== Running phi=0.1200, Vbg=1.0000 ===
🔄 Full Hamiltonian rebuild (qparams change)
The poisson problem has been initialized.
Iteration counts: [0, 0, 0]

--- Iteration 0 ---
Qprime size   : 112
-0.0022095611030939514 0.00191251152616872
Iteration counts: [0, 1, 0]

--- Iteration 1 ---
Qprime size   : 112
max |ΔU|      : 1.726e-03
max |ΔU| norm  : 4.109e-02
max |Δn|      : 4.336e-03
max |Δn| norm  : 2.288e-02
last Poisson  : 12.808 s
-0.001767619017243581 0.0015313961873622318
Iteration counts: [0, 1, 1]

--- Iteration 2 ---
Qprime size   : 112
max |ΔU|      : 1.380e-03
max |ΔU| norm  : 3.292e-02
max |Δn|      : 3.441e-03
max |Δn| norm  : 1.813e-02
max |ΔILDOS|  : 5.577e+02
last Poisson  : 12.811 s
last Quantum  : 0.062 s
-0.000624938229859182 0.0004346846950504141
Iteration counts: [0, 1, 2]

--- Iteration 3 ---
Qprime size   : 112
max |ΔU|      : 6.245e-04
max |ΔU| norm  : 9.704e-03
max |Δn|      : 4.269e-03
max |Δn| norm  : 1.468e-02
max |ΔILDOS|  : 5.722e+02
last Poisson  : 12.771 s
last Quantum  : 0.061 s
-0.0003684734550220514 0.0002666708161543658
Iteration counts: [0, 1, 3]

--- Iteration 4 ---
Qprime size   : 112
max |ΔU|      : 3.683e-04
max |ΔU| norm  : 5.755e-03
max |Δn|      : 2.468e-03
max |Δn| norm  : 8.784e-03
max |ΔILDOS|  : 5.705e+02
last Poisson  : 12.777 s
last Quantum  : 0.061 s
-0.0002145906806385806 0.000155887382626583
Iteration counts: [0, 1, 4]

--- Iteration 5 ---
Qprime size   : 112
max |ΔU|      : 2.168e-04
max |ΔU| norm  : 3.372e-03
max |Δn|      : 1.828e-03
max |Δn| norm  : 5.619e-03
max |ΔILDOS|  : 5.287e+02
last Poisson  : 12.782 s
last Quantum  : 0.066 s
-0.0001296659081375143 9.345792982465389e-05
Iteration counts: [0, 1, 5]

--- Iteration 6 ---
Qprime size   : 112
max |ΔU|      : 1.284e-04
max |ΔU| norm  : 2.038e-03
max |Δn|      : 1.039e-03
max |Δn| norm  : 3.665e-03
max |ΔILDOS|  : 4.009e+02
last Poisson  : 12.771 s
last Quantum  : 0.062 s
-7.548842164502836e-05 5.6339316445797724e-05
Iteration counts: [0, 1, 6]

--- Iteration 7 ---
Qprime size   : 112
max |ΔU|      : 7.838e-05
max |ΔU| norm  : 1.244e-03
max |Δn|      : 6.846e-04
max |Δn| norm  : 2.221e-03
max |ΔILDOS|  : 2.955e+02
last Poisson  : 12.772 s
last Quantum  : 0.061 s
-4.9257839013435855e-05 3.573285693415491e-05
Iteration counts: [0, 1, 7]

--- Iteration 8 ---
Qprime size   : 112
max |ΔU|      : 4.815e-05
max |ΔU| norm  : 7.983e-04
max |Δn|      : 4.678e-04
max |Δn| norm  : 1.517e-03
max |ΔILDOS|  : 1.831e+02
last Poisson  : 12.775 s
last Quantum  : 0.061 s
-2.7889915494966637e-05 2.0616518414319425e-05
Iteration counts: [0, 1, 8]

--- Iteration 9 ---
Qprime size   : 112
max |ΔU|      : 3.003e-05
max |ΔU| norm  : 4.707e-04
max |Δn|      : 3.486e-04
max |Δn| norm  : 1.131e-03
max |ΔILDOS|  : 1.171e+02
last Poisson  : 12.774 s
last Quantum  : 0.061 s
-1.7556075068751314e-05 1.2029929151910974e-05
Iteration counts: [0, 1, 9]

--- Iteration 10 ---
Qprime size   : 112
max |ΔU|      : 1.958e-05
max |ΔU| norm  : 2.750e-04
max |Δn|      : 4.736e-04
max |Δn| norm  : 1.097e-03
max |ΔILDOS|  : 6.865e+01
last Poisson  : 12.775 s
last Quantum  : 0.061 s
-1.0889959596958464e-05 7.791246450285928e-06
Iteration counts: [0, 1, 10]

--- Iteration 11 ---
Qprime size   : 112
max |ΔU|      : 2.352e-05
max |ΔU| norm  : 1.970e-04
max |Δn|      : 5.557e-04
max |Δn| norm  : 1.127e-03
max |ΔILDOS|  : 4.747e+01
last Poisson  : 12.776 s
last Quantum  : 0.061 s
-4.879203624747581e-06 3.086240644528401e-06
Iteration counts: [0, 1, 11]

--- Iteration 12 ---
Qprime size   : 112
max |ΔU|      : 2.801e-05
max |ΔU| norm  : 1.071e-04
max |Δn|      : 9.120e-04
max |Δn| norm  : 1.348e-03
max |ΔILDOS|  : 5.446e+01
last Poisson  : 12.770 s
last Quantum  : 0.060 s
-5.834510359523424e-06 3.8008515079388435e-06
Iteration counts: [0, 1, 12]

--- Iteration 13 ---
Qprime size   : 112
max |ΔU|      : 5.330e-05
max |ΔU| norm  : 1.512e-04
max |Δn|      : 1.471e-03
max |Δn| norm  : 1.830e-03
max |ΔILDOS|  : 1.019e+02
last Poisson  : 12.771 s
last Quantum  : 0.061 s
-9.008428556795495e-07 4.561231847662756e-07
Iteration counts: [0, 1, 13]

--- Iteration 14 ---
Qprime size   : 112
max |ΔU|      : 4.153e-05
max |ΔU| norm  : 9.585e-05
max |Δn|      : 1.270e-03
max |Δn| norm  : 1.645e-03
max |ΔILDOS|  : 7.395e+01
last Poisson  : 12.770 s
last Quantum  : 0.060 s
-1.3620627457658382e-06 1.1490083765467412e-06
Iteration counts: [0, 1, 14]

--- Iteration 15 ---
Qprime size   : 112
max |ΔU|      : 2.163e-05
max |ΔU| norm  : 6.654e-05
max |Δn|      : 7.368e-04
max |Δn| norm  : 1.152e-03
max |ΔILDOS|  : 3.747e+01
last Poisson  : 12.783 s
last Quantum  : 0.061 s
-2.3243550407873444e-07 -1.148844836166626e-07
Iteration counts: [0, 1, 15]

--- Iteration 16 ---
Qprime size   : 112
max |ΔU|      : 2.902e-05
max |ΔU| norm  : 6.977e-05
max |Δn|      : 9.564e-04
max |Δn| norm  : 1.318e-03
max |ΔILDOS|  : 5.404e+01
last Poisson  : 12.777 s
last Quantum  : 0.060 s
-2.3269523173930246e-06 1.6189262549641073e-06
Iteration counts: [0, 1, 16]

--- Iteration 17 ---
Qprime size   : 112
max |ΔU|      : 5.034e-05
max |ΔU| norm  : 1.182e-04
max |Δn|      : 1.512e-03
max |Δn| norm  : 1.850e-03
max |ΔILDOS|  : 9.559e+01
last Poisson  : 12.775 s
last Quantum  : 0.061 s
8.926021384659022e-07 -9.119139532430464e-07
Iteration counts: [0, 1, 17]

--- Iteration 18 ---
Qprime size   : 112
max |ΔU|      : 4.203e-05
max |ΔU| norm  : 1.016e-04
max |Δn|      : 1.303e-03
max |Δn| norm  : 1.661e-03
max |ΔILDOS|  : 7.631e+01
last Poisson  : 12.778 s
last Quantum  : 0.061 s
-3.178525330017077e-07 4.992938741738734e-07
Iteration counts: [0, 1, 18]

--- Iteration 19 ---
Qprime size   : 112
max |ΔU|      : 2.161e-05
max |ΔU| norm  : 6.152e-05
max |Δn|      : 7.389e-04
max |Δn| norm  : 1.158e-03
max |ΔILDOS|  : 3.713e+01
last Poisson  : 12.780 s
last Quantum  : 0.061 s
5.766513786125408e-07 -6.429857620018361e-07
Iteration counts: [0, 1, 19]

--- Iteration 20 ---
Qprime size   : 112
max |ΔU|      : 2.906e-05
max |ΔU| norm  : 7.273e-05
max |Δn|      : 9.407e-04
max |Δn| norm  : 1.310e-03
max |ΔILDOS|  : 5.421e+01
last Poisson  : 12.778 s
last Quantum  : 0.061 s
-1.6589824847004532e-06 1.2505172968605228e-06
Iteration counts: [0, 1, 20]

--- Iteration 21 ---
Qprime size   : 112
max |ΔU|      : 4.885e-05
max |ΔU| norm  : 1.113e-04
max |Δn|      : 1.490e-03
max |Δn| norm  : 1.825e-03
max |ΔILDOS|  : 9.199e+01
last Poisson  : 12.780 s
last Quantum  : 0.061 s
1.0468872238241129e-06 -1.0034914356270517e-06
Iteration counts: [0, 1, 21]

--- Iteration 22 ---
Qprime size   : 112
max |ΔU|      : 4.152e-05
max |ΔU| norm  : 9.903e-05
max |Δn|      : 1.295e-03
max |Δn| norm  : 1.650e-03
max |ΔILDOS|  : 7.520e+01
last Poisson  : 12.770 s
last Quantum  : 0.061 s
-2.3023019730171347e-07 4.648347904362377e-07
Iteration counts: [0, 1, 22]

--- Iteration 23 ---
Qprime size   : 112
max |ΔU|      : 2.200e-05
max |ΔU| norm  : 6.195e-05
max |Δn|      : 7.527e-04
max |Δn| norm  : 1.174e-03
max |ΔILDOS|  : 3.798e+01
last Poisson  : 12.776 s
last Quantum  : 0.060 s
6.804602191010788e-07 -6.895824674412443e-07
Iteration counts: [0, 1, 23]

--- Iteration 24 ---
Qprime size   : 112
max |ΔU|      : 2.922e-05
max |ΔU| norm  : 7.308e-05
max |Δn|      : 9.477e-04
max |Δn| norm  : 1.320e-03
max |ΔILDOS|  : 5.445e+01
last Poisson  : 12.777 s
last Quantum  : 0.061 s
-1.5181867704217716e-06 1.1872938882113162e-06
Iteration counts: [0, 1, 24]

--- Iteration 25 ---
Qprime size   : 112
max |ΔU|      : 4.860e-05
max |ΔU| norm  : 1.099e-04
max |Δn|      : 1.489e-03
max |Δn| norm  : 1.823e-03
max |ΔILDOS|  : 9.128e+01
last Poisson  : 12.772 s
last Quantum  : 0.062 s
1.0350295695853223e-06 -9.879470721947898e-07
Iteration counts: [0, 1, 25]

--- Iteration 26 ---
Qprime size   : 112
max |ΔU|      : 4.140e-05
max |ΔU| norm  : 9.804e-05
max |Δn|      : 1.294e-03
max |Δn| norm  : 1.646e-03
max |ΔILDOS|  : 7.491e+01
last Poisson  : 12.778 s
last Quantum  : 0.061 s
-2.2773200769656976e-07 4.741614054291098e-07
Iteration counts: [0, 1, 26]

--- Iteration 27 ---
Qprime size   : 112
max |ΔU|      : 2.204e-05
max |ΔU| norm  : 6.224e-05
max |Δn|      : 7.540e-04
max |Δn| norm  : 1.177e-03
max |ΔILDOS|  : 3.813e+01
last Poisson  : 12.777 s
last Quantum  : 0.061 s
6.930288189086927e-07 -6.8858278187776e-07
Iteration counts: [0, 1, 27]

--- Iteration 28 ---
Qprime size   : 112
max |ΔU|      : 2.924e-05
max |ΔU| norm  : 7.310e-05
max |Δn|      : 9.487e-04
max |Δn| norm  : 1.322e-03
max |ΔILDOS|  : 5.449e+01
last Poisson  : 12.785 s
last Quantum  : 0.061 s
-1.4957531935600564e-06 1.180601349989014e-06
Iteration counts: [0, 1, 28]

--- Iteration 29 ---
Qprime size   : 112
max |ΔU|      : 4.857e-05
max |ΔU| norm  : 1.098e-04
max |Δn|      : 1.489e-03
max |Δn| norm  : 1.822e-03
max |ΔILDOS|  : 9.120e+01
last Poisson  : 12.778 s
last Quantum  : 0.061 s
1.0299169844297132e-06 -9.804218634302406e-07
Iteration counts: [0, 1, 29]

--- Iteration 30 ---
Qprime size   : 112
max |ΔU|      : 4.138e-05
max |ΔU| norm  : 9.786e-05
max |Δn|      : 1.294e-03
max |Δn| norm  : 1.645e-03
max |ΔILDOS|  : 7.487e+01
last Poisson  : 12.777 s
last Quantum  : 0.061 s
-2.2923111514375588e-07 4.782881452495805e-07
FSC converged / stopped.
✔ Logged phi=0.1200, Vbg=1.0000

=== Running phi=0.1200, Vbg=1.1667 ===
🔄 Full Hamiltonian rebuild (qparams change)
The poisson problem has been initialized.
Iteration counts: [0, 0, 0]

--- Iteration 0 ---
Qprime size   : 112
-0.000616306623026038 0.00042709142634418044
Iteration counts: [0, 1, 0]

--- Iteration 1 ---
Qprime size   : 112
max |ΔU|      : 7.319e-04
max |ΔU| norm  : 9.889e-03
max |Δn|      : 4.072e-03
max |Δn| norm  : 1.481e-02
last Poisson  : 12.837 s
-0.0004913723850894432 0.00034191100019184657
Iteration counts: [0, 1, 1]

--- Iteration 2 ---
Qprime size   : 112
max |ΔU|      : 5.842e-04
max |ΔU| norm  : 7.911e-03
max |Δn|      : 2.746e-03
max |Δn| norm  : 1.138e-02
max |ΔILDOS|  : 5.907e+02
last Poisson  : 12.851 s
last Quantum  : 0.058 s
-0.0013112595509092305 0.0010489305054080054
Iteration counts: [0, 1, 2]

--- Iteration 3 ---
Qprime size   : 112
max |ΔU|      : 1.151e-03
max |ΔU| norm  : 2.247e-02
max |Δn|      : 4.619e-03
max |Δn| norm  : 1.827e-02
max |ΔILDOS|  : 5.476e+02
last Poisson  : 12.800 s
last Quantum  : 0.062 s
-0.0007525350790168856 0.0006079208304206832
Iteration counts: [0, 1, 3]

--- Iteration 4 ---
Qprime size   : 112
max |ΔU|      : 6.685e-04
max |ΔU| norm  : 1.299e-02
max |Δn|      : 2.737e-03
max |Δn| norm  : 1.052e-02
max |ΔILDOS|  : 5.862e+02
last Poisson  : 12.804 s
last Quantum  : 0.061 s
-0.0004447387834598146 0.000361554644046215
Iteration counts: [0, 1, 4]

--- Iteration 5 ---
Qprime size   : 112
max |ΔU|      : 4.012e-04
max |ΔU| norm  : 7.892e-03
max |Δn|      : 1.606e-03
max |Δn| norm  : 6.123e-03
max |ΔILDOS|  : 6.003e+02
last Poisson  : 12.810 s
last Quantum  : 0.061 s
-0.00026097080604472865 0.00021271178396803535
Iteration counts: [0, 1, 5]

--- Iteration 6 ---
Qprime size   : 112
max |ΔU|      : 2.458e-04
max |ΔU| norm  : 4.645e-03
max |Δn|      : 6.583e-04
max |Δn| norm  : 3.701e-03
max |ΔILDOS|  : 5.900e+02
last Poisson  : 12.807 s
last Quantum  : 0.056 s
-0.00015861183467691582 0.00013067473007151187
Iteration counts: [0, 1, 6]

--- Iteration 7 ---
Qprime size   : 112
max |ΔU|      : 1.499e-04
max |ΔU| norm  : 2.831e-03
max |Δn|      : 7.999e-04
max |Δn| norm  : 2.576e-03
max |ΔILDOS|  : 4.891e+02
last Poisson  : 12.799 s
last Quantum  : 0.064 s
-9.796407851181857e-05 8.042714162028086e-05
Iteration counts: [0, 1, 7]

--- Iteration 8 ---
Qprime size   : 112
max |ΔU|      : 9.110e-05
max |ΔU| norm  : 1.784e-03
max |Δn|      : 5.623e-04
max |Δn| norm  : 1.784e-03
max |ΔILDOS|  : 3.459e+02
last Poisson  : 12.794 s
last Quantum  : 0.064 s
-5.792383861170887e-05 4.813081916676722e-05
Iteration counts: [0, 1, 8]

--- Iteration 9 ---
Qprime size   : 112
max |ΔU|      : 5.841e-05
max |ΔU| norm  : 1.041e-03
max |Δn|      : 7.773e-04
max |Δn| norm  : 1.423e-03
max |ΔILDOS|  : 2.481e+02
last Poisson  : 12.802 s
last Quantum  : 0.064 s
-3.6756173962839466e-05 3.0042460756786875e-05
Iteration counts: [0, 1, 9]

--- Iteration 10 ---
Qprime size   : 112
max |ΔU|      : 4.109e-05
max |ΔU| norm  : 6.823e-04
max |Δn|      : 6.025e-04
max |Δn| norm  : 1.073e-03
max |ΔILDOS|  : 1.460e+02
last Poisson  : 12.802 s
last Quantum  : 0.061 s
-2.107493887929019e-05 1.7494105053594454e-05
Iteration counts: [0, 1, 10]

--- Iteration 11 ---
Qprime size   : 112
max |ΔU|      : 2.297e-05
max |ΔU| norm  : 3.692e-04
max |Δn|      : 6.274e-04
max |Δn| norm  : 9.711e-04
max |ΔILDOS|  : 9.953e+01
last Poisson  : 12.791 s
last Quantum  : 0.061 s
-1.4603801463447652e-05 1.1659303409309727e-05
Iteration counts: [0, 1, 11]

--- Iteration 12 ---
Qprime size   : 112
max |ΔU|      : 2.890e-05
max |ΔU| norm  : 2.858e-04
max |Δn|      : 5.748e-04
max |Δn| norm  : 8.279e-04
max |ΔILDOS|  : 5.666e+01
last Poisson  : 12.798 s
last Quantum  : 0.064 s
-7.846667192393287e-06 6.445432284677553e-06
Iteration counts: [0, 1, 12]

--- Iteration 13 ---
Qprime size   : 112
max |ΔU|      : 1.842e-05
max |ΔU| norm  : 1.356e-04
max |Δn|      : 6.135e-04
max |Δn| norm  : 8.878e-04
max |ΔILDOS|  : 5.500e+01
last Poisson  : 12.801 s
last Quantum  : 0.062 s
-5.890291589208738e-06 4.385118127300397e-06
Iteration counts: [0, 1, 13]

--- Iteration 14 ---
Qprime size   : 112
max |ΔU|      : 2.368e-05
max |ΔU| norm  : 1.285e-04
max |Δn|      : 5.779e-04
max |Δn| norm  : 8.121e-04
max |ΔILDOS|  : 2.425e+01
last Poisson  : 12.793 s
last Quantum  : 0.064 s
-2.0866009540016906e-06 1.9365723173757557e-06
Iteration counts: [0, 1, 14]

--- Iteration 15 ---
Qprime size   : 112
max |ΔU|      : 2.045e-05
max |ΔU| norm  : 5.711e-05
max |Δn|      : 6.190e-04
max |Δn| norm  : 7.945e-04
max |ΔILDOS|  : 1.575e+01
last Poisson  : 12.795 s
last Quantum  : 0.061 s
-2.8316838073534797e-06 1.9274511805582207e-06
Iteration counts: [0, 1, 15]

--- Iteration 16 ---
Qprime size   : 112
max |ΔU|      : 2.257e-05
max |ΔU| norm  : 8.271e-05
max |Δn|      : 5.910e-04
max |Δn| norm  : 7.630e-04
max |ΔILDOS|  : 1.489e+01
last Poisson  : 12.803 s
last Quantum  : 0.061 s
-8.428461202905833e-07 7.815979043589689e-07
Iteration counts: [0, 1, 16]

--- Iteration 17 ---
Qprime size   : 112
max |ΔU|      : 1.781e-05
max |ΔU| norm  : 4.787e-05
max |Δn|      : 5.188e-04
max |Δn| norm  : 7.756e-04
max |ΔILDOS|  : 2.607e+01
last Poisson  : 12.798 s
last Quantum  : 0.065 s
-1.441766546346148e-06 9.254164966853635e-07
Iteration counts: [0, 1, 17]

--- Iteration 18 ---
Qprime size   : 112
max |ΔU|      : 2.051e-05
max |ΔU| norm  : 6.542e-05
max |Δn|      : 5.510e-04
max |Δn| norm  : 7.715e-04
max |ΔILDOS|  : 1.768e+01
last Poisson  : 12.809 s
last Quantum  : 0.061 s
7.874434648681326e-07 -2.9770041192477197e-07
Iteration counts: [0, 1, 18]

--- Iteration 19 ---
Qprime size   : 112
max |ΔU|      : 2.371e-05
max |ΔU| norm  : 6.180e-05
max |Δn|      : 6.670e-04
max |Δn| norm  : 8.367e-04
max |ΔILDOS|  : 1.395e+01
last Poisson  : 12.795 s
last Quantum  : 0.064 s
-1.258987569121009e-06 6.89539068346578e-07
Iteration counts: [0, 1, 19]

--- Iteration 20 ---
Qprime size   : 112
max |ΔU|      : 2.211e-05
max |ΔU| norm  : 6.367e-05
max |Δn|      : 6.069e-04
max |Δn| norm  : 7.815e-04
max |ΔILDOS|  : 1.344e+01
last Poisson  : 12.807 s
last Quantum  : 0.061 s
-2.4742696333194632e-08 1.0762261411545803e-07
Iteration counts: [0, 1, 20]

--- Iteration 21 ---
Qprime size   : 112
max |ΔU|      : 1.532e-05
max |ΔU| norm  : 4.521e-05
max |Δn|      : 4.285e-04
max |Δn| norm  : 7.032e-04
max |ΔILDOS|  : 2.414e+01
last Poisson  : 12.807 s
last Quantum  : 0.056 s
-7.785592966519587e-07 4.009499879493497e-07
Iteration counts: [0, 1, 21]

--- Iteration 22 ---
Qprime size   : 112
max |ΔU|      : 1.884e-05
max |ΔU| norm  : 5.551e-05
max |Δn|      : 5.172e-04
max |Δn| norm  : 7.460e-04
max |ΔILDOS|  : 1.894e+01
last Poisson  : 12.843 s
last Quantum  : 0.060 s
1.3594760315625013e-06 -7.061514561647532e-07
Iteration counts: [0, 1, 22]

--- Iteration 23 ---
Qprime size   : 112
max |ΔU|      : 2.581e-05
max |ΔU| norm  : 7.100e-05
max |Δn|      : 7.168e-04
max |Δn| norm  : 8.888e-04
max |ΔILDOS|  : 1.615e+01
last Poisson  : 12.783 s
last Quantum  : 0.059 s
-9.7314769595219e-07 4.826187865096067e-07
Iteration counts: [0, 1, 23]

--- Iteration 24 ---
Qprime size   : 112
max |ΔU|      : 2.225e-05
max |ΔU| norm  : 6.152e-05
max |Δn|      : 6.160e-04
max |Δn| norm  : 7.948e-04
max |ΔILDOS|  : 1.362e+01
last Poisson  : 12.793 s
last Quantum  : 0.061 s
-1.880849624397312e-08 8.335840491469894e-08
Iteration counts: [0, 1, 24]

--- Iteration 25 ---
Qprime size   : 112
max |ΔU|      : 1.377e-05
max |ΔU| norm  : 4.313e-05
max |Δn|      : 3.816e-04
max |Δn| norm  : 6.737e-04
max |ΔILDOS|  : 2.444e+01
last Poisson  : 12.783 s
last Quantum  : 0.056 s
-6.080511316840611e-07 2.891119597969798e-07
Iteration counts: [0, 1, 25]

--- Iteration 26 ---
Qprime size   : 112
max |ΔU|      : 1.809e-05
max |ΔU| norm  : 5.280e-05
max |Δn|      : 4.990e-04
max |Δn| norm  : 7.313e-04
max |ΔILDOS|  : 1.938e+01
last Poisson  : 12.775 s
last Quantum  : 0.060 s
1.507568704767267e-06 -7.995829440607228e-07
Iteration counts: [0, 1, 26]

--- Iteration 27 ---
Qprime size   : 112
max |ΔU|      : 2.656e-05
max |ΔU| norm  : 7.373e-05
max |Δn|      : 7.359e-04
max |Δn| norm  : 9.056e-04
max |ΔILDOS|  : 1.682e+01
last Poisson  : 12.787 s
last Quantum  : 0.060 s
-9.613088894523043e-07 4.707176054985218e-07
Iteration counts: [0, 1, 27]

--- Iteration 28 ---
Qprime size   : 112
max |ΔU|      : 2.225e-05
max |ΔU| norm  : 6.121e-05
max |Δn|      : 6.171e-04
max |Δn| norm  : 7.929e-04
max |ΔILDOS|  : 1.339e+01
last Poisson  : 12.788 s
last Quantum  : 0.060 s
3.1159774334090633e-09 7.166749090920092e-08
Iteration counts: [0, 1, 28]

--- Iteration 29 ---
Qprime size   : 112
max |ΔU|      : 1.359e-05
max |ΔU| norm  : 4.275e-05
max |Δn|      : 3.759e-04
max |Δn| norm  : 6.639e-04
max |ΔILDOS|  : 2.379e+01
last Poisson  : 12.790 s
last Quantum  : 0.060 s
-5.676570804103849e-07 2.652837845566173e-07
Iteration counts: [0, 1, 29]

--- Iteration 30 ---
Qprime size   : 112
max |ΔU|      : 1.799e-05
max |ΔU| norm  : 5.221e-05
max |Δn|      : 4.967e-04
max |Δn| norm  : 7.266e-04
max |ΔILDOS|  : 1.922e+01
last Poisson  : 12.784 s
last Quantum  : 0.060 s
1.4824704467444523e-06 -7.862646988260689e-07
FSC converged / stopped.
✔ Logged phi=0.1200, Vbg=1.1667

=== Running phi=0.1200, Vbg=1.3333 ===
🔄 Full Hamiltonian rebuild (qparams change)
The poisson problem has been initialized.
Iteration counts: [0, 0, 0]

--- Iteration 0 ---
Qprime size   : 112
-0.000516654935923546 0.0003324135016078631
Iteration counts: [0, 1, 0]

--- Iteration 1 ---
Qprime size   : 112
max |ΔU|      : 5.980e-04
max |ΔU| norm  : 7.981e-03
max |Δn|      : 2.780e-03
max |Δn| norm  : 1.406e-02
last Poisson  : 12.836 s
-0.00041342705383817996 0.00026698800150428743
Iteration counts: [0, 1, 1]

--- Iteration 2 ---
Qprime size   : 112
max |ΔU|      : 4.778e-04
max |ΔU| norm  : 6.397e-03
max |Δn|      : 2.185e-03
max |Δn| norm  : 1.108e-02
max |ΔILDOS|  : 6.243e+02
last Poisson  : 12.836 s
last Quantum  : 0.063 s
-0.001023524798606999 0.0007824727407630562
Iteration counts: [0, 1, 2]

--- Iteration 3 ---
Qprime size   : 112
max |ΔU|      : 1.021e-03
max |ΔU| norm  : 1.696e-02
max |Δn|      : 5.325e-03
max |Δn| norm  : 1.773e-02
max |ΔILDOS|  : 5.567e+02
last Poisson  : 12.796 s
last Quantum  : 0.061 s
-0.000592106815613227 0.0004533676630304726
Iteration counts: [0, 1, 3]

--- Iteration 4 ---
Qprime size   : 112
max |ΔU|      : 6.073e-04
max |ΔU| norm  : 9.897e-03
max |Δn|      : 1.974e-03
max |Δn| norm  : 9.164e-03
max |ΔILDOS|  : 6.333e+02
last Poisson  : 12.800 s
last Quantum  : 0.061 s
-0.00035088957803933754 0.00027028161049249
Iteration counts: [0, 1, 4]

--- Iteration 5 ---
Qprime size   : 112
max |ΔU|      : 3.409e-04
max |ΔU| norm  : 5.847e-03
max |Δn|      : 1.150e-03
max |Δn| norm  : 5.732e-03
max |ΔILDOS|  : 6.294e+02
last Poisson  : 12.792 s
last Quantum  : 0.061 s
-0.00021186902449717217 0.00016309780694063265
Iteration counts: [0, 1, 5]

--- Iteration 6 ---
Qprime size   : 112
max |ΔU|      : 2.060e-04
max |ΔU| norm  : 3.563e-03
max |Δn|      : 8.391e-04
max |Δn| norm  : 3.617e-03
max |ΔILDOS|  : 5.638e+02
last Poisson  : 12.802 s
last Quantum  : 0.060 s
-0.0001315234003999686 9.998636314138983e-05
Iteration counts: [0, 1, 6]

--- Iteration 7 ---
Qprime size   : 112
max |ΔU|      : 1.324e-04
max |ΔU| norm  : 2.186e-03
max |Δn|      : 5.844e-04
max |Δn| norm  : 2.434e-03
max |ΔILDOS|  : 4.373e+02
last Poisson  : 12.800 s
last Quantum  : 0.060 s
-7.957653988506843e-05 5.946344563546698e-05
Iteration counts: [0, 1, 7]

--- Iteration 8 ---
Qprime size   : 112
max |ΔU|      : 8.172e-05
max |ΔU| norm  : 1.302e-03
max |Δn|      : 4.207e-04
max |Δn| norm  : 1.676e-03
max |ΔILDOS|  : 3.355e+02
last Poisson  : 12.797 s
last Quantum  : 0.061 s
-4.7095132079154345e-05 3.451732913411412e-05
Iteration counts: [0, 1, 8]

--- Iteration 9 ---
Qprime size   : 112
max |ΔU|      : 5.076e-05
max |ΔU| norm  : 7.630e-04
max |Δn|      : 3.138e-04
max |Δn| norm  : 1.217e-03
max |ΔILDOS|  : 2.087e+02
last Poisson  : 12.798 s
last Quantum  : 0.056 s
-2.9509656138743078e-05 2.1153104575732065e-05
Iteration counts: [0, 1, 9]

--- Iteration 10 ---
Qprime size   : 112
max |ΔU|      : 3.400e-05
max |ΔU| norm  : 4.723e-04
max |Δn|      : 2.630e-04
max |Δn| norm  : 9.302e-04
max |ΔILDOS|  : 1.344e+02
last Poisson  : 12.816 s
last Quantum  : 0.061 s
-1.7993673276302628e-05 1.2641675150921718e-05
Iteration counts: [0, 1, 10]

--- Iteration 11 ---
Qprime size   : 112
max |ΔU|      : 2.163e-05
max |ΔU| norm  : 2.833e-04
max |Δn|      : 2.130e-04
max |Δn| norm  : 7.085e-04
max |ΔILDOS|  : 8.791e+01
last Poisson  : 12.813 s
last Quantum  : 0.060 s
-1.112700154645094e-05 7.498629539274419e-06
Iteration counts: [0, 1, 11]

--- Iteration 12 ---
Qprime size   : 112
max |ΔU|      : 1.657e-05
max |ΔU| norm  : 1.737e-04
max |Δn|      : 1.906e-04
max |Δn| norm  : 5.685e-04
max |ΔILDOS|  : 5.209e+01
last Poisson  : 12.810 s
last Quantum  : 0.061 s
-6.621884964351518e-06 4.429661327003847e-06
Iteration counts: [0, 1, 12]

--- Iteration 13 ---
Qprime size   : 112
max |ΔU|      : 9.734e-06
max |ΔU| norm  : 1.047e-04
max |Δn|      : 2.001e-04
max |Δn| norm  : 4.289e-04
max |ΔILDOS|  : 4.032e+01
last Poisson  : 12.811 s
last Quantum  : 0.061 s
-4.620489197889929e-06 3.0811847956721073e-06
Iteration counts: [0, 1, 13]

--- Iteration 14 ---
Qprime size   : 112
max |ΔU|      : 8.689e-06
max |ΔU| norm  : 7.244e-05
max |Δn|      : 1.324e-04
max |Δn| norm  : 3.375e-04
max |ΔILDOS|  : 2.405e+01
last Poisson  : 12.814 s
last Quantum  : 0.061 s
-2.8205983082377926e-06 1.8399784910609355e-06
Iteration counts: [0, 1, 14]

--- Iteration 15 ---
Qprime size   : 112
max |ΔU|      : 6.027e-06
max |ΔU| norm  : 4.526e-05
max |Δn|      : 1.589e-04
max |Δn| norm  : 2.665e-04
max |ΔILDOS|  : 2.264e+01
last Poisson  : 12.822 s
last Quantum  : 0.061 s
-2.470029364196029e-06 1.6175777527694078e-06
Iteration counts: [0, 1, 15]

--- Iteration 16 ---
Qprime size   : 112
max |ΔU|      : 9.118e-06
max |ΔU| norm  : 3.993e-05
max |Δn|      : 1.935e-04
max |Δn| norm  : 2.607e-04
max |ΔILDOS|  : 1.995e+01
last Poisson  : 12.815 s
last Quantum  : 0.061 s
-8.503628670519963e-07 5.281870374611013e-07
Iteration counts: [0, 1, 16]

--- Iteration 17 ---
Qprime size   : 112
max |ΔU|      : 5.801e-06
max |ΔU| norm  : 1.875e-05
max |Δn|      : 1.903e-04
max |Δn| norm  : 2.381e-04
max |ΔILDOS|  : 1.163e+01
last Poisson  : 12.821 s
last Quantum  : 0.060 s
-1.1711316788560215e-06 7.462617168886574e-07
Iteration counts: [0, 1, 17]

--- Iteration 18 ---
Qprime size   : 112
max |ΔU|      : 7.027e-06
max |ΔU| norm  : 2.099e-05
max |Δn|      : 1.694e-04
max |Δn| norm  : 2.094e-04
max |ΔILDOS|  : 1.428e+01
last Poisson  : 12.818 s
last Quantum  : 0.061 s
-1.78591113605975e-07 8.158452859642343e-08
Iteration counts: [0, 1, 18]

--- Iteration 19 ---
Qprime size   : 112
max |ΔU|      : 6.005e-06
max |ΔU| norm  : 1.206e-05
max |Δn|      : 1.787e-04
max |Δn| norm  : 2.105e-04
max |ΔILDOS|  : 1.183e+01
last Poisson  : 12.813 s
last Quantum  : 0.062 s
-6.779003167596133e-07 4.2670536948292464e-07
Iteration counts: [0, 1, 19]

--- Iteration 20 ---
Qprime size   : 112
max |ΔU|      : 6.944e-06
max |ΔU| norm  : 1.549e-05
max |Δn|      : 1.808e-04
max |Δn| norm  : 2.115e-04
max |ΔILDOS|  : 1.311e+01
last Poisson  : 12.811 s
last Quantum  : 0.061 s
5.778472827669678e-08 -7.126540827164521e-08
Iteration counts: [0, 1, 20]

--- Iteration 21 ---
Qprime size   : 112
max |ΔU|      : 6.351e-06
max |ΔU| norm  : 1.171e-05
max |Δn|      : 1.809e-04
max |Δn| norm  : 2.140e-04
max |ΔILDOS|  : 1.219e+01
last Poisson  : 12.814 s
last Quantum  : 0.061 s
-4.3310165426876255e-07 2.769060598929895e-07
Iteration counts: [0, 1, 21]

--- Iteration 22 ---
Qprime size   : 112
max |ΔU|      : 6.737e-06
max |ΔU| norm  : 1.383e-05
max |Δn|      : 1.790e-04
max |Δn| norm  : 2.144e-04
max |ΔILDOS|  : 1.241e+01
last Poisson  : 12.813 s
last Quantum  : 0.061 s
8.719433827211102e-08 -8.693641011180187e-08
Iteration counts: [0, 1, 22]

--- Iteration 23 ---
Qprime size   : 112
max |ΔU|      : 6.453e-06
max |ΔU| norm  : 1.270e-05
max |Δn|      : 1.800e-04
max |Δn| norm  : 2.325e-04
max |ΔILDOS|  : 1.226e+01
last Poisson  : 12.809 s
last Quantum  : 0.061 s
-2.692773456416145e-07 1.790149399593921e-07
Iteration counts: [0, 1, 23]

--- Iteration 24 ---
Qprime size   : 112
max |ΔU|      : 6.681e-06
max |ΔU| norm  : 1.391e-05
max |Δn|      : 1.800e-04
max |Δn| norm  : 2.352e-04
max |ΔILDOS|  : 1.242e+01
last Poisson  : 12.816 s
last Quantum  : 0.061 s
7.846077682823947e-08 -7.852394012490592e-08
Iteration counts: [0, 1, 24]

--- Iteration 25 ---
Qprime size   : 112
max |ΔU|      : 6.518e-06
max |ΔU| norm  : 1.399e-05
max |Δn|      : 1.802e-04
max |Δn| norm  : 2.563e-04
max |ΔILDOS|  : 1.226e+01
last Poisson  : 12.814 s
last Quantum  : 0.062 s
-1.9486419301871268e-07 1.3697457108784094e-07
Iteration counts: [0, 1, 25]

--- Iteration 26 ---
Qprime size   : 112
max |ΔU|      : 6.641e-06
max |ΔU| norm  : 1.433e-05
max |Δn|      : 1.801e-04
max |Δn| norm  : 2.494e-04
max |ΔILDOS|  : 1.234e+01
last Poisson  : 12.809 s
last Quantum  : 0.060 s
2.5192129419917003e-07 -1.7831873864775365e-07
Iteration counts: [0, 1, 26]

--- Iteration 27 ---
Qprime size   : 112
max |ΔU|      : 6.599e-06
max |ΔU| norm  : 1.289e-05
max |Δn|      : 1.801e-04
max |Δn| norm  : 2.173e-04
max |ΔILDOS|  : 1.226e+01
last Poisson  : 12.808 s
last Quantum  : 0.056 s
-2.8994220736215177e-07 2.034918161896221e-07
Iteration counts: [0, 1, 27]

--- Iteration 28 ---
Qprime size   : 112
max |ΔU|      : 6.640e-06
max |ΔU| norm  : 1.319e-05
max |Δn|      : 1.802e-04
max |Δn| norm  : 2.205e-04
max |ΔILDOS|  : 1.223e+01
last Poisson  : 12.838 s
last Quantum  : 0.057 s
1.7507695930256857e-07 -1.3780653790148835e-07
Iteration counts: [0, 1, 28]

--- Iteration 29 ---
Qprime size   : 112
max |ΔU|      : 6.573e-06
max |ΔU| norm  : 1.374e-05
max |Δn|      : 1.805e-04
max |Δn| norm  : 2.442e-04
max |ΔILDOS|  : 1.214e+01
last Poisson  : 12.805 s
last Quantum  : 0.065 s
-2.0555495468971826e-07 1.5040277726290805e-07
Iteration counts: [0, 1, 29]

--- Iteration 30 ---
Qprime size   : 112
max |ΔU|      : 6.607e-06
max |ΔU| norm  : 1.393e-05
max |Δn|      : 1.803e-04
max |Δn| norm  : 2.423e-04
max |ΔILDOS|  : 1.217e+01
last Poisson  : 12.813 s
last Quantum  : 0.056 s
2.2818414557075573e-07 -1.672223846682836e-07
FSC converged / stopped.
✔ Logged phi=0.1200, Vbg=1.3333

=== Running phi=0.1200, Vbg=1.5000 ===
🔄 Full Hamiltonian rebuild (qparams change)
The poisson problem has been initialized.
Iteration counts: [0, 0, 0]

--- Iteration 0 ---
Qprime size   : 112
-0.00037241908796158124 0.00019658536765696167
Iteration counts: [0, 1, 0]

--- Iteration 1 ---
Qprime size   : 112
max |ΔU|      : 4.983e-04
max |ΔU| norm  : 6.302e-03
max |Δn|      : 3.785e-03
max |Δn| norm  : 1.421e-02
last Poisson  : 12.831 s
-0.0002965496407909762 0.00015738221233644264
Iteration counts: [0, 1, 1]

--- Iteration 2 ---
Qprime size   : 112
max |ΔU|      : 3.981e-04
max |ΔU| norm  : 5.032e-03
max |Δn|      : 2.977e-03
max |Δn| norm  : 1.110e-02
max |ΔILDOS|  : 6.000e+02
last Poisson  : 12.830 s
last Quantum  : 0.058 s
-0.0007797935464668038 0.0005408624461168798
Iteration counts: [0, 1, 2]

--- Iteration 3 ---
Qprime size   : 112
max |ΔU|      : 8.460e-04
max |ΔU| norm  : 1.225e-02
max |Δn|      : 3.486e-03
max |Δn| norm  : 1.713e-02
max |ΔILDOS|  : 5.616e+02
last Poisson  : 12.769 s
last Quantum  : 0.057 s
-0.00047810348359625355 0.00033754776796278326
Iteration counts: [0, 1, 3]

--- Iteration 4 ---
Qprime size   : 112
max |ΔU|      : 5.171e-04
max |ΔU| norm  : 7.622e-03
max |Δn|      : 2.445e-03
max |Δn| norm  : 9.750e-03
max |ΔILDOS|  : 5.501e+02
last Poisson  : 12.775 s
last Quantum  : 0.061 s
-0.00029233526117625593 0.00021031644219754434
Iteration counts: [0, 1, 4]

--- Iteration 5 ---
Qprime size   : 112
max |ΔU|      : 3.032e-04
max |ΔU| norm  : 4.704e-03
max |Δn|      : 1.842e-03
max |Δn| norm  : 6.035e-03
max |ΔILDOS|  : 5.120e+02
last Poisson  : 12.770 s
last Quantum  : 0.061 s
-0.00018255418381067943 0.00013576179583113401
Iteration counts: [0, 1, 5]

--- Iteration 6 ---
Qprime size   : 112
max |ΔU|      : 1.864e-04
max |ΔU| norm  : 2.939e-03
max |Δn|      : 1.048e-03
max |Δn| norm  : 3.497e-03
max |ΔILDOS|  : 4.688e+02
last Poisson  : 12.774 s
last Quantum  : 0.061 s
-0.00011062217043854087 8.368913328639472e-05
Iteration counts: [0, 1, 6]

--- Iteration 7 ---
Qprime size   : 112
max |ΔU|      : 1.177e-04
max |ΔU| norm  : 1.789e-03
max |Δn|      : 4.957e-04
max |Δn| norm  : 2.290e-03
max |ΔILDOS|  : 3.607e+02
last Poisson  : 12.778 s
last Quantum  : 0.061 s
-6.698081201824582e-05 5.07846489038052e-05
Iteration counts: [0, 1, 7]

--- Iteration 8 ---
Qprime size   : 112
max |ΔU|      : 7.180e-05
max |ΔU| norm  : 1.087e-03
max |Δn|      : 3.973e-04
max |Δn| norm  : 1.592e-03
max |ΔILDOS|  : 2.373e+02
last Poisson  : 12.780 s
last Quantum  : 0.061 s
-3.928818097357135e-05 2.988637987017294e-05
Iteration counts: [0, 1, 8]

--- Iteration 9 ---
Qprime size   : 112
max |ΔU|      : 4.528e-05
max |ΔU| norm  : 6.470e-04
max |Δn|      : 3.126e-04
max |Δn| norm  : 1.151e-03
max |ΔILDOS|  : 1.522e+02
last Poisson  : 12.780 s
last Quantum  : 0.061 s
-2.4647573071211212e-05 1.8964739920102426e-05
Iteration counts: [0, 1, 9]

--- Iteration 10 ---
Qprime size   : 112
max |ΔU|      : 2.792e-05
max |ΔU| norm  : 4.115e-04
max |Δn|      : 2.356e-04
max |Δn| norm  : 8.453e-04
max |ΔILDOS|  : 9.203e+01
last Poisson  : 12.775 s
last Quantum  : 0.061 s
-1.7555750966665142e-05 1.3780552377480421e-05
Iteration counts: [0, 1, 10]

--- Iteration 11 ---
Qprime size   : 112
max |ΔU|      : 1.999e-05
max |ΔU| norm  : 3.063e-04
max |Δn|      : 1.757e-04
max |Δn| norm  : 5.689e-04
max |ΔILDOS|  : 6.362e+01
last Poisson  : 12.776 s
last Quantum  : 0.060 s
-9.537218711665734e-06 7.67749383084576e-06
Iteration counts: [0, 1, 11]

--- Iteration 12 ---
Qprime size   : 112
max |ΔU|      : 1.280e-05
max |ΔU| norm  : 1.765e-04
max |Δn|      : 1.858e-04
max |Δn| norm  : 4.763e-04
max |ΔILDOS|  : 3.922e+01
last Poisson  : 12.774 s
last Quantum  : 0.061 s
-6.476367922700388e-06 4.837056616349857e-06
Iteration counts: [0, 1, 12]

--- Iteration 13 ---
Qprime size   : 112
max |ΔU|      : 1.166e-05
max |ΔU| norm  : 1.107e-04
max |Δn|      : 1.901e-04
max |Δn| norm  : 3.524e-04
max |ΔILDOS|  : 2.625e+01
last Poisson  : 12.767 s
last Quantum  : 0.060 s
-3.5607920327747935e-06 2.8603885506569206e-06
Iteration counts: [0, 1, 13]

--- Iteration 14 ---
Qprime size   : 112
max |ΔU|      : 5.701e-06
max |ΔU| norm  : 6.914e-05
max |Δn|      : 2.357e-04
max |Δn| norm  : 3.378e-04
max |ΔILDOS|  : 1.503e+01
last Poisson  : 12.779 s
last Quantum  : 0.061 s
-2.7986558406733165e-06 2.055093556817851e-06
Iteration counts: [0, 1, 14]

--- Iteration 15 ---
Qprime size   : 112
max |ΔU|      : 9.538e-06
max |ΔU| norm  : 4.901e-05
max |Δn|      : 2.256e-04
max |Δn| norm  : 2.866e-04
max |ΔILDOS|  : 1.279e+01
last Poisson  : 12.774 s
last Quantum  : 0.060 s
-1.0812072388084166e-06 9.793785912641568e-07
Iteration counts: [0, 1, 15]

--- Iteration 16 ---
Qprime size   : 112
max |ΔU|      : 6.893e-06
max |ΔU| norm  : 2.800e-05
max |Δn|      : 2.514e-04
max |Δn| norm  : 3.008e-04
max |ΔILDOS|  : 6.433e+00
last Poisson  : 12.773 s
last Quantum  : 0.060 s
-1.3073394539339904e-06 9.008266268472119e-07
Iteration counts: [0, 1, 16]

--- Iteration 17 ---
Qprime size   : 112
max |ΔU|      : 8.470e-06
max |ΔU| norm  : 2.435e-05
max |Δn|      : 2.393e-04
max |Δn| norm  : 2.737e-04
max |ΔILDOS|  : 7.805e+00
last Poisson  : 12.766 s
last Quantum  : 0.060 s
-3.3662453924498306e-07 3.741892542224211e-07
Iteration counts: [0, 1, 17]

--- Iteration 18 ---
Qprime size   : 112
max |ΔU|      : 7.427e-06
max |ΔU| norm  : 1.640e-05
max |Δn|      : 2.466e-04
max |Δn| norm  : 2.795e-04
max |ΔILDOS|  : 6.818e+00
last Poisson  : 12.769 s
last Quantum  : 0.061 s
-8.114861877891424e-07 5.138482951890858e-07
Iteration counts: [0, 1, 18]

--- Iteration 19 ---
Qprime size   : 112
max |ΔU|      : 8.140e-06
max |ΔU| norm  : 1.713e-05
max |Δn|      : 2.417e-04
max |Δn| norm  : 2.688e-04
max |ΔILDOS|  : 7.242e+00
last Poisson  : 12.780 s
last Quantum  : 0.062 s
1.4642213251683728e-08 1.0061113137523898e-07
Iteration counts: [0, 1, 19]

--- Iteration 20 ---
Qprime size   : 112
max |ΔU|      : 7.681e-06
max |ΔU| norm  : 1.304e-05
max |Δn|      : 2.464e-04
max |Δn| norm  : 2.747e-04
max |ΔILDOS|  : 6.946e+00
last Poisson  : 12.772 s
last Quantum  : 0.060 s
-5.700269984192402e-07 3.29751414237957e-07
Iteration counts: [0, 1, 20]

--- Iteration 21 ---
Qprime size   : 112
max |ΔU|      : 8.020e-06
max |ΔU| norm  : 1.456e-05
max |Δn|      : 2.436e-04
max |Δn| norm  : 2.692e-04
max |ΔILDOS|  : 7.170e+00
last Poisson  : 12.776 s
last Quantum  : 0.060 s
2.048028277217268e-07 -4.707817048869943e-08
Iteration counts: [0, 1, 21]

--- Iteration 22 ---
Qprime size   : 112
max |ΔU|      : 7.809e-06
max |ΔU| norm  : 1.258e-05
max |Δn|      : 2.464e-04
max |Δn| norm  : 2.730e-04
max |ΔILDOS|  : 7.022e+00
last Poisson  : 12.779 s
last Quantum  : 0.061 s
-4.465693199085853e-07 2.3413025482695688e-07
Iteration counts: [0, 1, 22]

--- Iteration 23 ---
Qprime size   : 112
max |ΔU|      : 7.946e-06
max |ΔU| norm  : 1.348e-05
max |Δn|      : 2.446e-04
max |Δn| norm  : 2.699e-04
max |ΔILDOS|  : 7.112e+00
last Poisson  : 12.772 s
last Quantum  : 0.060 s
2.883570095342739e-07 -1.1280912667405678e-07
Iteration counts: [0, 1, 23]

--- Iteration 24 ---
Qprime size   : 112
max |ΔU|      : 7.854e-06
max |ΔU| norm  : 1.266e-05
max |Δn|      : 2.459e-04
max |Δn| norm  : 2.719e-04
max |ΔILDOS|  : 7.048e+00
last Poisson  : 12.776 s
last Quantum  : 0.060 s
-3.959467503769593e-07 1.9520041974360187e-07
Iteration counts: [0, 1, 24]

--- Iteration 25 ---
Qprime size   : 112
max |ΔU|      : 7.917e-06
max |ΔU| norm  : 1.313e-05
max |Δn|      : 2.450e-04
max |Δn| norm  : 2.704e-04
max |ΔILDOS|  : 7.095e+00
last Poisson  : 12.777 s
last Quantum  : 0.060 s
3.2558136205722777e-07 -1.4174557709485539e-07
Iteration counts: [0, 1, 25]

--- Iteration 26 ---
Qprime size   : 112
max |ΔU|      : 7.878e-06
max |ΔU| norm  : 1.279e-05
max |Δn|      : 2.458e-04
max |Δn| norm  : 2.715e-04
max |ΔILDOS|  : 7.066e+00
last Poisson  : 12.776 s
last Quantum  : 0.060 s
-3.7298851792827916e-07 1.7752548795122135e-07
Iteration counts: [0, 1, 26]

--- Iteration 27 ---
Qprime size   : 112
max |ΔU|      : 7.905e-06
max |ΔU| norm  : 1.299e-05
max |Δn|      : 2.453e-04
max |Δn| norm  : 2.707e-04
max |ΔILDOS|  : 7.088e+00
last Poisson  : 12.770 s
last Quantum  : 0.061 s
3.4229666761758413e-07 -1.546744980505476e-07
Iteration counts: [0, 1, 27]

--- Iteration 28 ---
Qprime size   : 112
max |ΔU|      : 7.890e-06
max |ΔU| norm  : 1.286e-05
max |Δn|      : 2.457e-04
max |Δn| norm  : 2.713e-04
max |ΔILDOS|  : 7.075e+00
last Poisson  : 12.769 s
last Quantum  : 0.060 s
-3.6274141853365663e-07 1.6969166220204904e-07
Iteration counts: [0, 1, 28]

--- Iteration 29 ---
Qprime size   : 112
max |ΔU|      : 7.900e-06
max |ΔU| norm  : 1.294e-05
max |Δn|      : 2.454e-04
max |Δn| norm  : 2.709e-04
max |ΔILDOS|  : 7.085e+00
last Poisson  : 12.776 s
last Quantum  : 0.061 s
3.4944934948242176e-07 -1.6006854543645624e-07
Iteration counts: [0, 1, 29]

--- Iteration 30 ---
Qprime size   : 112
max |ΔU|      : 7.895e-06
max |ΔU| norm  : 1.289e-05
max |Δn|      : 2.456e-04
max |Δn| norm  : 2.712e-04
max |ΔILDOS|  : 7.080e+00
last Poisson  : 12.775 s
last Quantum  : 0.061 s
-3.5813210500356517e-07 1.6619432648665664e-07
FSC converged / stopped.
✔ Logged phi=0.1200, Vbg=1.5000

=== Running phi=0.1200, Vbg=1.6667 ===
🔄 Full Hamiltonian rebuild (qparams change)
The poisson problem has been initialized.
Iteration counts: [0, 0, 0]

--- Iteration 0 ---
Qprime size   : 111
max |ΔU|      : 5.862e-14
max |ΔU| norm  : 2.224e-12
max |Δn|      : 2.439e-13
max |Δn| norm  : 1.191e-12
-0.00019274733012778267 3.7152427403452113e-06
Iteration counts: [0, 0, 1]

--- Iteration 1 ---
Qprime size   : 111
max |ΔU|      : 5.193e-04
max |ΔU| norm  : 5.376e-03
max |Δn|      : 4.449e-03
max |Δn| norm  : 1.716e-02
max |ΔILDOS|  : 5.843e+02
last Poisson  : 14.100 s
last Quantum  : 0.061 s
-0.0006703305749328389 0.0003819576642570581
Iteration counts: [0, 0, 2]

--- Iteration 2 ---
Qprime size   : 111
max |ΔU|      : 8.476e-04
max |ΔU| norm  : 1.041e-02
max |Δn|      : 5.171e-03
max |Δn| norm  : 2.121e-02
max |ΔILDOS|  : 5.368e+02
last Poisson  : 14.067 s
last Quantum  : 0.061 s
-0.00040099204932658955 0.00022784844175131045
Iteration counts: [0, 0, 3]

--- Iteration 3 ---
Qprime size   : 111
max |ΔU|      : 5.096e-04
max |ΔU| norm  : 6.256e-03
max |Δn|      : 2.881e-03
max |Δn| norm  : 1.257e-02
max |ΔILDOS|  : 5.185e+02
last Poisson  : 14.068 s
last Quantum  : 0.061 s
-0.0002357243446261908 0.00013723743247603056
Iteration counts: [0, 0, 4]

--- Iteration 4 ---
Qprime size   : 111
max |ΔU|      : 2.950e-04
max |ΔU| norm  : 3.730e-03
max |Δn|      : 2.107e-03
max |Δn| norm  : 8.058e-03
max |ΔILDOS|  : 5.231e+02
last Poisson  : 14.111 s
last Quantum  : 0.062 s
-0.0001433442136740516 8.573482420003399e-05
Iteration counts: [0, 0, 5]

--- Iteration 5 ---
Qprime size   : 111
max |ΔU|      : 1.816e-04
max |ΔU| norm  : 2.333e-03
max |Δn|      : 1.416e-03
max |Δn| norm  : 5.348e-03
max |ΔILDOS|  : 4.513e+02
last Poisson  : 14.109 s
last Quantum  : 0.061 s
-8.638638678855294e-05 5.222007304541982e-05
Iteration counts: [0, 0, 6]

--- Iteration 6 ---
Qprime size   : 111
max |ΔU|      : 1.124e-04
max |ΔU| norm  : 1.383e-03
max |Δn|      : 9.233e-04
max |Δn| norm  : 3.141e-03
max |ΔILDOS|  : 3.121e+02
last Poisson  : 14.074 s
last Quantum  : 0.056 s
-5.2423654478994264e-05 3.189699554186289e-05
Iteration counts: [0, 0, 7]

--- Iteration 7 ---
Qprime size   : 111
max |ΔU|      : 6.625e-05
max |ΔU| norm  : 8.796e-04
max |Δn|      : 5.541e-04
max |Δn| norm  : 1.897e-03
max |ΔILDOS|  : 2.035e+02
last Poisson  : 14.086 s
last Quantum  : 0.061 s
-3.125340567943944e-05 1.816912932156886e-05
Iteration counts: [0, 0, 8]

--- Iteration 8 ---
Qprime size   : 111
max |ΔU|      : 4.048e-05
max |ΔU| norm  : 5.272e-04
max |Δn|      : 3.662e-04
max |Δn| norm  : 1.332e-03
max |ΔILDOS|  : 1.312e+02
last Poisson  : 14.081 s
last Quantum  : 0.061 s
-1.9138498699555056e-05 1.1371808227776936e-05
Iteration counts: [0, 0, 9]

--- Iteration 9 ---
Qprime size   : 111
max |ΔU|      : 2.653e-05
max |ΔU| norm  : 3.193e-04
max |Δn|      : 3.200e-04
max |Δn| norm  : 8.768e-04
max |ΔILDOS|  : 7.945e+01
last Poisson  : 14.089 s
last Quantum  : 0.060 s
-1.1890062227287924e-05 6.647117895986124e-06
Iteration counts: [0, 0, 10]

--- Iteration 10 ---
Qprime size   : 111
max |ΔU|      : 1.911e-05
max |ΔU| norm  : 1.974e-04
max |Δn|      : 3.226e-04
max |Δn| norm  : 7.374e-04
max |ΔILDOS|  : 4.955e+01
last Poisson  : 14.087 s
last Quantum  : 0.061 s
-6.646102174889513e-06 3.6290280935194388e-06
Iteration counts: [0, 0, 11]

--- Iteration 11 ---
Qprime size   : 111
max |ΔU|      : 1.329e-05
max |ΔU| norm  : 1.208e-04
max |Δn|      : 3.091e-04
max |Δn| norm  : 5.429e-04
max |ΔILDOS|  : 3.068e+01
last Poisson  : 14.084 s
last Quantum  : 0.060 s
-4.889664643776e-06 2.5887257439775986e-06
Iteration counts: [0, 0, 12]

--- Iteration 12 ---
Qprime size   : 111
max |ΔU|      : 1.426e-05
max |ΔU| norm  : 8.537e-05
max |Δn|      : 3.235e-04
max |Δn| norm  : 4.975e-04
max |ΔILDOS|  : 2.099e+01
last Poisson  : 14.087 s
last Quantum  : 0.061 s
-2.993916073015132e-06 1.7580795430396769e-06
Iteration counts: [0, 0, 13]

--- Iteration 13 ---
Qprime size   : 111
max |ΔU|      : 1.006e-05
max |ΔU| norm  : 5.675e-05
max |Δn|      : 3.080e-04
max |Δn| norm  : 4.157e-04
max |ΔILDOS|  : 1.375e+01
last Poisson  : 14.086 s
last Quantum  : 0.060 s
-2.3195964966218304e-06 1.2459297328274867e-06
Iteration counts: [0, 0, 14]

--- Iteration 14 ---
Qprime size   : 111
max |ΔU|      : 1.246e-05
max |ΔU| norm  : 4.492e-05
max |Δn|      : 3.204e-04
max |Δn| norm  : 4.233e-04
max |ΔILDOS|  : 1.265e+01
last Poisson  : 14.087 s
last Quantum  : 0.061 s
-8.773706399122899e-07 5.446682761112495e-07
Iteration counts: [0, 0, 15]

--- Iteration 15 ---
Qprime size   : 111
max |ΔU|      : 9.153e-06
max |ΔU| norm  : 2.791e-05
max |Δn|      : 3.117e-04
max |Δn| norm  : 3.988e-04
max |ΔILDOS|  : 7.358e+00
last Poisson  : 14.091 s
last Quantum  : 0.060 s
-1.1580727034102561e-06 5.938599783738663e-07
Iteration counts: [0, 0, 16]

--- Iteration 16 ---
Qprime size   : 111
max |ΔU|      : 1.140e-05
max |ΔU| norm  : 2.863e-05
max |Δn|      : 3.190e-04
max |Δn| norm  : 4.059e-04
max |ΔILDOS|  : 1.030e+01
last Poisson  : 14.084 s
last Quantum  : 0.060 s
-1.7740225472922388e-07 1.5114528514068627e-07
Iteration counts: [0, 0, 17]

--- Iteration 17 ---
Qprime size   : 111
max |ΔU|      : 1.002e-05
max |ΔU| norm  : 2.106e-05
max |Δn|      : 3.165e-04
max |Δn| norm  : 3.967e-04
max |ΔILDOS|  : 5.877e+00
last Poisson  : 14.091 s
last Quantum  : 0.060 s
-6.793829301305151e-07 3.229093173944344e-07
Iteration counts: [0, 0, 18]

--- Iteration 18 ---
Qprime size   : 111
max |ΔU|      : 1.094e-05
max |ΔU| norm  : 2.337e-05
max |Δn|      : 3.190e-04
max |Δn| norm  : 4.001e-04
max |ΔILDOS|  : 8.683e+00
last Poisson  : 14.089 s
last Quantum  : 0.060 s
1.485896177198394e-07 -4.339362847747301e-08
Iteration counts: [0, 0, 19]

--- Iteration 19 ---
Qprime size   : 111
max |ΔU|      : 1.041e-05
max |ΔU| norm  : 2.041e-05
max |Δn|      : 3.175e-04
max |Δn| norm  : 3.961e-04
max |ΔILDOS|  : 6.811e+00
last Poisson  : 14.083 s
last Quantum  : 0.060 s
-4.822372419374539e-07 2.114220987863095e-07
Iteration counts: [0, 0, 20]

--- Iteration 20 ---
Qprime size   : 111
max |ΔU|      : 1.077e-05
max |ΔU| norm  : 2.175e-05
max |Δn|      : 3.187e-04
max |Δn| norm  : 3.976e-04
max |ΔILDOS|  : 7.996e+00
last Poisson  : 14.082 s
last Quantum  : 0.060 s
2.895165971635605e-07 -1.280068902917169e-07
Iteration counts: [0, 0, 21]

--- Iteration 21 ---
Qprime size   : 111
max |ΔU|      : 1.059e-05
max |ΔU| norm  : 2.066e-05
max |Δn|      : 3.183e-04
max |Δn| norm  : 3.963e-04
max |ΔILDOS|  : 7.295e+00
last Poisson  : 14.082 s
last Quantum  : 0.060 s
-4.0638941916628727e-07 1.7133980113587953e-07
Iteration counts: [0, 0, 22]

--- Iteration 22 ---
Qprime size   : 111
max |ΔU|      : 1.071e-05
max |ΔU| norm  : 2.125e-05
max |Δn|      : 3.187e-04
max |Δn| norm  : 3.971e-04
max |ΔILDOS|  : 7.727e+00
last Poisson  : 14.088 s
last Quantum  : 0.060 s
3.3769629659849333e-07 -1.5172758544232492e-07
Iteration counts: [0, 0, 23]

--- Iteration 23 ---
Qprime size   : 111
max |ΔU|      : 1.065e-05
max |ΔU| norm  : 2.085e-05
max |Δn|      : 3.185e-04
max |Δn| norm  : 3.967e-04
max |ΔILDOS|  : 7.468e+00
last Poisson  : 14.091 s
last Quantum  : 0.060 s
-3.7857786477182254e-07 1.5855780081213776e-07
Iteration counts: [0, 0, 24]

--- Iteration 24 ---
Qprime size   : 111
max |ΔU|      : 1.069e-05
max |ΔU| norm  : 2.109e-05
max |Δn|      : 3.186e-04
max |Δn| norm  : 3.971e-04
max |ΔILDOS|  : 7.630e+00
last Poisson  : 14.086 s
last Quantum  : 0.061 s
3.555372121266529e-07 -1.5832302522969992e-07
Iteration counts: [0, 0, 25]

--- Iteration 25 ---
Qprime size   : 111
max |ΔU|      : 1.067e-05
max |ΔU| norm  : 2.094e-05
max |Δn|      : 3.186e-04
max |Δn| norm  : 3.970e-04
max |ΔILDOS|  : 7.539e+00
last Poisson  : 14.091 s
last Quantum  : 0.060 s
-3.682024695773108e-07 1.5490430952151716e-07
Iteration counts: [0, 0, 26]

--- Iteration 26 ---
Qprime size   : 111
max |ΔU|      : 1.068e-05
max |ΔU| norm  : 2.104e-05
max |Δn|      : 3.186e-04
max |Δn| norm  : 3.972e-04
max |ΔILDOS|  : 7.600e+00
last Poisson  : 14.084 s
last Quantum  : 0.060 s
3.616437396077661e-07 -1.5920764867013618e-07
Iteration counts: [0, 0, 27]

--- Iteration 27 ---
Qprime size   : 111
max |ΔU|      : 1.068e-05
max |ΔU| norm  : 2.099e-05
max |Δn|      : 3.186e-04
max |Δn| norm  : 3.972e-04
max |ΔILDOS|  : 7.569e+00
last Poisson  : 14.096 s
last Quantum  : 0.060 s
-3.648830512887842e-07 1.546477308586489e-07
Iteration counts: [0, 0, 28]

--- Iteration 28 ---
Qprime size   : 111
max |ΔU|      : 1.068e-05
max |ΔU| norm  : 2.102e-05
max |Δn|      : 3.187e-04
max |Δn| norm  : 3.973e-04
max |ΔILDOS|  : 7.591e+00
last Poisson  : 14.090 s
last Quantum  : 0.061 s
3.637890157968226e-07 -1.5881196902911985e-07
Iteration counts: [0, 0, 29]

--- Iteration 29 ---
Qprime size   : 111
max |ΔU|      : 1.068e-05
max |ΔU| norm  : 2.100e-05
max |Δn|      : 3.186e-04
max |Δn| norm  : 3.973e-04
max |ΔILDOS|  : 7.580e+00
last Poisson  : 14.088 s
last Quantum  : 0.060 s
-3.641104415514161e-07 1.552806229892381e-07
Iteration counts: [0, 0, 30]

--- Iteration 30 ---
Qprime size   : 111
max |ΔU|      : 1.068e-05
max |ΔU| norm  : 2.102e-05
max |Δn|      : 3.187e-04
max |Δn| norm  : 3.973e-04
max |ΔILDOS|  : 7.589e+00
last Poisson  : 14.087 s
last Quantum  : 0.060 s
3.643920834679669e-07 -1.581652613669613e-07
FSC converged / stopped.
✔ Logged phi=0.1200, Vbg=1.6667

=== Running phi=0.1200, Vbg=1.8333 ===
🔄 Full Hamiltonian rebuild (qparams change)
The poisson problem has been initialized.
Iteration counts: [0, 0, 0]

--- Iteration 0 ---
Qprime size   : 105
max |ΔU|      : 4.508e-14
max |ΔU| norm  : 1.914e-12
max |Δn|      : 2.341e-13
max |Δn| norm  : 1.245e-12
-0.00011492704123652242 -3.583058890594822e-05
Iteration counts: [0, 0, 1]

--- Iteration 1 ---
Qprime size   : 105
max |ΔU|      : 4.345e-04
max |ΔU| norm  : 4.950e-03
max |Δn|      : 2.888e-03
max |Δn| norm  : 1.392e-02
max |ΔILDOS|  : 5.927e+02
last Poisson  : 12.409 s
last Quantum  : 0.061 s
-0.0005362879396882549 0.00029307353863199483
Iteration counts: [0, 0, 2]

--- Iteration 2 ---
Qprime size   : 105
max |ΔU|      : 6.911e-04
max |ΔU| norm  : 7.509e-03
max |Δn|      : 5.526e-03
max |Δn| norm  : 2.119e-02
max |ΔILDOS|  : 6.318e+02
last Poisson  : 12.358 s
last Quantum  : 0.060 s
-0.00033667794810516183 0.0001910634320872152
Iteration counts: [0, 0, 3]

--- Iteration 3 ---
Qprime size   : 105
max |ΔU|      : 4.096e-04
max |ΔU| norm  : 4.674e-03
max |Δn|      : 3.252e-03
max |Δn| norm  : 1.250e-02
max |ΔILDOS|  : 5.824e+02
last Poisson  : 12.374 s
last Quantum  : 0.061 s
-0.00018058215087924252 0.0001043290331581782
Iteration counts: [0, 0, 4]

--- Iteration 4 ---
Qprime size   : 105
max |ΔU|      : 2.313e-04
max |ΔU| norm  : 2.587e-03
max |Δn|      : 1.941e-03
max |Δn| norm  : 7.682e-03
max |ΔILDOS|  : 5.247e+02
last Poisson  : 12.356 s
last Quantum  : 0.059 s
-0.00011413573130904689 7.040139892118927e-05
Iteration counts: [0, 0, 5]

--- Iteration 5 ---
Qprime size   : 105
max |ΔU|      : 1.591e-04
max |ΔU| norm  : 1.582e-03
max |Δn|      : 1.708e-03
max |Δn| norm  : 4.326e-03
max |ΔILDOS|  : 4.387e+02
last Poisson  : 12.356 s
last Quantum  : 0.060 s
-5.663240464247233e-05 3.3548615666176567e-05
Iteration counts: [0, 0, 6]

--- Iteration 6 ---
Qprime size   : 105
max |ΔU|      : 8.377e-05
max |ΔU| norm  : 8.366e-04
max |Δn|      : 1.722e-03
max |Δn| norm  : 3.451e-03
max |ΔILDOS|  : 2.546e+02
last Poisson  : 12.378 s
last Quantum  : 0.056 s
-4.5294757120970346e-05 3.000237482445465e-05
Iteration counts: [0, 0, 7]

--- Iteration 7 ---
Qprime size   : 105
max |ΔU|      : 1.067e-04
max |ΔU| norm  : 6.338e-04
max |Δn|      : 1.802e-03
max |Δn| norm  : 2.727e-03
max |ΔILDOS|  : 2.146e+02
last Poisson  : 12.405 s
last Quantum  : 0.056 s
-1.7103479263677933e-05 9.598229893016738e-06
Iteration counts: [0, 0, 8]

--- Iteration 8 ---
Qprime size   : 105
max |ΔU|      : 9.384e-05
max |ΔU| norm  : 3.282e-04
max |Δn|      : 1.812e-03
max |Δn| norm  : 2.540e-03
max |ΔILDOS|  : 9.226e+01
last Poisson  : 12.344 s
last Quantum  : 0.063 s
-2.1916799847400296e-05 1.5472253113076028e-05
Iteration counts: [0, 0, 9]

--- Iteration 9 ---
Qprime size   : 105
max |ΔU|      : 1.164e-04
max |ΔU| norm  : 3.493e-04
max |Δn|      : 2.115e-03
max |Δn| norm  : 2.682e-03
max |ΔILDOS|  : 1.344e+02
last Poisson  : 12.374 s
last Quantum  : 0.061 s
-2.4304215365818145e-06 3.2191992475366156e-09
Iteration counts: [0, 0, 10]

--- Iteration 10 ---
Qprime size   : 105
max |ΔU|      : 1.103e-04
max |ΔU| norm  : 2.257e-04
max |Δn|      : 2.050e-03
max |Δn| norm  : 2.579e-03
max |ΔILDOS|  : 1.034e+02
last Poisson  : 12.343 s
last Quantum  : 0.060 s
-1.1957974424436755e-05 8.932634785306156e-06
Iteration counts: [0, 0, 11]

--- Iteration 11 ---
Qprime size   : 105
max |ΔU|      : 1.137e-04
max |ΔU| norm  : 2.539e-04
max |Δn|      : 2.099e-03
max |Δn| norm  : 2.573e-03
max |ΔILDOS|  : 1.298e+02
last Poisson  : 12.339 s
last Quantum  : 0.059 s
2.986730272253847e-06 -3.5408381428201597e-06
Iteration counts: [0, 0, 12]

--- Iteration 12 ---
Qprime size   : 105
max |ΔU|      : 1.132e-04
max |ΔU| norm  : 2.184e-04
max |Δn|      : 2.083e-03
max |Δn| norm  : 2.556e-03
max |ΔILDOS|  : 1.161e+02
last Poisson  : 12.365 s
last Quantum  : 0.060 s
-8.362331532511062e-06 6.609928393159643e-06
Iteration counts: [0, 0, 13]

--- Iteration 13 ---
Qprime size   : 105
max |ΔU|      : 1.134e-04
max |ΔU| norm  : 2.317e-04
max |Δn|      : 2.101e-03
max |Δn| norm  : 2.563e-03
max |ΔILDOS|  : 1.272e+02
last Poisson  : 12.345 s
last Quantum  : 0.060 s
5.9113916444925366e-06 -5.324018989902575e-06
Iteration counts: [0, 0, 14]

--- Iteration 14 ---
Qprime size   : 105
max |ΔU|      : 1.137e-04
max |ΔU| norm  : 2.228e-04
max |Δn|      : 2.096e-03
max |Δn| norm  : 2.542e-03
max |ΔILDOS|  : 1.226e+02
last Poisson  : 12.345 s
last Quantum  : 0.060 s
-7.90600970060724e-06 6.391200616323682e-06
Iteration counts: [0, 0, 15]

--- Iteration 15 ---
Qprime size   : 105
max |ΔU|      : 1.134e-04
max |ΔU| norm  : 2.263e-04
max |Δn|      : 2.104e-03
max |Δn| norm  : 2.551e-03
max |ΔILDOS|  : 1.264e+02
last Poisson  : 12.358 s
last Quantum  : 0.060 s
6.746908771146259e-06 -5.823100198276623e-06
Iteration counts: [0, 0, 16]

--- Iteration 16 ---
Qprime size   : 105
max |ΔU|      : 1.136e-04
max |ΔU| norm  : 2.234e-04
max |Δn|      : 2.099e-03
max |Δn| norm  : 2.545e-03
max |ΔILDOS|  : 1.239e+02
last Poisson  : 12.389 s
last Quantum  : 0.059 s
-7.95015073137865e-06 6.415341857828447e-06
Iteration counts: [0, 0, 17]

--- Iteration 17 ---
Qprime size   : 105
max |ΔU|      : 1.133e-04
max |ΔU| norm  : 2.255e-04
max |Δn|      : 2.101e-03
max |Δn| norm  : 2.580e-03
max |ΔILDOS|  : 1.256e+02
last Poisson  : 12.377 s
last Quantum  : 0.059 s
7.246673287875349e-06 -6.108136446521746e-06
Iteration counts: [0, 0, 18]

--- Iteration 18 ---
Qprime size   : 105
max |ΔU|      : 1.134e-04
max |ΔU| norm  : 2.241e-04
max |Δn|      : 2.100e-03
max |Δn| norm  : 2.559e-03
max |ΔILDOS|  : 1.246e+02
last Poisson  : 12.379 s
last Quantum  : 0.059 s
-6.658007732362617e-06 5.711569606036838e-06
Iteration counts: [0, 0, 19]

--- Iteration 19 ---
Qprime size   : 105
max |ΔU|      : 1.133e-04
max |ΔU| norm  : 2.237e-04
max |Δn|      : 2.101e-03
max |Δn| norm  : 2.542e-03
max |ΔILDOS|  : 1.255e+02
last Poisson  : 12.344 s
last Quantum  : 0.059 s
5.7863403899518565e-06 -5.248556947736265e-06
Iteration counts: [0, 0, 20]

--- Iteration 20 ---
Qprime size   : 105
max |ΔU|      : 1.134e-04
max |ΔU| norm  : 2.252e-04
max |Δn|      : 2.100e-03
max |Δn| norm  : 2.585e-03
max |ΔILDOS|  : 1.249e+02
last Poisson  : 12.341 s
last Quantum  : 0.059 s
-6.183378054752012e-06 5.408685331771587e-06
Iteration counts: [0, 0, 21]

--- Iteration 21 ---
Qprime size   : 105
max |ΔU|      : 1.133e-04
max |ΔU| norm  : 2.243e-04
max |Δn|      : 2.100e-03
max |Δn| norm  : 2.559e-03
max |ΔILDOS|  : 1.253e+02
last Poisson  : 12.355 s
last Quantum  : 0.060 s
7.0298473017991675e-06 -5.9184786288016965e-06
Iteration counts: [0, 0, 22]

--- Iteration 22 ---
Qprime size   : 105
max |ΔU|      : 1.133e-04
max |ΔU| norm  : 2.234e-04
max |Δn|      : 2.100e-03
max |Δn| norm  : 2.540e-03
max |ΔILDOS|  : 1.251e+02
last Poisson  : 12.342 s
last Quantum  : 0.060 s
-7.5928563524482564e-06 6.233542539874618e-06
Iteration counts: [0, 0, 23]

--- Iteration 23 ---
Qprime size   : 105
max |ΔU|      : 1.133e-04
max |ΔU| norm  : 2.246e-04
max |Δn|      : 2.100e-03
max |Δn| norm  : 2.575e-03
max |ΔILDOS|  : 1.253e+02
last Poisson  : 12.337 s
last Quantum  : 0.059 s
7.326911339951377e-06 -6.116784390441708e-06
Iteration counts: [0, 0, 24]

--- Iteration 24 ---
Qprime size   : 105
max |ΔU|      : 1.133e-04
max |ΔU| norm  : 2.239e-04
max |Δn|      : 2.100e-03
max |Δn| norm  : 2.556e-03
max |ΔILDOS|  : 1.251e+02
last Poisson  : 12.360 s
last Quantum  : 0.060 s
-6.475504073570863e-06 5.6217530876498715e-06
Iteration counts: [0, 0, 25]

--- Iteration 25 ---
Qprime size   : 105
max |ΔU|      : 1.133e-04
max |ΔU| norm  : 2.234e-04
max |Δn|      : 2.100e-03
max |Δn| norm  : 2.538e-03
max |ΔILDOS|  : 1.252e+02
last Poisson  : 12.345 s
last Quantum  : 0.059 s
5.808032595153849e-06 -5.236197794844607e-06
Iteration counts: [0, 0, 26]

--- Iteration 26 ---
Qprime size   : 105
max |ΔU|      : 1.133e-04
max |ΔU| norm  : 2.252e-04
max |Δn|      : 2.100e-03
max |Δn| norm  : 2.582e-03
max |ΔILDOS|  : 1.252e+02
last Poisson  : 12.340 s
last Quantum  : 0.059 s
-6.105564252684624e-06 5.375165434253439e-06
Iteration counts: [0, 0, 27]

--- Iteration 27 ---
Qprime size   : 105
max |ΔU|      : 1.133e-04
max |ΔU| norm  : 2.242e-04
max |Δn|      : 2.100e-03
max |Δn| norm  : 2.556e-03
max |ΔILDOS|  : 1.252e+02
last Poisson  : 12.359 s
last Quantum  : 0.060 s
7.008540700422556e-06 -5.892139646362316e-06
Iteration counts: [0, 0, 28]

--- Iteration 28 ---
Qprime size   : 105
max |ΔU|      : 1.133e-04
max |ΔU| norm  : 2.233e-04
max |Δn|      : 2.100e-03
max |Δn| norm  : 2.537e-03
max |ΔILDOS|  : 1.252e+02
last Poisson  : 12.347 s
last Quantum  : 0.059 s
-7.5639417520388114e-06 6.223789582726504e-06
Iteration counts: [0, 0, 29]

--- Iteration 29 ---
Qprime size   : 105
max |ΔU|      : 1.133e-04
max |ΔU| norm  : 2.246e-04
max |Δn|      : 2.100e-03
max |Δn| norm  : 2.574e-03
max |ΔILDOS|  : 1.252e+02
last Poisson  : 12.344 s
last Quantum  : 0.059 s
7.312152300459554e-06 -6.1007682213666195e-06
Iteration counts: [0, 0, 30]

--- Iteration 30 ---
Qprime size   : 105
max |ΔU|      : 1.133e-04
max |ΔU| norm  : 2.239e-04
max |Δn|      : 2.100e-03
max |Δn| norm  : 2.555e-03
max |ΔILDOS|  : 1.252e+02
last Poisson  : 12.363 s
last Quantum  : 0.060 s
-6.448361758109501e-06 5.6103866845158635e-06
FSC converged / stopped.
✔ Logged phi=0.1200, Vbg=1.8333

=== Running phi=0.1200, Vbg=2.0000 ===
🔄 Full Hamiltonian rebuild (qparams change)
The poisson problem has been initialized.
Iteration counts: [0, 0, 0]

--- Iteration 0 ---
Qprime size   : 95
max |ΔU|      : 4.530e-14
max |ΔU| norm  : 1.258e-12
max |Δn|      : 2.111e-13
max |Δn| norm  : 1.256e-12
3.744252003580007e-06 -0.00015690796189482778
Iteration counts: [0, 0, 1]

--- Iteration 1 ---
Qprime size   : 95
max |ΔU|      : 4.235e-04
max |ΔU| norm  : 4.926e-03
max |Δn|      : 3.896e-03
max |Δn| norm  : 1.390e-02
max |ΔILDOS|  : 7.081e+02
last Poisson  : 13.174 s
last Quantum  : 0.054 s
-0.0004132064641834686 0.0001993008866285634
Iteration counts: [0, 0, 2]

--- Iteration 2 ---
Qprime size   : 95
max |ΔU|      : 5.481e-04
max |ΔU| norm  : 5.130e-03
max |Δn|      : 5.677e-03
max |Δn| norm  : 2.099e-02
max |ΔILDOS|  : 6.330e+02
last Poisson  : 13.161 s
last Quantum  : 0.059 s
-0.0002333248537119902 0.00011647207346743368
Iteration counts: [0, 0, 3]

--- Iteration 3 ---
Qprime size   : 95
max |ΔU|      : 3.136e-04
max |ΔU| norm  : 2.861e-03
max |Δn|      : 2.734e-03
max |Δn| norm  : 1.013e-02
max |ΔILDOS|  : 5.952e+02
last Poisson  : 13.147 s
last Quantum  : 0.057 s
-0.00014648812681783264 8.283036188577785e-05
Iteration counts: [0, 0, 4]

--- Iteration 4 ---
Qprime size   : 95
max |ΔU|      : 1.764e-04
max |ΔU| norm  : 1.787e-03
max |Δn|      : 1.645e-03
max |Δn| norm  : 5.837e-03
max |ΔILDOS|  : 4.851e+02
last Poisson  : 13.155 s
last Quantum  : 0.058 s
-8.924547782720149e-05 5.386127279989768e-05
Iteration counts: [0, 0, 5]

--- Iteration 5 ---
Qprime size   : 95
max |ΔU|      : 1.144e-04
max |ΔU| norm  : 1.181e-03
max |Δn|      : 8.610e-04
max |Δn| norm  : 3.292e-03
max |ΔILDOS|  : 3.444e+02
last Poisson  : 13.148 s
last Quantum  : 0.057 s
-5.3983150041326675e-05 3.288990729591437e-05
Iteration counts: [0, 0, 6]

--- Iteration 6 ---
Qprime size   : 95
max |ΔU|      : 7.394e-05
max |ΔU| norm  : 7.589e-04
max |Δn|      : 6.061e-04
max |Δn| norm  : 2.132e-03
max |ΔILDOS|  : 2.523e+02
last Poisson  : 13.143 s
last Quantum  : 0.058 s
-3.1613115076235586e-05 1.813072236577041e-05
Iteration counts: [0, 0, 7]

--- Iteration 7 ---
Qprime size   : 95
max |ΔU|      : 4.480e-05
max |ΔU| norm  : 4.269e-04
max |Δn|      : 4.576e-04
max |Δn| norm  : 1.500e-03
max |ΔILDOS|  : 1.583e+02
last Poisson  : 13.147 s
last Quantum  : 0.055 s
-2.0607550404935304e-05 1.2320012104077903e-05
Iteration counts: [0, 0, 8]

--- Iteration 8 ---
Qprime size   : 95
max |ΔU|      : 2.975e-05
max |ΔU| norm  : 3.134e-04
max |Δn|      : 3.367e-04
max |Δn| norm  : 1.039e-03
max |ΔILDOS|  : 8.322e+01
last Poisson  : 13.183 s
last Quantum  : 0.058 s
-1.1159504234102786e-05 5.676163240368527e-06
Iteration counts: [0, 0, 9]

--- Iteration 9 ---
Qprime size   : 95
max |ΔU|      : 1.551e-05
max |ΔU| norm  : 1.521e-04
max |Δn|      : 2.443e-04
max |Δn| norm  : 7.579e-04
max |ΔILDOS|  : 5.371e+01
last Poisson  : 13.143 s
last Quantum  : 0.057 s
-8.957998334577034e-06 5.599941247364895e-06
Iteration counts: [0, 0, 10]

--- Iteration 10 ---
Qprime size   : 95
max |ΔU|      : 2.119e-05
max |ΔU| norm  : 1.590e-04
max |Δn|      : 1.889e-04
max |Δn| norm  : 5.359e-04
max |ΔILDOS|  : 3.472e+01
last Poisson  : 13.146 s
last Quantum  : 0.058 s
-3.851204509739477e-06 1.6924888634207389e-06
Iteration counts: [0, 0, 11]

--- Iteration 11 ---
Qprime size   : 95
max |ΔU|      : 1.138e-05
max |ΔU| norm  : 5.912e-05
max |Δn|      : 2.164e-04
max |Δn| norm  : 4.579e-04
max |ΔILDOS|  : 2.061e+01
last Poisson  : 13.148 s
last Quantum  : 0.057 s
-4.274794700891813e-06 2.9160171436575463e-06
Iteration counts: [0, 0, 12]

--- Iteration 12 ---
Qprime size   : 95
max |ΔU|      : 1.735e-05
max |ΔU| norm  : 9.488e-05
max |Δn|      : 1.981e-04
max |Δn| norm  : 3.758e-04
max |ΔILDOS|  : 1.883e+01
last Poisson  : 13.147 s
last Quantum  : 0.058 s
-8.787870459960532e-07 -7.768985121987722e-08
Iteration counts: [0, 0, 13]

--- Iteration 13 ---
Qprime size   : 95
max |ΔU|      : 1.376e-05
max |ΔU| norm  : 3.939e-05
max |Δn|      : 2.131e-04
max |Δn| norm  : 3.556e-04
max |ΔILDOS|  : 9.463e+00
last Poisson  : 13.147 s
last Quantum  : 0.058 s
-2.53100382733835e-06 1.935397052329077e-06
Iteration counts: [0, 0, 14]

--- Iteration 14 ---
Qprime size   : 95
max |ΔU|      : 1.645e-05
max |ΔU| norm  : 7.084e-05
max |Δn|      : 2.079e-04
max |Δn| norm  : 3.310e-04
max |ΔILDOS|  : 1.586e+01
last Poisson  : 13.147 s
last Quantum  : 0.054 s
2.689246615004171e-07 -7.180266478697103e-07
Iteration counts: [0, 0, 15]

--- Iteration 15 ---
Qprime size   : 95
max |ΔU|      : 1.483e-05
max |ΔU| norm  : 4.413e-05
max |Δn|      : 2.143e-04
max |Δn| norm  : 3.278e-04
max |ΔILDOS|  : 1.170e+01
last Poisson  : 13.157 s
last Quantum  : 0.058 s
-1.7847619425028443e-06 1.5245252712495417e-06
Iteration counts: [0, 0, 16]

--- Iteration 16 ---
Qprime size   : 95
max |ΔU|      : 1.603e-05
max |ΔU| norm  : 6.118e-05
max |Δn|      : 2.113e-04
max |Δn| norm  : 3.205e-04
max |ΔILDOS|  : 1.462e+01
last Poisson  : 13.185 s
last Quantum  : 0.058 s
8.478481290089685e-07 -1.0633433032579608e-06
Iteration counts: [0, 0, 17]

--- Iteration 17 ---
Qprime size   : 95
max |ΔU|      : 1.534e-05
max |ΔU| norm  : 4.966e-05
max |Δn|      : 2.143e-04
max |Δn| norm  : 3.217e-04
max |ΔILDOS|  : 1.283e+01
last Poisson  : 13.163 s
last Quantum  : 0.058 s
-1.4391718280829038e-06 1.3318414737247145e-06
Iteration counts: [0, 0, 18]

--- Iteration 18 ---
Qprime size   : 95
max |ΔU|      : 1.582e-05
max |ΔU| norm  : 5.680e-05
max |Δn|      : 2.127e-04
max |Δn| norm  : 3.181e-04
max |ΔILDOS|  : 1.401e+01
last Poisson  : 13.155 s
last Quantum  : 0.054 s
1.086484979245213e-06 -1.1908750896873641e-06
Iteration counts: [0, 0, 19]

--- Iteration 19 ---
Qprime size   : 95
max |ΔU|      : 1.553e-05
max |ΔU| norm  : 5.225e-05
max |Δn|      : 2.140e-04
max |Δn| norm  : 3.195e-04
max |ΔILDOS|  : 1.329e+01
last Poisson  : 13.158 s
last Quantum  : 0.054 s
-1.3083239676867265e-06 1.2672372249946319e-06
Iteration counts: [0, 0, 20]

--- Iteration 20 ---
Qprime size   : 95
max |ΔU|      : 1.572e-05
max |ΔU| norm  : 5.510e-05
max |Δn|      : 2.132e-04
max |Δn| norm  : 3.181e-04
max |ΔILDOS|  : 1.376e+01
last Poisson  : 13.152 s
last Quantum  : 0.058 s
1.1721786137531554e-06 -1.2283972984614986e-06
Iteration counts: [0, 0, 21]

--- Iteration 21 ---
Qprime size   : 95
max |ΔU|      : 1.560e-05
max |ΔU| norm  : 5.325e-05
max |Δn|      : 2.137e-04
max |Δn| norm  : 3.188e-04
max |ΔILDOS|  : 1.347e+01
last Poisson  : 13.157 s
last Quantum  : 0.058 s
-1.257151027347981e-06 1.246068721776373e-06
Iteration counts: [0, 0, 22]

--- Iteration 22 ---
Qprime size   : 95
max |ΔU|      : 1.568e-05
max |ΔU| norm  : 5.441e-05
max |Δn|      : 2.133e-04
max |Δn| norm  : 3.181e-04
max |ΔILDOS|  : 1.366e+01
last Poisson  : 13.158 s
last Quantum  : 0.058 s
1.2035587693967122e-06 -1.2382457181992432e-06
Iteration counts: [0, 0, 23]

--- Iteration 23 ---
Qprime size   : 95
max |ΔU|      : 1.563e-05
max |ΔU| norm  : 5.363e-05
max |Δn|      : 2.136e-04
max |Δn| norm  : 3.185e-04
max |ΔILDOS|  : 1.354e+01
last Poisson  : 13.164 s
last Quantum  : 0.058 s
-1.2370704768537667e-06 1.2397109397483544e-06
Iteration counts: [0, 0, 24]

--- Iteration 24 ---
Qprime size   : 95
max |ΔU|      : 1.567e-05
max |ΔU| norm  : 5.412e-05
max |Δn|      : 2.135e-04
max |Δn| norm  : 3.182e-04
max |ΔILDOS|  : 1.362e+01
last Poisson  : 13.170 s
last Quantum  : 0.058 s
1.215516977005554e-06 -1.2401683438048717e-06
Iteration counts: [0, 0, 25]

--- Iteration 25 ---
Qprime size   : 95
max |ΔU|      : 1.564e-05
max |ΔU| norm  : 5.378e-05
max |Δn|      : 2.136e-04
max |Δn| norm  : 3.183e-04
max |ΔILDOS|  : 1.357e+01
last Poisson  : 13.158 s
last Quantum  : 0.058 s
-1.2289520962508578e-06 1.2380453592501116e-06
Iteration counts: [0, 0, 26]

--- Iteration 26 ---
Qprime size   : 95
max |ΔU|      : 1.566e-05
max |ΔU| norm  : 5.399e-05
max |Δn|      : 2.135e-04
max |Δn| norm  : 3.182e-04
max |ΔILDOS|  : 1.360e+01
last Poisson  : 13.199 s
last Quantum  : 0.058 s
1.220075936741449e-06 -1.2399596980722033e-06
Iteration counts: [0, 0, 27]

--- Iteration 27 ---
Qprime size   : 95
max |ΔU|      : 1.565e-05
max |ΔU| norm  : 5.385e-05
max |Δn|      : 2.136e-04
max |Δn| norm  : 3.183e-04
max |ΔILDOS|  : 1.358e+01
last Poisson  : 13.166 s
last Quantum  : 0.054 s
-1.2255711849133896e-06 1.2377692009252625e-06
Iteration counts: [0, 0, 28]

--- Iteration 28 ---
Qprime size   : 95
max |ΔU|      : 1.566e-05
max |ΔU| norm  : 5.394e-05
max |Δn|      : 2.135e-04
max |Δn| norm  : 3.182e-04
max |ΔILDOS|  : 1.360e+01
last Poisson  : 13.162 s
last Quantum  : 0.059 s
1.2218186410634128e-06 -1.239392253203249e-06
Iteration counts: [0, 0, 29]

--- Iteration 29 ---
Qprime size   : 95
max |ΔU|      : 1.565e-05
max |ΔU| norm  : 5.387e-05
max |Δn|      : 2.136e-04
max |Δn| norm  : 3.182e-04
max |ΔILDOS|  : 1.359e+01
last Poisson  : 13.158 s
last Quantum  : 0.058 s
-1.2241149708922649e-06 1.2378363102989838e-06
Iteration counts: [0, 0, 30]

--- Iteration 30 ---
Qprime size   : 95
max |ΔU|      : 1.566e-05
max |ΔU| norm  : 5.391e-05
max |Δn|      : 2.136e-04
max |Δn| norm  : 3.182e-04
max |ΔILDOS|  : 1.359e+01
last Poisson  : 13.153 s
last Quantum  : 0.054 s
1.2225091904424087e-06 -1.2389429159747232e-06
FSC converged / stopped.
✔ Logged phi=0.1200, Vbg=2.0000

=== Running phi=0.1200, Vbg=2.1667 ===
🔄 Full Hamiltonian rebuild (qparams change)
The poisson problem has been initialized.
Iteration counts: [0, 0, 0]

--- Iteration 0 ---
Qprime size   : 83
max |ΔU|      : 1.168e-13
max |ΔU| norm  : 1.546e-12
max |Δn|      : 2.626e-13
max |Δn| norm  : 1.616e-12
0.00014469570092335042 -0.00031486501641992277
Iteration counts: [0, 0, 1]

--- Iteration 1 ---
Qprime size   : 83
max |ΔU|      : 6.218e-04
max |ΔU| norm  : 6.296e-03
max |Δn|      : 3.932e-03
max |Δn| norm  : 1.474e-02
max |ΔILDOS|  : 7.783e+02
last Poisson  : 12.656 s
last Quantum  : 0.057 s
-0.0002074396151510131 2.0305253923329757e-05
Iteration counts: [0, 0, 2]

--- Iteration 2 ---
Qprime size   : 83
max |ΔU|      : 4.158e-04
max |ΔU| norm  : 3.108e-03
max |Δn|      : 4.120e-03
max |Δn| norm  : 1.676e-02
max |ΔILDOS|  : 5.561e+02
last Poisson  : 12.625 s
last Quantum  : 0.056 s
-0.00012433342288636125 2.485495165159985e-05
Iteration counts: [0, 0, 3]

--- Iteration 3 ---
Qprime size   : 83
max |ΔU|      : 2.188e-04
max |ΔU| norm  : 1.759e-03
max |Δn|      : 2.119e-03
max |Δn| norm  : 8.811e-03
max |ΔILDOS|  : 5.208e+02
last Poisson  : 12.621 s
last Quantum  : 0.055 s
-7.605619450896157e-05 1.7256060904489367e-05
Iteration counts: [0, 0, 4]

--- Iteration 4 ---
Qprime size   : 83
max |ΔU|      : 1.371e-04
max |ΔU| norm  : 1.106e-03
max |Δn|      : 1.222e-03
max |Δn| norm  : 5.213e-03
max |ΔILDOS|  : 4.209e+02
last Poisson  : 12.624 s
last Quantum  : 0.055 s
-4.521375669875344e-05 9.21261406666524e-06
Iteration counts: [0, 0, 5]

--- Iteration 5 ---
Qprime size   : 83
max |ΔU|      : 9.202e-05
max |ΔU| norm  : 6.851e-04
max |Δn|      : 9.456e-04
max |Δn| norm  : 3.179e-03
max |ΔILDOS|  : 3.485e+02
last Poisson  : 12.618 s
last Quantum  : 0.056 s
-2.346419617471581e-05 2.4640960721093846e-06
Iteration counts: [0, 0, 6]

--- Iteration 6 ---
Qprime size   : 83
max |ΔU|      : 5.483e-05
max |ΔU| norm  : 3.881e-04
max |Δn|      : 7.307e-04
max |Δn| norm  : 2.281e-03
max |ΔILDOS|  : 2.037e+02
last Poisson  : 12.623 s
last Quantum  : 0.051 s
-1.1606726412295221e-05 -1.2151165028371377e-06
Iteration counts: [0, 0, 7]

--- Iteration 7 ---
Qprime size   : 83
max |ΔU|      : 3.847e-05
max |ΔU| norm  : 2.655e-04
max |Δn|      : 1.180e-03
max |Δn| norm  : 2.130e-03
max |ΔILDOS|  : 1.437e+02
last Poisson  : 12.619 s
last Quantum  : 0.055 s
-9.872853029452253e-06 2.517943393781245e-06
Iteration counts: [0, 0, 8]

--- Iteration 8 ---
Qprime size   : 83
max |ΔU|      : 2.555e-05
max |ΔU| norm  : 1.579e-04
max |Δn|      : 6.610e-04
max |Δn| norm  : 1.484e-03
max |ΔILDOS|  : 9.658e+01
last Poisson  : 12.620 s
last Quantum  : 0.056 s
-4.773979673740176e-06 -3.6247769545029834e-07
Iteration counts: [0, 0, 9]

--- Iteration 9 ---
Qprime size   : 83
max |ΔU|      : 1.851e-05
max |ΔU| norm  : 1.069e-04
max |Δn|      : 5.728e-04
max |Δn| norm  : 1.081e-03
max |ΔILDOS|  : 5.142e+01
last Poisson  : 12.618 s
last Quantum  : 0.055 s
-4.01174552925876e-06 9.184073669837598e-07
Iteration counts: [0, 0, 10]

--- Iteration 10 ---
Qprime size   : 83
max |ΔU|      : 2.010e-05
max |ΔU| norm  : 7.877e-05
max |Δn|      : 5.825e-04
max |Δn| norm  : 1.048e-03
max |ΔILDOS|  : 4.295e+01
last Poisson  : 12.625 s
last Quantum  : 0.057 s
5.524581849674157e-07 -2.3911160741179857e-06
Iteration counts: [0, 0, 11]

--- Iteration 11 ---
Qprime size   : 83
max |ΔU|      : 2.205e-05
max |ΔU| norm  : 6.710e-05
max |Δn|      : 8.650e-04
max |Δn| norm  : 1.342e-03
max |ΔILDOS|  : 1.811e+01
last Poisson  : 12.624 s
last Quantum  : 0.055 s
-2.364969232875045e-06 9.95739929821812e-07
Iteration counts: [0, 0, 12]

--- Iteration 12 ---
Qprime size   : 83
max |ΔU|      : 2.076e-05
max |ΔU| norm  : 5.586e-05
max |Δn|      : 6.652e-04
max |Δn| norm  : 1.190e-03
max |ΔILDOS|  : 2.217e+01
last Poisson  : 12.624 s
last Quantum  : 0.055 s
4.2547673303601137e-07 -1.5592426415018493e-06
Iteration counts: [0, 0, 13]

--- Iteration 13 ---
Qprime size   : 83
max |ΔU|      : 2.039e-05
max |ΔU| norm  : 4.902e-05
max |Δn|      : 6.042e-04
max |Δn| norm  : 1.024e-03
max |ΔILDOS|  : 1.459e+01
last Poisson  : 12.624 s
last Quantum  : 0.055 s
-1.156295105481633e-06 8.131005923449096e-07
Iteration counts: [0, 0, 14]

--- Iteration 14 ---
Qprime size   : 83
max |ΔU|      : 1.986e-05
max |ΔU| norm  : 4.654e-05
max |Δn|      : 6.164e-04
max |Δn| norm  : 1.102e-03
max |ΔILDOS|  : 1.602e+01
last Poisson  : 12.620 s
last Quantum  : 0.055 s
7.39465029964945e-07 -1.3949922473009996e-06
Iteration counts: [0, 0, 15]

--- Iteration 15 ---
Qprime size   : 83
max |ΔU|      : 2.017e-05
max |ΔU| norm  : 4.972e-05
max |Δn|      : 6.906e-04
max |Δn| norm  : 1.204e-03
max |ΔILDOS|  : 1.611e+01
last Poisson  : 12.627 s
last Quantum  : 0.055 s
-1.0852571190648323e-06 1.0382840449244897e-06
Iteration counts: [0, 0, 16]

--- Iteration 16 ---
Qprime size   : 83
max |ΔU|      : 2.067e-05
max |ΔU| norm  : 4.765e-05
max |Δn|      : 6.465e-04
max |Δn| norm  : 1.161e-03
max |ΔILDOS|  : 1.430e+01
last Poisson  : 12.626 s
last Quantum  : 0.055 s
6.250325721862411e-07 -1.1317942668300411e-06
Iteration counts: [0, 0, 17]

--- Iteration 17 ---
Qprime size   : 83
max |ΔU|      : 2.011e-05
max |ΔU| norm  : 4.647e-05
max |Δn|      : 6.247e-04
max |Δn| norm  : 1.110e-03
max |ΔILDOS|  : 1.623e+01
last Poisson  : 12.621 s
last Quantum  : 0.055 s
-6.358309491892785e-07 8.684847041527297e-07
Iteration counts: [0, 0, 18]

--- Iteration 18 ---
Qprime size   : 83
max |ΔU|      : 2.015e-05
max |ΔU| norm  : 4.676e-05
max |Δn|      : 6.278e-04
max |Δn| norm  : 1.166e-03
max |ΔILDOS|  : 1.545e+01
last Poisson  : 12.624 s
last Quantum  : 0.056 s
7.909673131276873e-07 -1.1941393921648156e-06
Iteration counts: [0, 0, 19]

--- Iteration 19 ---
Qprime size   : 83
max |ΔU|      : 2.068e-05
max |ΔU| norm  : 4.796e-05
max |Δn|      : 6.442e-04
max |Δn| norm  : 1.183e-03
max |ΔILDOS|  : 1.520e+01
last Poisson  : 12.626 s
last Quantum  : 0.055 s
-1.3324404429467498e-06 1.3760406307662146e-06
Iteration counts: [0, 0, 20]

--- Iteration 20 ---
Qprime size   : 83
max |ΔU|      : 2.077e-05
max |ΔU| norm  : 4.861e-05
max |Δn|      : 6.429e-04
max |Δn| norm  : 1.124e-03
max |ΔILDOS|  : 1.494e+01
last Poisson  : 12.626 s
last Quantum  : 0.055 s
1.1120524071489774e-06 -1.3118951476230134e-06
Iteration counts: [0, 0, 21]

--- Iteration 21 ---
Qprime size   : 83
max |ΔU|      : 1.980e-05
max |ΔU| norm  : 4.616e-05
max |Δn|      : 6.236e-04
max |Δn| norm  : 1.086e-03
max |ΔILDOS|  : 1.456e+01
last Poisson  : 12.620 s
last Quantum  : 0.056 s
-1.3009218335271056e-06 1.3810902656895013e-06
Iteration counts: [0, 0, 22]

--- Iteration 22 ---
Qprime size   : 83
max |ΔU|      : 2.001e-05
max |ΔU| norm  : 4.731e-05
max |Δn|      : 6.261e-04
max |Δn| norm  : 1.093e-03
max |ΔILDOS|  : 1.405e+01
last Poisson  : 12.623 s
last Quantum  : 0.056 s
1.3928391603939497e-06 -1.4957527992782538e-06
Iteration counts: [0, 0, 23]

--- Iteration 23 ---
Qprime size   : 83
max |ΔU|      : 2.016e-05
max |ΔU| norm  : 4.841e-05
max |Δn|      : 6.321e-04
max |Δn| norm  : 1.105e-03
max |ΔILDOS|  : 1.479e+01
last Poisson  : 12.621 s
last Quantum  : 0.055 s
-1.3154143996118686e-06 1.4060068169646093e-06
Iteration counts: [0, 0, 24]

--- Iteration 24 ---
Qprime size   : 83
max |ΔU|      : 2.015e-05
max |ΔU| norm  : 4.825e-05
max |Δn|      : 6.310e-04
max |Δn| norm  : 1.106e-03
max |ΔILDOS|  : 1.472e+01
last Poisson  : 12.625 s
last Quantum  : 0.056 s
1.6889079178036694e-06 -1.6710432120039281e-06
Iteration counts: [0, 0, 25]

--- Iteration 25 ---
Qprime size   : 83
max |ΔU|      : 2.014e-05
max |ΔU| norm  : 5.120e-05
max |Δn|      : 6.287e-04
max |Δn| norm  : 1.112e-03
max |ΔILDOS|  : 1.568e+01
last Poisson  : 12.624 s
last Quantum  : 0.055 s
-1.4693205168338613e-06 1.4958195142495018e-06
Iteration counts: [0, 0, 26]

--- Iteration 26 ---
Qprime size   : 83
max |ΔU|      : 1.995e-05
max |ΔU| norm  : 4.929e-05
max |Δn|      : 6.267e-04
max |Δn| norm  : 1.107e-03
max |ΔILDOS|  : 1.500e+01
last Poisson  : 12.619 s
last Quantum  : 0.056 s
8.694963636770418e-07 -1.1528945053808701e-06
Iteration counts: [0, 0, 27]

--- Iteration 27 ---
Qprime size   : 83
max |ΔU|      : 1.997e-05
max |ΔU| norm  : 4.617e-05
max |Δn|      : 6.275e-04
max |Δn| norm  : 1.116e-03
max |ΔILDOS|  : 1.620e+01
last Poisson  : 12.623 s
last Quantum  : 0.055 s
-7.280731566278687e-07 1.063090886615219e-06
Iteration counts: [0, 0, 28]

--- Iteration 28 ---
Qprime size   : 83
max |ΔU|      : 2.010e-05
max |ΔU| norm  : 4.590e-05
max |Δn|      : 6.311e-04
max |Δn| norm  : 1.141e-03
max |ΔILDOS|  : 1.392e+01
last Poisson  : 12.626 s
last Quantum  : 0.055 s
7.891635564770215e-07 -1.107740778518005e-06
Iteration counts: [0, 0, 29]

--- Iteration 29 ---
Qprime size   : 83
max |ΔU|      : 2.056e-05
max |ΔU| norm  : 4.696e-05
max |Δn|      : 6.373e-04
max |Δn| norm  : 1.155e-03
max |ΔILDOS|  : 1.399e+01
last Poisson  : 12.624 s
last Quantum  : 0.055 s
-9.001048511315507e-07 1.1598218599452749e-06
Iteration counts: [0, 0, 30]

--- Iteration 30 ---
Qprime size   : 83
max |ΔU|      : 2.051e-05
max |ΔU| norm  : 4.700e-05
max |Δn|      : 6.369e-04
max |Δn| norm  : 1.132e-03
max |ΔILDOS|  : 1.475e+01
last Poisson  : 12.624 s
last Quantum  : 0.056 s
7.664213800337565e-07 -1.0684967690520578e-06
FSC converged / stopped.
✔ Logged phi=0.1200, Vbg=2.1667

=== Running phi=0.1200, Vbg=2.3333 ===
🔄 Full Hamiltonian rebuild (qparams change)
The poisson problem has been initialized.
Iteration counts: [0, 0, 0]

--- Iteration 0 ---
Qprime size   : 68
max |ΔU|      : 1.057e-13
max |ΔU| norm  : 2.214e-12
max |Δn|      : 2.348e-13
max |Δn| norm  : 1.652e-12
0.0002705423237117001 -0.0005115624960340572
Iteration counts: [0, 0, 1]

--- Iteration 1 ---
Qprime size   : 68
max |ΔU|      : 7.040e-04
max |ΔU| norm  : 8.364e-03
max |Δn|      : 4.828e-03
max |Δn| norm  : 1.359e-02
max |ΔILDOS|  : 7.290e+02
last Poisson  : 14.194 s
last Quantum  : 0.050 s
-4.9983413710910716e-05 -0.00015452338911097895
Iteration counts: [0, 0, 2]

--- Iteration 2 ---
Qprime size   : 68
max |ΔU|      : 3.811e-04
max |ΔU| norm  : 3.447e-03
max |Δn|      : 4.262e-03
max |Δn| norm  : 1.520e-02
max |ΔILDOS|  : 5.628e+02
last Poisson  : 14.152 s
last Quantum  : 0.054 s
-2.903582896558973e-05 -8.297417688736867e-05
Iteration counts: [0, 0, 3]

--- Iteration 3 ---
Qprime size   : 68
max |ΔU|      : 2.278e-04
max |ΔU| norm  : 2.118e-03
max |Δn|      : 2.311e-03
max |Δn| norm  : 7.885e-03
max |ΔILDOS|  : 4.851e+02
last Poisson  : 14.156 s
last Quantum  : 0.054 s
-2.3460929227993324e-05 -2.867621538107735e-05
Iteration counts: [0, 0, 4]

--- Iteration 4 ---
Qprime size   : 68
max |ΔU|      : 1.323e-04
max |ΔU| norm  : 8.856e-04
max |Δn|      : 1.493e-03
max |Δn| norm  : 4.235e-03
max |ΔILDOS|  : 3.395e+02
last Poisson  : 14.157 s
last Quantum  : 0.053 s
-2.6432169275384326e-05 -5.608477931380078e-06
Iteration counts: [0, 0, 5]

--- Iteration 5 ---
Qprime size   : 68
max |ΔU|      : 6.021e-05
max |ΔU| norm  : 4.552e-04
max |Δn|      : 1.001e-03
max |Δn| norm  : 2.592e-03
max |ΔILDOS|  : 2.438e+02
last Poisson  : 14.159 s
last Quantum  : 0.054 s
-1.2912280187887224e-05 -7.79140910887107e-06
Iteration counts: [0, 0, 6]

--- Iteration 6 ---
Qprime size   : 68
max |ΔU|      : 4.256e-05
max |ΔU| norm  : 3.123e-04
max |Δn|      : 6.141e-04
max |Δn| norm  : 1.719e-03
max |ΔILDOS|  : 1.705e+02
last Poisson  : 14.151 s
last Quantum  : 0.053 s
-6.370061024507275e-06 -6.555730992940156e-06
Iteration counts: [0, 0, 7]

--- Iteration 7 ---
Qprime size   : 68
max |ΔU|      : 3.386e-05
max |ΔU| norm  : 2.212e-04
max |Δn|      : 9.903e-04
max |Δn| norm  : 1.560e-03
max |ΔILDOS|  : 1.190e+02
last Poisson  : 14.159 s
last Quantum  : 0.054 s
-8.633062687655372e-06 -2.1225578020517646e-06
Iteration counts: [0, 0, 8]

--- Iteration 8 ---
Qprime size   : 68
max |ΔU|      : 3.179e-05
max |ΔU| norm  : 1.611e-04
max |Δn|      : 9.133e-04
max |Δn| norm  : 1.286e-03
max |ΔILDOS|  : 9.514e+01
last Poisson  : 14.159 s
last Quantum  : 0.054 s
-4.296445978380909e-06 -2.781164621726104e-06
Iteration counts: [0, 0, 9]

--- Iteration 9 ---
Qprime size   : 68
max |ΔU|      : 1.825e-05
max |ΔU| norm  : 1.107e-04
max |Δn|      : 3.111e-04
max |Δn| norm  : 6.708e-04
max |ΔILDOS|  : 6.531e+01
last Poisson  : 14.160 s
last Quantum  : 0.054 s
2.5697508340693962e-06 -6.288276157827388e-06
Iteration counts: [0, 0, 10]

--- Iteration 10 ---
Qprime size   : 68
max |ΔU|      : 3.767e-05
max |ΔU| norm  : 1.246e-04
max |Δn|      : 1.010e-03
max |Δn| norm  : 1.215e-03
max |ΔILDOS|  : 6.297e+01
last Poisson  : 14.154 s
last Quantum  : 0.053 s
-5.059307775282041e-06 9.105629877920681e-07
Iteration counts: [0, 0, 11]

--- Iteration 11 ---
Qprime size   : 68
max |ΔU|      : 2.847e-05
max |ΔU| norm  : 8.348e-05
max |Δn|      : 8.407e-04
max |Δn| norm  : 1.012e-03
max |ΔILDOS|  : 4.593e+01
last Poisson  : 14.153 s
last Quantum  : 0.053 s
-1.5812891795478366e-06 -8.362551163141123e-07
Iteration counts: [0, 0, 12]

--- Iteration 12 ---
Qprime size   : 68
max |ΔU|      : 8.738e-06
max |ΔU| norm  : 4.265e-05
max |Δn|      : 2.386e-04
max |Δn| norm  : 3.445e-04
max |ΔILDOS|  : 2.318e+01
last Poisson  : 14.151 s
last Quantum  : 0.053 s
1.0426045695509038e-06 -2.113473496492971e-06
Iteration counts: [0, 0, 13]

--- Iteration 13 ---
Qprime size   : 68
max |ΔU|      : 1.858e-05
max |ΔU| norm  : 5.070e-05
max |Δn|      : 4.918e-04
max |Δn| norm  : 5.584e-04
max |ΔILDOS|  : 3.287e+01
last Poisson  : 14.167 s
last Quantum  : 0.054 s
-2.2065051857383587e-06 6.07116792766525e-07
Iteration counts: [0, 0, 14]

--- Iteration 14 ---
Qprime size   : 68
max |ΔU|      : 1.638e-05
max |ΔU| norm  : 3.462e-05
max |Δn|      : 4.945e-04
max |Δn| norm  : 5.601e-04
max |ΔILDOS|  : 2.359e+01
last Poisson  : 14.155 s
last Quantum  : 0.053 s
1.81335759893961e-06 -2.1218595724223152e-06
Iteration counts: [0, 0, 15]

--- Iteration 15 ---
Qprime size   : 68
max |ΔU|      : 1.541e-05
max |ΔU| norm  : 4.422e-05
max |Δn|      : 4.031e-04
max |Δn| norm  : 4.693e-04
max |ΔILDOS|  : 2.734e+01
last Poisson  : 14.156 s
last Quantum  : 0.054 s
-2.1067871450957284e-06 1.0971388416426973e-06
Iteration counts: [0, 0, 16]

--- Iteration 16 ---
Qprime size   : 68
max |ΔU|      : 1.444e-05
max |ΔU| norm  : 3.378e-05
max |Δn|      : 4.258e-04
max |Δn| norm  : 4.975e-04
max |ΔILDOS|  : 2.149e+01
last Poisson  : 14.154 s
last Quantum  : 0.053 s
2.20613365758603e-06 -2.1556383452217386e-06
Iteration counts: [0, 0, 17]

--- Iteration 17 ---
Qprime size   : 68
max |ΔU|      : 1.553e-05
max |ΔU| norm  : 4.929e-05
max |Δn|      : 4.163e-04
max |Δn| norm  : 5.299e-04
max |ΔILDOS|  : 2.640e+01
last Poisson  : 14.158 s
last Quantum  : 0.054 s
-2.233017201435887e-06 1.486731870251163e-06
Iteration counts: [0, 0, 18]

--- Iteration 18 ---
Qprime size   : 68
max |ΔU|      : 1.471e-05
max |ΔU| norm  : 4.040e-05
max |Δn|      : 4.225e-04
max |Δn| norm  : 5.209e-04
max |ΔILDOS|  : 2.280e+01
last Poisson  : 14.153 s
last Quantum  : 0.054 s
1.2486679061586908e-06 -1.0573054523739501e-06
Iteration counts: [0, 0, 19]

--- Iteration 19 ---
Qprime size   : 68
max |ΔU|      : 1.387e-05
max |ΔU| norm  : 2.774e-05
max |Δn|      : 3.825e-04
max |Δn| norm  : 4.227e-04
max |ΔILDOS|  : 2.298e+01
last Poisson  : 14.159 s
last Quantum  : 0.053 s
-1.4240191262801733e-06 8.358559547735194e-07
Iteration counts: [0, 0, 20]

--- Iteration 20 ---
Qprime size   : 68
max |ΔU|      : 1.375e-05
max |ΔU| norm  : 2.470e-05
max |Δn|      : 3.969e-04
max |Δn| norm  : 4.398e-04
max |ΔILDOS|  : 2.127e+01
last Poisson  : 14.160 s
last Quantum  : 0.053 s
1.4344008624059373e-06 -1.11008721957779e-06
Iteration counts: [0, 0, 21]

--- Iteration 21 ---
Qprime size   : 68
max |ΔU|      : 1.516e-05
max |ΔU| norm  : 2.918e-05
max |Δn|      : 4.228e-04
max |Δn| norm  : 4.670e-04
max |ΔILDOS|  : 2.465e+01
last Poisson  : 14.155 s
last Quantum  : 0.054 s
-1.4300938803968865e-06 8.931617583141575e-07
Iteration counts: [0, 0, 22]

--- Iteration 22 ---
Qprime size   : 68
max |ΔU|      : 1.469e-05
max |ΔU| norm  : 2.628e-05
max |Δn|      : 4.204e-04
max |Δn| norm  : 4.654e-04
max |ΔILDOS|  : 2.306e+01
last Poisson  : 14.155 s
last Quantum  : 0.053 s
1.2569077516112368e-06 -9.077099066347371e-07
Iteration counts: [0, 0, 23]

--- Iteration 23 ---
Qprime size   : 68
max |ΔU|      : 1.402e-05
max |ΔU| norm  : 2.602e-05
max |Δn|      : 3.935e-04
max |Δn| norm  : 4.361e-04
max |ΔILDOS|  : 2.262e+01
last Poisson  : 14.158 s
last Quantum  : 0.053 s
-9.646510699343554e-07 4.975330885647e-07
Iteration counts: [0, 0, 24]

--- Iteration 24 ---
Qprime size   : 68
max |ΔU|      : 1.393e-05
max |ΔU| norm  : 2.598e-05
max |Δn|      : 3.999e-04
max |Δn| norm  : 4.602e-04
max |ΔILDOS|  : 2.189e+01
last Poisson  : 14.155 s
last Quantum  : 0.053 s
1.0033258302418386e-06 -5.89548882323992e-07
Iteration counts: [0, 0, 25]

--- Iteration 25 ---
Qprime size   : 68
max |ΔU|      : 1.496e-05
max |ΔU| norm  : 2.874e-05
max |Δn|      : 4.246e-04
max |Δn| norm  : 4.914e-04
max |ΔILDOS|  : 2.386e+01
last Poisson  : 14.169 s
last Quantum  : 0.054 s
-5.922676410398495e-07 1.2696243726666666e-07
Iteration counts: [0, 0, 26]

--- Iteration 26 ---
Qprime size   : 68
max |ΔU|      : 1.463e-05
max |ΔU| norm  : 3.538e-05
max |Δn|      : 4.213e-04
max |Δn| norm  : 5.384e-04
max |ΔILDOS|  : 2.304e+01
last Poisson  : 14.208 s
last Quantum  : 0.054 s
7.182336214810436e-07 -2.91436471894391e-07
Iteration counts: [0, 0, 27]

--- Iteration 27 ---
Qprime size   : 68
max |ΔU|      : 1.442e-05
max |ΔU| norm  : 3.229e-05
max |Δn|      : 4.124e-04
max |Δn| norm  : 5.115e-04
max |ΔILDOS|  : 2.282e+01
last Poisson  : 14.172 s
last Quantum  : 0.054 s
-1.448724508780584e-06 9.901814066028829e-07
Iteration counts: [0, 0, 28]

--- Iteration 28 ---
Qprime size   : 68
max |ΔU|      : 1.459e-05
max |ΔU| norm  : 2.688e-05
max |Δn|      : 4.136e-04
max |Δn| norm  : 4.579e-04
max |ΔILDOS|  : 2.315e+01
last Poisson  : 14.176 s
last Quantum  : 0.054 s
1.276768133909342e-06 -8.752359329089879e-07
Iteration counts: [0, 0, 29]

--- Iteration 29 ---
Qprime size   : 68
max |ΔU|      : 1.404e-05
max |ΔU| norm  : 2.560e-05
max |Δn|      : 3.965e-04
max |Δn| norm  : 4.396e-04
max |ΔILDOS|  : 2.247e+01
last Poisson  : 14.153 s
last Quantum  : 0.054 s
-9.853738647349004e-07 5.537657551009208e-07
Iteration counts: [0, 0, 30]

--- Iteration 30 ---
Qprime size   : 68
max |ΔU|      : 1.403e-05
max |ΔU| norm  : 2.617e-05
max |Δn|      : 4.005e-04
max |Δn| norm  : 4.591e-04
max |ΔILDOS|  : 2.221e+01
last Poisson  : 14.173 s
last Quantum  : 0.054 s
1.0254526966481262e-06 -5.849439449868599e-07
FSC converged / stopped.
✔ Logged phi=0.1200, Vbg=2.3333

=== Running phi=0.1200, Vbg=2.5000 ===
🔄 Full Hamiltonian rebuild (qparams change)
The poisson problem has been initialized.
Iteration counts: [0, 0, 0]

--- Iteration 0 ---
Qprime size   : 52
max |ΔU|      : 7.461e-14
max |ΔU| norm  : 2.074e-12
max |Δn|      : 3.134e-13
max |Δn| norm  : 1.673e-12
0.00036122089850557635 -0.0006211210746561789
Iteration counts: [0, 0, 1]

--- Iteration 1 ---
Qprime size   : 52
max |ΔU|      : 7.202e-04
max |ΔU| norm  : 6.531e-03
max |Δn|      : 4.864e-03
max |Δn| norm  : 1.141e-02
max |ΔILDOS|  : 7.680e+02
last Poisson  : 14.392 s
last Quantum  : 0.047 s
0.00013155246653490346 -0.0003656583656778938
Iteration counts: [0, 0, 2]

--- Iteration 2 ---
Qprime size   : 52
max |ΔU|      : 5.355e-04
max |ΔU| norm  : 4.742e-03
max |Δn|      : 4.488e-03
max |Δn| norm  : 1.374e-02
max |ΔILDOS|  : 6.286e+02
last Poisson  : 14.352 s
last Quantum  : 0.051 s
7.599060422510957e-05 -0.00020197068735462143
Iteration counts: [0, 0, 3]

--- Iteration 3 ---
Qprime size   : 52
max |ΔU|      : 3.708e-04
max |ΔU| norm  : 2.577e-03
max |Δn|      : 2.745e-03
max |Δn| norm  : 7.288e-03
max |ΔILDOS|  : 5.064e+02
last Poisson  : 14.360 s
last Quantum  : 0.052 s
4.1069416585899914e-05 -0.00010705634443890748
Iteration counts: [0, 0, 4]

--- Iteration 4 ---
Qprime size   : 52
max |ΔU|      : 1.776e-04
max |ΔU| norm  : 1.381e-03
max |Δn|      : 1.487e-03
max |Δn| norm  : 4.238e-03
max |ΔILDOS|  : 2.957e+02
last Poisson  : 14.369 s
last Quantum  : 0.052 s
3.5756409412890906e-05 -7.684749649352688e-05
Iteration counts: [0, 0, 5]

--- Iteration 5 ---
Qprime size   : 52
max |ΔU|      : 1.131e-04
max |ΔU| norm  : 9.386e-04
max |Δn|      : 9.452e-04
max |Δn| norm  : 2.816e-03
max |ΔILDOS|  : 2.414e+02
last Poisson  : 14.332 s
last Quantum  : 0.051 s
6.067674854149337e-06 -2.613476547916784e-05
Iteration counts: [0, 0, 6]

--- Iteration 6 ---
Qprime size   : 52
max |ΔU|      : 6.871e-05
max |ΔU| norm  : 3.835e-04
max |Δn|      : 7.199e-04
max |Δn| norm  : 2.013e-03
max |ΔILDOS|  : 1.172e+02
last Poisson  : 14.340 s
last Quantum  : 0.051 s
1.5426158068094503e-05 -2.8983616622609046e-05
Iteration counts: [0, 0, 7]

--- Iteration 7 ---
Qprime size   : 52
max |ΔU|      : 6.521e-05
max |ΔU| norm  : 3.524e-04
max |Δn|      : 8.531e-04
max |Δn| norm  : 1.544e-03
max |ΔILDOS|  : 1.077e+02
last Poisson  : 14.351 s
last Quantum  : 0.051 s
-5.459840010737929e-07 -4.837424478853176e-06
Iteration counts: [0, 0, 8]

--- Iteration 8 ---
Qprime size   : 52
max |ΔU|      : 3.700e-05
max |ΔU| norm  : 1.550e-04
max |Δn|      : 6.147e-04
max |Δn| norm  : 1.268e-03
max |ΔILDOS|  : 3.533e+01
last Poisson  : 14.346 s
last Quantum  : 0.051 s
1.1739875523271047e-05 -1.713316075376984e-05
Iteration counts: [0, 0, 9]

--- Iteration 9 ---
Qprime size   : 52
max |ΔU|      : 3.155e-05
max |ΔU| norm  : 1.979e-04
max |Δn|      : 7.581e-04
max |Δn| norm  : 1.130e-03
max |ΔILDOS|  : 7.889e+01
last Poisson  : 14.344 s
last Quantum  : 0.051 s
2.0800400661228482e-07 -2.2844088094072134e-06
Iteration counts: [0, 0, 10]

--- Iteration 10 ---
Qprime size   : 52
max |ΔU|      : 1.878e-05
max |ΔU| norm  : 7.727e-05
max |Δn|      : 3.134e-04
max |Δn| norm  : 7.819e-04
max |ΔILDOS|  : 2.514e+01
last Poisson  : 14.339 s
last Quantum  : 0.051 s
5.9232265880279044e-06 -9.133108817327963e-06
Iteration counts: [0, 0, 11]

--- Iteration 11 ---
Qprime size   : 52
max |ΔU|      : 2.499e-05
max |ΔU| norm  : 1.107e-04
max |Δn|      : 2.847e-04
max |Δn| norm  : 7.376e-04
max |ΔILDOS|  : 5.529e+01
last Poisson  : 14.344 s
last Quantum  : 0.048 s
-2.485615068833497e-06 2.3891017076594644e-06
Iteration counts: [0, 0, 12]

--- Iteration 12 ---
Qprime size   : 52
max |ΔU|      : 1.976e-05
max |ΔU| norm  : 6.159e-05
max |Δn|      : 3.063e-04
max |Δn| norm  : 7.381e-04
max |ΔILDOS|  : 3.222e+01
last Poisson  : 14.337 s
last Quantum  : 0.055 s
4.518311926898094e-06 -6.5719286287885316e-06
Iteration counts: [0, 0, 13]

--- Iteration 13 ---
Qprime size   : 52
max |ΔU|      : 2.351e-05
max |ΔU| norm  : 8.640e-05
max |Δn|      : 4.599e-04
max |Δn| norm  : 8.354e-04
max |ΔILDOS|  : 5.345e+01
last Poisson  : 14.337 s
last Quantum  : 0.048 s
-3.1729749620052655e-06 3.856517345446756e-06
Iteration counts: [0, 0, 14]

--- Iteration 14 ---
Qprime size   : 52
max |ΔU|      : 2.067e-05
max |ΔU| norm  : 6.396e-05
max |Δn|      : 3.625e-04
max |Δn| norm  : 8.048e-04
max |ΔILDOS|  : 3.812e+01
last Poisson  : 14.346 s
last Quantum  : 0.055 s
3.787155072936722e-06 -5.4564464610815335e-06
Iteration counts: [0, 0, 15]

--- Iteration 15 ---
Qprime size   : 52
max |ΔU|      : 2.225e-05
max |ΔU| norm  : 7.334e-05
max |Δn|      : 3.925e-04
max |Δn| norm  : 7.938e-04
max |ΔILDOS|  : 4.741e+01
last Poisson  : 14.351 s
last Quantum  : 0.054 s
-3.4205731654664783e-06 4.343116286329474e-06
Iteration counts: [0, 0, 16]

--- Iteration 16 ---
Qprime size   : 52
max |ΔU|      : 2.083e-05
max |ΔU| norm  : 6.363e-05
max |Δn|      : 3.607e-04
max |Δn| norm  : 7.654e-04
max |ΔILDOS|  : 4.057e+01
last Poisson  : 14.352 s
last Quantum  : 0.055 s
3.6877974271763135e-06 -5.1386439909012455e-06
Iteration counts: [0, 0, 17]

--- Iteration 17 ---
Qprime size   : 52
max |ΔU|      : 2.167e-05
max |ΔU| norm  : 6.926e-05
max |Δn|      : 3.873e-04
max |Δn| norm  : 7.783e-04
max |ΔILDOS|  : 4.526e+01
last Poisson  : 14.340 s
last Quantum  : 0.047 s
-3.4019684385473055e-06 4.484264164581606e-06
Iteration counts: [0, 0, 18]

--- Iteration 18 ---
Qprime size   : 52
max |ΔU|      : 2.097e-05
max |ΔU| norm  : 6.407e-05
max |Δn|      : 3.728e-04
max |Δn| norm  : 7.766e-04
max |ΔILDOS|  : 4.187e+01
last Poisson  : 14.353 s
last Quantum  : 0.051 s
3.5884580379394393e-06 -4.931085515980909e-06
Iteration counts: [0, 0, 19]

--- Iteration 19 ---
Qprime size   : 52
max |ΔU|      : 2.134e-05
max |ΔU| norm  : 6.728e-05
max |Δn|      : 3.878e-04
max |Δn| norm  : 7.810e-04
max |ΔILDOS|  : 4.431e+01
last Poisson  : 14.348 s
last Quantum  : 0.051 s
-3.4956465643246935e-06 4.61885291887004e-06
Iteration counts: [0, 0, 20]

--- Iteration 20 ---
Qprime size   : 52
max |ΔU|      : 2.099e-05
max |ΔU| norm  : 6.469e-05
max |Δn|      : 3.745e-04
max |Δn| norm  : 7.692e-04
max |ΔILDOS|  : 4.270e+01
last Poisson  : 14.350 s
last Quantum  : 0.052 s
3.5576191055120083e-06 -4.837601242477154e-06
Iteration counts: [0, 0, 21]

--- Iteration 21 ---
Qprime size   : 52
max |ΔU|      : 2.119e-05
max |ΔU| norm  : 6.631e-05
max |Δn|      : 3.818e-04
max |Δn| norm  : 7.740e-04
max |ΔILDOS|  : 4.371e+01
last Poisson  : 14.353 s
last Quantum  : 0.052 s
-3.4613682480929674e-06 4.641002674773753e-06
Iteration counts: [0, 0, 22]

--- Iteration 22 ---
Qprime size   : 52
max |ΔU|      : 2.103e-05
max |ΔU| norm  : 6.486e-05
max |Δn|      : 3.780e-04
max |Δn| norm  : 7.733e-04
max |ΔILDOS|  : 4.295e+01
last Poisson  : 14.342 s
last Quantum  : 0.048 s
3.5293530568048283e-06 -4.781671496224966e-06
Iteration counts: [0, 0, 23]

--- Iteration 23 ---
Qprime size   : 52
max |ΔU|      : 2.112e-05
max |ΔU| norm  : 6.587e-05
max |Δn|      : 3.832e-04
max |Δn| norm  : 7.753e-04
max |ΔILDOS|  : 4.356e+01
last Poisson  : 14.351 s
last Quantum  : 0.048 s
-3.5090086616098597e-06 4.6937392049614815e-06
Iteration counts: [0, 0, 24]

--- Iteration 24 ---
Qprime size   : 52
max |ΔU|      : 2.103e-05
max |ΔU| norm  : 6.516e-05
max |Δn|      : 3.785e-04
max |Δn| norm  : 7.714e-04
max |ΔILDOS|  : 4.318e+01
last Poisson  : 14.348 s
last Quantum  : 0.052 s
3.5212382525845176e-06 -4.753904663652786e-06
Iteration counts: [0, 0, 25]

--- Iteration 25 ---
Qprime size   : 52
max |ΔU|      : 2.108e-05
max |ΔU| norm  : 6.561e-05
max |Δn|      : 3.807e-04
max |Δn| norm  : 7.731e-04
max |ΔILDOS|  : 4.340e+01
last Poisson  : 14.358 s
last Quantum  : 0.052 s
-3.48736205488068e-06 4.693428503086694e-06
Iteration counts: [0, 0, 26]

--- Iteration 26 ---
Qprime size   : 52
max |ΔU|      : 2.105e-05
max |ΔU| norm  : 6.518e-05
max |Δn|      : 3.796e-04
max |Δn| norm  : 7.725e-04
max |ΔILDOS|  : 4.323e+01
last Poisson  : 14.354 s
last Quantum  : 0.053 s
3.511930387715942e-06 -4.738369428212932e-06
Iteration counts: [0, 0, 27]

--- Iteration 27 ---
Qprime size   : 52
max |ΔU|      : 2.107e-05
max |ΔU| norm  : 6.550e-05
max |Δn|      : 3.813e-04
max |Δn| norm  : 7.732e-04
max |ΔILDOS|  : 4.338e+01
last Poisson  : 14.354 s
last Quantum  : 0.052 s
-3.513673266385198e-06 4.718027071601292e-06
Iteration counts: [0, 0, 28]

--- Iteration 28 ---
Qprime size   : 52
max |ΔU|      : 2.105e-05
max |ΔU| norm  : 6.532e-05
max |Δn|      : 3.797e-04
max |Δn| norm  : 7.723e-04
max |ΔILDOS|  : 4.329e+01
last Poisson  : 14.337 s
last Quantum  : 0.052 s
3.5125227785472935e-06 -4.731899701665816e-06
Iteration counts: [0, 0, 29]

--- Iteration 29 ---
Qprime size   : 52
max |ΔU|      : 2.106e-05
max |ΔU| norm  : 6.544e-05
max |Δn|      : 3.804e-04
max |Δn| norm  : 7.729e-04
max |ΔILDOS|  : 4.334e+01
last Poisson  : 14.359 s
last Quantum  : 0.052 s
-3.4970010782368347e-06 4.7105970908016655e-06
Iteration counts: [0, 0, 30]

--- Iteration 30 ---
Qprime size   : 52
max |ΔU|      : 2.105e-05
max |ΔU| norm  : 6.529e-05
max |Δn|      : 3.801e-04
max |Δn| norm  : 7.722e-04
max |ΔILDOS|  : 4.330e+01
last Poisson  : 14.352 s
last Quantum  : 0.052 s
3.50784514024145e-06 -4.726849518400516e-06
FSC converged / stopped.
✔ Logged phi=0.1200, Vbg=2.5000
